ID,SOURCE,SECTION,LINE,CONTEXT,EXCERPT,TYPE,TOPIC,PREVIOUS AUDIT,EVIDENCE BASE,WEB INTELLIGENCE,FOUNDER DECISION,CONFLICT?,FINAL DECISION,EVIDENCE LEVEL,LEGAL STATUS,ACTION,DOCUMENTS TO UPDATE,MATRIX IDS
EB-0003-01,EB,1,3,FARO EVIDENCE BASE — 2026,"**Executive Summary:** Faro adresuje liczne problemy polskiego rynku pracy – od ghostingu przez brak informacji zwrotnej, nieprzejrzyste procesy rekrutacyjne, po nierówności statusowe.",RECOMMENDATION / INTERPRETATION,Symetria odpowiedzialności,Brak globalnej reputacji ludzi,"**Executive Summary:** Faro adresuje liczne problemy polskiego rynku pracy – od ghostingu przez brak informacji zwrotnej, nieprzejrzyste procesy rekrutacyjne, po nierówności statusowe.",Process reliability,§16: odpowiedzialność obu stron,NO — zachowanie/doprecyzowanie,"R016: Takie same prawa korekty i odwołania, różne obowiązki ról",FOUNDER DECISION,GDPR/DSA REVIEW,ACCEPT WITH MODIFICATION,12,R016
EB-0003-02,EB,1,3,FARO EVIDENCE BASE — 2026,"Badania potwierdzają, że obecny system pracy charakteryzuje się powszechnym ghostingiem (według badania Pracuj.pl **78%** pracodawców doświadczyło ghostingu ze strony kandydatów, a **44%** kandydatów przyznaje, że ghostuje rekruterów) oraz poważnym brakiem feedbacku (79% firm nie ma ustalonych zasad dawania informacji zwrotnej).",UNVERIFIED EMPIRICAL CLAIM,Symetria odpowiedzialności; Powód odrzucenia,Brak globalnej reputacji ludzi,"Badania potwierdzają, że obecny system pracy charakteryzuje się powszechnym ghostingiem (według badania Pracuj.pl **78%** pracodawców doświadczyło ghostingu ze strony kandydatów, a **44%** kandydatów przyznaje, że ghostuje rekruterów) oraz poważnym brakiem feedbacku (79% firm nie ma ustalonych zasad dawania informacji zwrotnej).",Process reliability,§16: odpowiedzialność obu stron,NO — zachowanie/doprecyzowanie,"QUARANTINE CLAIM: brak cytowalnej bibliografii/próby/metody; nie używać liczby jako faktu Faro. R016: Takie same prawa korekty i odwołania, różne obowiązki ról R015: ReasonCode oraz requirementId przy porównaniu; brak fikcyjnego braku kompetencji",FOUNDER DECISION,GDPR/DSA REVIEW,TEST FIRST,12,R016;R015
EB-0003-03,EB,1,3,FARO EVIDENCE BASE — 2026,Kandydaci domagają się jawności – np.,RECOMMENDATION / INTERPRETATION,Statystyki rynku EB,Własne wyniki nieistniejące,Kandydaci domagają się jawności – np.,Wiele market claims NOT VERIFIED,§0 dowody wymagane,YES — korekta / ograniczenie / niepotwierdzona teza,"R052: Kwarantanna liczbowych tez do oryginału, próby, daty i metodologii",UNVERIFIED,MARKETING CLAIMS,TEST FIRST,"01,15,21",R052
EB-0003-04,EB,1,3,FARO EVIDENCE BASE — 2026,"**93%** specjalistów oczekuje podania przedziału płac, a **82%** byłoby bardziej skłonnych aplikować, gdyby widełki były ujawnione.",UNVERIFIED EMPIRICAL CLAIM,Statystyki rynku EB,Własne wyniki nieistniejące,"**93%** specjalistów oczekuje podania przedziału płac, a **82%** byłoby bardziej skłonnych aplikować, gdyby widełki były ujawnione.",Wiele market claims NOT VERIFIED,§0 dowody wymagane,YES — korekta / ograniczenie / niepotwierdzona teza,"QUARANTINE CLAIM: brak cytowalnej bibliografii/próby/metody; nie używać liczby jako faktu Faro. R052: Kwarantanna liczbowych tez do oryginału, próby, daty i metodologii",UNVERIFIED,MARKETING CLAIMS,TEST FIRST,"01,15,21",R052
EB-0003-05,EB,1,3,FARO EVIDENCE BASE — 2026,"Z drugiej strony badania naukowe jasno pokazują, że sprawdzone metody rekrutacji (próbki pracy, testy umiejętności, ustrukturyzowane rozmowy) przewyższają klasyczne CV i wykształcenie pod względem predyktywności wyników w pracy.",RECOMMENDATION / INTERPRETATION,CV,Brak wymaganego CV; prywatny import później,"Z drugiej strony badania naukowe jasno pokazują, że sprawdzone metody rekrutacji (próbki pracy, testy umiejętności, ustrukturyzowane rozmowy) przewyższają klasyczne CV i wykształcenie pod względem predyktywności wyników w pracy.",Profil bez CV; miejscami copy „mniej CV”,§2: dokument nigdy do firmy,YES — korekta / ograniczenie / niepotwierdzona teza,R001: ZERO CV w procesie; przyszły import tylko prywatny,FOUNDER DECISION,GDPR REVIEW,ACCEPT WITH MODIFICATION,"03,05,06,07",R001
EB-0003-06,EB,1,3,FARO EVIDENCE BASE — 2026,"Przykładowo, meta-analizy wskazują na korelacje r≈0,50 dla testów praktycznych i ustrukturyzowanych rozmów versus zaledwie r≈0,10–0,18 dla lat doświadczenia i wykształcenia.",UNVERIFIED EMPIRICAL CLAIM,Statystyki rynku EB,Własne wyniki nieistniejące,"Przykładowo, meta-analizy wskazują na korelacje r≈0,50 dla testów praktycznych i ustrukturyzowanych rozmów versus zaledwie r≈0,10–0,18 dla lat doświadczenia i wykształcenia.",Wiele market claims NOT VERIFIED,§0 dowody wymagane,YES — korekta / ograniczenie / niepotwierdzona teza,"QUARANTINE CLAIM: brak cytowalnej bibliografii/próby/metody; nie używać liczby jako faktu Faro. R052: Kwarantanna liczbowych tez do oryginału, próby, daty i metodologii",UNVERIFIED,MARKETING CLAIMS,TEST FIRST,"01,15,21",R052
EB-0003-07,EB,1,3,FARO EVIDENCE BASE — 2026,"Wreszcie, dojazdy do pracy istotnie obniżają zadowolenie z pracy i zwiększają rotację – chińskie dane pokazują, że dłuższy dojazd obniża satysfakcję zawodową, a amerykańskie badanie nauczycieli wykazało, że każde dodatkowe 5 minut dojazdu podnosi prawdopodobieństwo zmiany pracy o ~1 p.p..",RECOMMENDATION / INTERPRETATION,Routing/tariff,Koszty nie gotowe,"Wreszcie, dojazdy do pracy istotnie obniżają zadowolenie z pracy i zwiększają rotację – chińskie dane pokazują, że dłuższy dojazd obniża satysfakcję zawodową, a amerykańskie badanie nauczycieli wykazało, że każde dodatkowe 5 minut dojazdu podnosi prawdopodobieństwo zmiany pracy o ~1 p.p..",Osobne źródła i fallback,§48: warstwy oddzielne,NO — zachowanie/doprecyzowanie,"R048: Nieznana taryfa=null, nie0; transitFare nie zawsze dostępne",PRIMARY DOC S08,LICENSE REVIEW,ACCEPT WITH MODIFICATION,13,R048
EB-0003-08,EB,1,3,FARO EVIDENCE BASE — 2026,"Poniższe podsumowanie systematyzuje, które założenia Faro wspiera istniejąca wiedza, a które wymagają weryfikacji bądź eksperymentów:",RECOMMENDATION / INTERPRETATION,Statystyki rynku EB,Własne wyniki nieistniejące,"Poniższe podsumowanie systematyzuje, które założenia Faro wspiera istniejąca wiedza, a które wymagają weryfikacji bądź eksperymentów:",Wiele market claims NOT VERIFIED,§0 dowody wymagane,YES — korekta / ograniczenie / niepotwierdzona teza,"R052: Kwarantanna liczbowych tez do oryginału, próby, daty i metodologii",UNVERIFIED,MARKETING CLAIMS,TEST FIRST,"01,15,21",R052
EB-0005-01,EB,1,5,FARO EVIDENCE BASE — 2026,1.,RECOMMENDATION / INTERPRETATION,Statystyki rynku EB,Własne wyniki nieistniejące,1.,Wiele market claims NOT VERIFIED,§0 dowody wymagane,YES — korekta / ograniczenie / niepotwierdzona teza,"R052: Kwarantanna liczbowych tez do oryginału, próby, daty i metodologii",UNVERIFIED,MARKETING CLAIMS,TEST FIRST,"01,15,21",R052
EB-0005-02,EB,1,5,FARO EVIDENCE BASE — 2026,"**Najważniejsze wyniki:** Ghosting i brak feedbacku są powszechne (Pracuj.pl: 79% firm bez procedury feedbacku, cz. portali HR: 90% kandydatów doświadcza braku odpowiedzi), kandydaci oczekują transparentności (np. 71% ocenia firmę po doświadczeniu rekrutacyjnym, a około 9 na 10 chce widełek płac).",UNVERIFIED EMPIRICAL CLAIM,Symetria odpowiedzialności; Powód odrzucenia,Brak globalnej reputacji ludzi,"**Najważniejsze wyniki:** Ghosting i brak feedbacku są powszechne (Pracuj.pl: 79% firm bez procedury feedbacku, cz. portali HR: 90% kandydatów doświadcza braku odpowiedzi), kandydaci oczekują transparentności (np. 71% ocenia firmę po doświadczeniu rekrutacyjnym, a około 9 na 10 chce widełek płac).",Process reliability,§16: odpowiedzialność obu stron,NO — zachowanie/doprecyzowanie,"QUARANTINE CLAIM: brak cytowalnej bibliografii/próby/metody; nie używać liczby jako faktu Faro. R016: Takie same prawa korekty i odwołania, różne obowiązki ról R015: ReasonCode oraz requirementId przy porównaniu; brak fikcyjnego braku kompetencji",FOUNDER DECISION,GDPR/DSA REVIEW,TEST FIRST,12,R016;R015
EB-0005-03,EB,1,5,FARO EVIDENCE BASE — 2026,"Tradycyjne CV i wykształcenie słabo przewidują sukces zawodowy (korelacje ~0,10–0,18), natomiast testy praktyczne i ustrukturyzowane rozmowy są znacznie lepsze (r≈0,50).",UNVERIFIED EMPIRICAL CLAIM,CV,Brak wymaganego CV; prywatny import później,"Tradycyjne CV i wykształcenie słabo przewidują sukces zawodowy (korelacje ~0,10–0,18), natomiast testy praktyczne i ustrukturyzowane rozmowy są znacznie lepsze (r≈0,50).",Profil bez CV; miejscami copy „mniej CV”,§2: dokument nigdy do firmy,YES — korekta / ograniczenie / niepotwierdzona teza,QUARANTINE CLAIM: brak cytowalnej bibliografii/próby/metody; nie używać liczby jako faktu Faro. R001: ZERO CV w procesie; przyszły import tylko prywatny,FOUNDER DECISION,GDPR REVIEW,TEST FIRST,"03,05,06,07",R001
EB-0005-04,EB,1,5,FARO EVIDENCE BASE — 2026,"Badania podkreślają, że usunięcie stopnia naukowego *samo w sobie* nie wystarczy – konieczne są dodatkowe praktyki anty-biasowe.",RECOMMENDATION / INTERPRETATION,Statystyki rynku EB,Własne wyniki nieistniejące,"Badania podkreślają, że usunięcie stopnia naukowego *samo w sobie* nie wystarczy – konieczne są dodatkowe praktyki anty-biasowe.",Wiele market claims NOT VERIFIED,§0 dowody wymagane,YES — korekta / ograniczenie / niepotwierdzona teza,"R052: Kwarantanna liczbowych tez do oryginału, próby, daty i metodologii",UNVERIFIED,MARKETING CLAIMS,TEST FIRST,"01,15,21",R052
EB-0005-05,EB,1,5,FARO EVIDENCE BASE — 2026,Uzyskanie szybkiej informacji zwrotnej (nawet odmownej) zwiększa satysfakcję i postrzeganą sprawiedliwość procesu.,RECOMMENDATION / INTERPRETATION,Statystyki rynku EB,Własne wyniki nieistniejące,Uzyskanie szybkiej informacji zwrotnej (nawet odmownej) zwiększa satysfakcję i postrzeganą sprawiedliwość procesu.,Wiele market claims NOT VERIFIED,§0 dowody wymagane,YES — korekta / ograniczenie / niepotwierdzona teza,"R052: Kwarantanna liczbowych tez do oryginału, próby, daty i metodologii",UNVERIFIED,MARKETING CLAIMS,TEST FIRST,"01,15,21",R052
EB-0005-06,EB,1,5,FARO EVIDENCE BASE — 2026,"Dodatkowo, bardzo ważne są realne czynniki oddziałujące na życie: długi dojazd do pracy znacząco obniża zadowolenie i sprzyja rotacji.",RECOMMENDATION / INTERPRETATION,Routing/tariff,Koszty nie gotowe,"Dodatkowo, bardzo ważne są realne czynniki oddziałujące na życie: długi dojazd do pracy znacząco obniża zadowolenie i sprzyja rotacji.",Osobne źródła i fallback,§48: warstwy oddzielne,NO — zachowanie/doprecyzowanie,"R048: Nieznana taryfa=null, nie0; transitFare nie zawsze dostępne",PRIMARY DOC S08,LICENSE REVIEW,ACCEPT WITH MODIFICATION,13,R048
EB-0007-01,EB,1,7,FARO EVIDENCE BASE — 2026,2.,RECOMMENDATION / INTERPRETATION,Statystyki rynku EB,Własne wyniki nieistniejące,2.,Wiele market claims NOT VERIFIED,§0 dowody wymagane,YES — korekta / ograniczenie / niepotwierdzona teza,"R052: Kwarantanna liczbowych tez do oryginału, próby, daty i metodologii",UNVERIFIED,MARKETING CLAIMS,TEST FIRST,"01,15,21",R052
EB-0007-02,EB,1,7,FARO EVIDENCE BASE — 2026,**Co badania potwierdzają:** Liczne dane potwierdzają nieefektywność obecnego systemu rekrutacji.,RECOMMENDATION / INTERPRETATION,Statystyki rynku EB,Własne wyniki nieistniejące,**Co badania potwierdzają:** Liczne dane potwierdzają nieefektywność obecnego systemu rekrutacji.,Wiele market claims NOT VERIFIED,§0 dowody wymagane,YES — korekta / ograniczenie / niepotwierdzona teza,"R052: Kwarantanna liczbowych tez do oryginału, próby, daty i metodologii",UNVERIFIED,MARKETING CLAIMS,TEST FIRST,"01,15,21",R052
EB-0007-03,EB,1,7,FARO EVIDENCE BASE — 2026,"Na poziomie produktu – przenoszenie uwagi z papierowego CV na zestawy umiejętności (skills-first) wydaje się uzasadnione, bo metaanalizy wykazują niską wartość informacyjną CV/wykształcenia, a testy kompetencji i próbki pracy mają wysoką trafność prognostyczną.",RECOMMENDATION / INTERPRETATION,CV; Assessment Center,Brak wymaganego CV; prywatny import później,"Na poziomie produktu – przenoszenie uwagi z papierowego CV na zestawy umiejętności (skills-first) wydaje się uzasadnione, bo metaanalizy wykazują niską wartość informacyjną CV/wykształcenia, a testy kompetencji i próbki pracy mają wysoką trafność prognostyczną.",Profil bez CV; miejscami copy „mniej CV”,§2: dokument nigdy do firmy,YES — korekta / ograniczenie / niepotwierdzona teza,R001: ZERO CV w procesie; przyszły import tylko prywatny R026: Timer serwerowy od jawnego Start; deadline niezależny,FOUNDER DECISION,GDPR REVIEW,ACCEPT WITH MODIFICATION,"03,05,06,07",R001;R026
EB-0007-04,EB,1,7,FARO EVIDENCE BASE — 2026,"Badania potwierdzają też, że anonimowość (np. ukrycie imienia, zdjęcia) może redukować niektóre uprzedzenia – klasyczny eksperyment pokazuje, że rekruterzy dwukrotnie częściej zapraszają kandydatów o białych nazwiskach niż o czarnoskórych.",UNVERIFIED EMPIRICAL CLAIM,Anonimizacja usuwa bias,Nie gwarantowana,"Badania potwierdzają też, że anonimowość (np. ukrycie imienia, zdjęcia) może redukować niektóre uprzedzenia – klasyczny eksperyment pokazuje, że rekruterzy dwukrotnie częściej zapraszają kandydatów o białych nazwiskach niż o czarnoskórych.",Częściowa anonimowość,"§3,4 zamknięte",YES — korekta / ograniczenie / niepotwierdzona teza,"QUARANTINE CLAIM: brak cytowalnej bibliografii/próby/metody; nie używać liczby jako faktu Faro. R051: Imię i dowody nadal mogą być proxy; monitorować, nie przywracać danych po cichu",S11 experiment; generalizacja LIMITED,FAIRNESS REVIEW,TEST FIRST,"05,21",R051
EB-0007-05,EB,1,7,FARO EVIDENCE BASE — 2026,"Jednocześnie ok. 71–93% kandydatów wymaga transparentnego procesu i informacji o warunkach, co potwierdza słuszność funkcji Faro opierających się na jawności (płaca, etapy, czasówka).",UNVERIFIED EMPIRICAL CLAIM,Statystyki rynku EB,Własne wyniki nieistniejące,"Jednocześnie ok. 71–93% kandydatów wymaga transparentnego procesu i informacji o warunkach, co potwierdza słuszność funkcji Faro opierających się na jawności (płaca, etapy, czasówka).",Wiele market claims NOT VERIFIED,§0 dowody wymagane,YES — korekta / ograniczenie / niepotwierdzona teza,"QUARANTINE CLAIM: brak cytowalnej bibliografii/próby/metody; nie używać liczby jako faktu Faro. R052: Kwarantanna liczbowych tez do oryginału, próby, daty i metodologii",UNVERIFIED,MARKETING CLAIMS,TEST FIRST,"01,15,21",R052
EB-0007-06,EB,1,7,FARO EVIDENCE BASE — 2026,"W kwestii dopasowania – strukturalne podejście daje dobre efekty: BCG wykazało, że zatrudnianie wg umiejętności (“STARs” – 70 mln Amerykanów bez dyplomów, ale kompetentnych) prowadzi do podobnej lub lepszej retencji i wydajności pracowników.",RECOMMENDATION / INTERPRETATION,Statystyki rynku EB,Własne wyniki nieistniejące,"W kwestii dopasowania – strukturalne podejście daje dobre efekty: BCG wykazało, że zatrudnianie wg umiejętności (“STARs” – 70 mln Amerykanów bez dyplomów, ale kompetentnych) prowadzi do podobnej lub lepszej retencji i wydajności pracowników.",Wiele market claims NOT VERIFIED,§0 dowody wymagane,YES — korekta / ograniczenie / niepotwierdzona teza,"R052: Kwarantanna liczbowych tez do oryginału, próby, daty i metodologii",UNVERIFIED,MARKETING CLAIMS,TEST FIRST,"01,15,21",R052
EB-0009-01,EB,1,9,FARO EVIDENCE BASE — 2026,3.,RECOMMENDATION / INTERPRETATION,Statystyki rynku EB,Własne wyniki nieistniejące,3.,Wiele market claims NOT VERIFIED,§0 dowody wymagane,YES — korekta / ograniczenie / niepotwierdzona teza,"R052: Kwarantanna liczbowych tez do oryginału, próby, daty i metodologii",UNVERIFIED,MARKETING CLAIMS,TEST FIRST,"01,15,21",R052
EB-0009-02,EB,1,9,FARO EVIDENCE BASE — 2026,**Co badania podważają:** Nie wszystkie przesłanki Faro są bezsprzeczne.,RECOMMENDATION / INTERPRETATION,Statystyki rynku EB,Własne wyniki nieistniejące,**Co badania podważają:** Nie wszystkie przesłanki Faro są bezsprzeczne.,Wiele market claims NOT VERIFIED,§0 dowody wymagane,YES — korekta / ograniczenie / niepotwierdzona teza,"R052: Kwarantanna liczbowych tez do oryginału, próby, daty i metodologii",UNVERIFIED,MARKETING CLAIMS,TEST FIRST,"01,15,21",R052
EB-0009-03,EB,1,9,FARO EVIDENCE BASE — 2026,"Usunięcie danych identyfikacyjnych nie likwiduje wszystkich uprzedzeń – badanie pokazuje, że koncealowanie wieku nie zmniejsza uprzedzeń wiekowych, a nawet może je pogłębić (kandydaci starsi oceniani gorzej, gdy nie widać ich daty urodzenia).",RECOMMENDATION / INTERPRETATION,Anonimizacja usuwa bias,Nie gwarantowana,"Usunięcie danych identyfikacyjnych nie likwiduje wszystkich uprzedzeń – badanie pokazuje, że koncealowanie wieku nie zmniejsza uprzedzeń wiekowych, a nawet może je pogłębić (kandydaci starsi oceniani gorzej, gdy nie widać ich daty urodzenia).",Częściowa anonimowość,"§3,4 zamknięte",YES — korekta / ograniczenie / niepotwierdzona teza,"R051: Imię i dowody nadal mogą być proxy; monitorować, nie przywracać danych po cichu",S11 experiment; generalizacja LIMITED,FAIRNESS REVIEW,TEST FIRST,"05,21",R051
EB-0009-04,EB,1,9,FARO EVIDENCE BASE — 2026,"Ogólne usunięcie prestiżowych sygnałów (stopni, nazw firm) może jedynie przesunąć hierarchię na nowe oznaki statusowe (certyfikaty, wyniki testów).",RECOMMENDATION / INTERPRETATION,Historia stanowisk i firm,Historia jako opcjonalny kontekst,"Ogólne usunięcie prestiżowych sygnałów (stopni, nazw firm) może jedynie przesunąć hierarchię na nowe oznaki statusowe (certyfikaty, wyniki testów).",Evidence graph; copy „potem etykiety”,§4: nie pokazujemy tytułów i firm,YES — korekta / ograniczenie / niepotwierdzona teza,R003: Zakaz także w późniejszych projekcjach; zadania i praktyka zamiast etykiet,FOUNDER DECISION,GDPR REVIEW,ACCEPT WITH MODIFICATION,"03,05,08",R003
EB-0009-05,EB,1,9,FARO EVIDENCE BASE — 2026,"Raport OECD przestrzega, że rezygnacja z wymogu dyplomu *sama w sobie* nie rozwiąże problemów – potrzebne są dodatkowe mechanizmy minimalizujące uprzedzenia i wspierające kandydatów.",RECOMMENDATION / INTERPRETATION,Statystyki rynku EB,Własne wyniki nieistniejące,"Raport OECD przestrzega, że rezygnacja z wymogu dyplomu *sama w sobie* nie rozwiąże problemów – potrzebne są dodatkowe mechanizmy minimalizujące uprzedzenia i wspierające kandydatów.",Wiele market claims NOT VERIFIED,§0 dowody wymagane,YES — korekta / ograniczenie / niepotwierdzona teza,"R052: Kwarantanna liczbowych tez do oryginału, próby, daty i metodologii",UNVERIFIED,MARKETING CLAIMS,TEST FIRST,"01,15,21",R052
EB-0009-06,EB,1,9,FARO EVIDENCE BASE — 2026,"Ponadto automatyzacja oceny (AI scoring, ranking) niesie ryzyko nowych błędów i biasów – choć mają one na celu obiektywizację, mogą utrwalać istniejące nierówności, o czym literatura o AI przypomina (brak wyników w bazach zobrazuje w praktyce trudność w walidacji i wyjaśnialności).",RECOMMENDATION / INTERPRETATION,Ranking wyników rekrutacji,Ostrożność wobec % ludzi,"Ponadto automatyzacja oceny (AI scoring, ranking) niesie ryzyko nowych błędów i biasów – choć mają one na celu obiektywizację, mogą utrwalać istniejące nierówności, o czym literatura o AI przypomina (brak wyników w bazach zobrazuje w praktyce trudność w walidacji i wyjaśnialności).",Ranking/AI ryzyko,§30: ranking wyników dozwolony,YES — korekta / ograniczenie / niepotwierdzona teza,R030: Tylko porównywalne wersje i rubryki jednej rekrutacji; człowiek decyduje,FOUNDER DECISION; EVIDENCE CONFLICT,AI/GDPR GATE,ACCEPT WITH MODIFICATION,"10,17",R030
EB-0009-07,EB,1,9,FARO EVIDENCE BASE — 2026,Wnioski te sugerują ostrożne podejście do planów typu „ranking 83%” – nie ma automatycznych wskaźników zastępujących fachową ocenę kandydatów.,UNVERIFIED EMPIRICAL CLAIM,Ranking wyników rekrutacji,Ostrożność wobec % ludzi,Wnioski te sugerują ostrożne podejście do planów typu „ranking 83%” – nie ma automatycznych wskaźników zastępujących fachową ocenę kandydatów.,Ranking/AI ryzyko,§30: ranking wyników dozwolony,YES — korekta / ograniczenie / niepotwierdzona teza,QUARANTINE CLAIM: brak cytowalnej bibliografii/próby/metody; nie używać liczby jako faktu Faro. R030: Tylko porównywalne wersje i rubryki jednej rekrutacji; człowiek decyduje,FOUNDER DECISION; EVIDENCE CONFLICT,AI/GDPR GATE,TEST FIRST,"10,17",R030
EB-0011-01,EB,1,11,FARO EVIDENCE BASE — 2026,4.,RECOMMENDATION / INTERPRETATION,Statystyki rynku EB,Własne wyniki nieistniejące,4.,Wiele market claims NOT VERIFIED,§0 dowody wymagane,YES — korekta / ograniczenie / niepotwierdzona teza,"R052: Kwarantanna liczbowych tez do oryginału, próby, daty i metodologii",UNVERIFIED,MARKETING CLAIMS,TEST FIRST,"01,15,21",R052
EB-0011-02,EB,1,11,FARO EVIDENCE BASE — 2026,"**Największe niewiadome:** Wciąż brak pewności, jak bardzo rzeczywiście modele „skills-first” wpłyną na dostęp do pracy dla osób z nietypowym doświadczeniem.",RECOMMENDATION / INTERPRETATION,Statystyki rynku EB,Własne wyniki nieistniejące,"**Największe niewiadome:** Wciąż brak pewności, jak bardzo rzeczywiście modele „skills-first” wpłyną na dostęp do pracy dla osób z nietypowym doświadczeniem.",Wiele market claims NOT VERIFIED,§0 dowody wymagane,YES — korekta / ograniczenie / niepotwierdzona teza,"R052: Kwarantanna liczbowych tez do oryginału, próby, daty i metodologii",UNVERIFIED,MARKETING CLAIMS,TEST FIRST,"01,15,21",R052
EB-0011-03,EB,1,11,FARO EVIDENCE BASE — 2026,"Niewiadomo, jak pracodawcy przyjmą profile kompetencji bez klasycznych sygnałów – czy faktycznie będą z nich korzystać, czy raczej powrócą do tradycyjnych wskaźników.",RECOMMENDATION / INTERPRETATION,Statystyki rynku EB,Własne wyniki nieistniejące,"Niewiadomo, jak pracodawcy przyjmą profile kompetencji bez klasycznych sygnałów – czy faktycznie będą z nich korzystać, czy raczej powrócą do tradycyjnych wskaźników.",Wiele market claims NOT VERIFIED,§0 dowody wymagane,YES — korekta / ograniczenie / niepotwierdzona teza,"R052: Kwarantanna liczbowych tez do oryginału, próby, daty i metodologii",UNVERIFIED,MARKETING CLAIMS,TEST FIRST,"01,15,21",R052
EB-0011-04,EB,1,11,FARO EVIDENCE BASE — 2026,"Dużą niewiadomą jest też efekt *reakcji ubocznych* – np. czy certyfikaty Faro nie staną się nowym sposobem kredytowania stażu (nowe credentialism), lub czy ranking kandydatów nie zamieni się w nieświadomą selekcję dyskryminacyjną.",RECOMMENDATION / INTERPRETATION,Ranking wyników rekrutacji,Ostrożność wobec % ludzi,"Dużą niewiadomą jest też efekt *reakcji ubocznych* – np. czy certyfikaty Faro nie staną się nowym sposobem kredytowania stażu (nowe credentialism), lub czy ranking kandydatów nie zamieni się w nieświadomą selekcję dyskryminacyjną.",Ranking/AI ryzyko,§30: ranking wyników dozwolony,YES — korekta / ograniczenie / niepotwierdzona teza,R030: Tylko porównywalne wersje i rubryki jednej rekrutacji; człowiek decyduje,FOUNDER DECISION; EVIDENCE CONFLICT,AI/GDPR GATE,ACCEPT WITH MODIFICATION,"10,17",R030
EB-0011-05,EB,1,11,FARO EVIDENCE BASE — 2026,Techniczne rozwiązania (AI do ocen czy weryfikacji firm) wymagają testów realnej sprawności.,RECOMMENDATION / INTERPRETATION,Statystyki rynku EB,Własne wyniki nieistniejące,Techniczne rozwiązania (AI do ocen czy weryfikacji firm) wymagają testów realnej sprawności.,Wiele market claims NOT VERIFIED,§0 dowody wymagane,YES — korekta / ograniczenie / niepotwierdzona teza,"R052: Kwarantanna liczbowych tez do oryginału, próby, daty i metodologii",UNVERIFIED,MARKETING CLAIMS,TEST FIRST,"01,15,21",R052
EB-0011-06,EB,1,11,FARO EVIDENCE BASE — 2026,"Wreszcie, choć badania potwierdzają, że jawna komunikacja (terminy, etapy, wynagrodzenie) poprawia postrzeganą sprawiedliwość i efektywność poszukiwania pracy, nie wiemy, na ile firmy zgodziłyby się na taką transparentność i jakie mogłoby to mieć skutki dla popytu na ofertę.",RECOMMENDATION / INTERPRETATION,Statystyki rynku EB,Własne wyniki nieistniejące,"Wreszcie, choć badania potwierdzają, że jawna komunikacja (terminy, etapy, wynagrodzenie) poprawia postrzeganą sprawiedliwość i efektywność poszukiwania pracy, nie wiemy, na ile firmy zgodziłyby się na taką transparentność i jakie mogłoby to mieć skutki dla popytu na ofertę.",Wiele market claims NOT VERIFIED,§0 dowody wymagane,YES — korekta / ograniczenie / niepotwierdzona teza,"R052: Kwarantanna liczbowych tez do oryginału, próby, daty i metodologii",UNVERIFIED,MARKETING CLAIMS,TEST FIRST,"01,15,21",R052
EB-0011-07,EB,1,11,FARO EVIDENCE BASE — 2026,"Najwięcej niewiadomych wymaga zbadania (przez pilotaże i eksperymenty A/B) wdrożenie takich rozwiązań, zanim staną się standardem.",RECOMMENDATION / INTERPRETATION,Statystyki rynku EB,Własne wyniki nieistniejące,"Najwięcej niewiadomych wymaga zbadania (przez pilotaże i eksperymenty A/B) wdrożenie takich rozwiązań, zanim staną się standardem.",Wiele market claims NOT VERIFIED,§0 dowody wymagane,YES — korekta / ograniczenie / niepotwierdzona teza,"R052: Kwarantanna liczbowych tez do oryginału, próby, daty i metodologii",UNVERIFIED,MARKETING CLAIMS,TEST FIRST,"01,15,21",R052
EB-0014-01,EB,5,14,FARO EVIDENCE BASE — 2026 / 5. Problemy rynku pracy w Polsce,**Ghosting i brak feedbacku:** Obserwacje rynkowe wskazują na alarmująco wysoki poziom ghostingu.,RECOMMENDATION / INTERPRETATION,Symetria odpowiedzialności; Powód odrzucenia,Brak globalnej reputacji ludzi,**Ghosting i brak feedbacku:** Obserwacje rynkowe wskazują na alarmująco wysoki poziom ghostingu.,Process reliability,§16: odpowiedzialność obu stron,NO — zachowanie/doprecyzowanie,"R016: Takie same prawa korekty i odwołania, różne obowiązki ról R015: ReasonCode oraz requirementId przy porównaniu; brak fikcyjnego braku kompetencji",FOUNDER DECISION,GDPR/DSA REVIEW,ACCEPT WITH MODIFICATION,12,R016;R015
EB-0014-02,EB,5,14,FARO EVIDENCE BASE — 2026 / 5. Problemy rynku pracy w Polsce,"Według badania Pracuj.pl aż **78%** pracodawców doświadczyło ghostingu ze strony kandydatów, a **44%** kandydatów przyznało, że sami „ghostują” firmy (przerywają proces bez słowa).",UNVERIFIED EMPIRICAL CLAIM,Symetria odpowiedzialności,Brak globalnej reputacji ludzi,"Według badania Pracuj.pl aż **78%** pracodawców doświadczyło ghostingu ze strony kandydatów, a **44%** kandydatów przyznało, że sami „ghostują” firmy (przerywają proces bez słowa).",Process reliability,§16: odpowiedzialność obu stron,NO — zachowanie/doprecyzowanie,"QUARANTINE CLAIM: brak cytowalnej bibliografii/próby/metody; nie używać liczby jako faktu Faro. R016: Takie same prawa korekty i odwołania, różne obowiązki ról",FOUNDER DECISION,GDPR/DSA REVIEW,TEST FIRST,12,R016
EB-0014-03,EB,5,14,FARO EVIDENCE BASE — 2026 / 5. Problemy rynku pracy w Polsce,Ponadto **79%** firm nie ma żadnych ustalonych zasad udzielania informacji zwrotnej.,UNVERIFIED EMPIRICAL CLAIM,Statystyki rynku EB,Własne wyniki nieistniejące,Ponadto **79%** firm nie ma żadnych ustalonych zasad udzielania informacji zwrotnej.,Wiele market claims NOT VERIFIED,§0 dowody wymagane,YES — korekta / ograniczenie / niepotwierdzona teza,"QUARANTINE CLAIM: brak cytowalnej bibliografii/próby/metody; nie używać liczby jako faktu Faro. R052: Kwarantanna liczbowych tez do oryginału, próby, daty i metodologii",UNVERIFIED,MARKETING CLAIMS,TEST FIRST,"01,15,21",R052
EB-0014-04,EB,5,14,FARO EVIDENCE BASE — 2026 / 5. Problemy rynku pracy w Polsce,Np.,RECOMMENDATION / INTERPRETATION,Statystyki rynku EB,Własne wyniki nieistniejące,Np.,Wiele market claims NOT VERIFIED,§0 dowody wymagane,YES — korekta / ograniczenie / niepotwierdzona teza,"R052: Kwarantanna liczbowych tez do oryginału, próby, daty i metodologii",UNVERIFIED,MARKETING CLAIMS,TEST FIRST,"01,15,21",R052
EB-0014-05,EB,5,14,FARO EVIDENCE BASE — 2026 / 5. Problemy rynku pracy w Polsce,"Raport eRecruiter potwierdza, że ponad 90% kandydatów doświadcza brak kontaktu zwrotnego, co silnie zniechęca i obniża satysfakcję.",UNVERIFIED EMPIRICAL CLAIM,Statystyki rynku EB,Własne wyniki nieistniejące,"Raport eRecruiter potwierdza, że ponad 90% kandydatów doświadcza brak kontaktu zwrotnego, co silnie zniechęca i obniża satysfakcję.",Wiele market claims NOT VERIFIED,§0 dowody wymagane,YES — korekta / ograniczenie / niepotwierdzona teza,"QUARANTINE CLAIM: brak cytowalnej bibliografii/próby/metody; nie używać liczby jako faktu Faro. R052: Kwarantanna liczbowych tez do oryginału, próby, daty i metodologii",UNVERIFIED,MARKETING CLAIMS,TEST FIRST,"01,15,21",R052
EB-0014-06,EB,5,14,FARO EVIDENCE BASE — 2026 / 5. Problemy rynku pracy w Polsce,"Ghosting działa w obie strony: 62% rekruterów spotkało się z brakiem odpowiedzi ze strony kandydatów, a brak informacji zwrotnej silnie obniża ocenę pracodawcy (71% kandydatów ocenia firmę przez pryzmat procesu rekrutacyjnego).",UNVERIFIED EMPIRICAL CLAIM,Symetria odpowiedzialności,Brak globalnej reputacji ludzi,"Ghosting działa w obie strony: 62% rekruterów spotkało się z brakiem odpowiedzi ze strony kandydatów, a brak informacji zwrotnej silnie obniża ocenę pracodawcy (71% kandydatów ocenia firmę przez pryzmat procesu rekrutacyjnego).",Process reliability,§16: odpowiedzialność obu stron,NO — zachowanie/doprecyzowanie,"QUARANTINE CLAIM: brak cytowalnej bibliografii/próby/metody; nie używać liczby jako faktu Faro. R016: Takie same prawa korekty i odwołania, różne obowiązki ról",FOUNDER DECISION,GDPR/DSA REVIEW,TEST FIRST,12,R016
EB-0014-07,EB,5,14,FARO EVIDENCE BASE — 2026 / 5. Problemy rynku pracy w Polsce,"Widać więc, że obowiązek uzasadniania decyzji i szybka komunikacja mogą znacznie poprawić doświadczenie strony aplikującej.",RECOMMENDATION / INTERPRETATION,Statystyki rynku EB,Własne wyniki nieistniejące,"Widać więc, że obowiązek uzasadniania decyzji i szybka komunikacja mogą znacznie poprawić doświadczenie strony aplikującej.",Wiele market claims NOT VERIFIED,§0 dowody wymagane,YES — korekta / ograniczenie / niepotwierdzona teza,"R052: Kwarantanna liczbowych tez do oryginału, próby, daty i metodologii",UNVERIFIED,MARKETING CLAIMS,TEST FIRST,"01,15,21",R052
EB-0016-01,EB,5,16,FARO EVIDENCE BASE — 2026 / 5. Problemy rynku pracy w Polsce,"**Długość i nieprzejrzystość procesów:** Według raportu eRecruiter decydujący etap (od aplikacji do oferty) zajmuje średnio **22 dni**, a kompletne zatrudnienie ponad 35 dni.",RECOMMENDATION / INTERPRETATION,Statystyki rynku EB,Własne wyniki nieistniejące,"**Długość i nieprzejrzystość procesów:** Według raportu eRecruiter decydujący etap (od aplikacji do oferty) zajmuje średnio **22 dni**, a kompletne zatrudnienie ponad 35 dni.",Wiele market claims NOT VERIFIED,§0 dowody wymagane,YES — korekta / ograniczenie / niepotwierdzona teza,"R052: Kwarantanna liczbowych tez do oryginału, próby, daty i metodologii",UNVERIFIED,MARKETING CLAIMS,TEST FIRST,"01,15,21",R052
EB-0016-02,EB,5,16,FARO EVIDENCE BASE — 2026 / 5. Problemy rynku pracy w Polsce,Co czwarta aplikacja pozostaje w ogóle nieprzejrzana.,RECOMMENDATION / INTERPRETATION,Statystyki rynku EB,Własne wyniki nieistniejące,Co czwarta aplikacja pozostaje w ogóle nieprzejrzana.,Wiele market claims NOT VERIFIED,§0 dowody wymagane,YES — korekta / ograniczenie / niepotwierdzona teza,"R052: Kwarantanna liczbowych tez do oryginału, próby, daty i metodologii",UNVERIFIED,MARKETING CLAIMS,TEST FIRST,"01,15,21",R052
EB-0016-03,EB,5,16,FARO EVIDENCE BASE — 2026 / 5. Problemy rynku pracy w Polsce,"Brak transparentności i przeciąganie procesów to częsty zarzut kandydatów; są oni skłonni do rezygnacji, jeśli firma nie odpowie w terminie (korelacje z postrzeganą sprawiedliwością procesów).",RECOMMENDATION / INTERPRETATION,Statystyki rynku EB,Własne wyniki nieistniejące,"Brak transparentności i przeciąganie procesów to częsty zarzut kandydatów; są oni skłonni do rezygnacji, jeśli firma nie odpowie w terminie (korelacje z postrzeganą sprawiedliwością procesów).",Wiele market claims NOT VERIFIED,§0 dowody wymagane,YES — korekta / ograniczenie / niepotwierdzona teza,"R052: Kwarantanna liczbowych tez do oryginału, próby, daty i metodologii",UNVERIFIED,MARKETING CLAIMS,TEST FIRST,"01,15,21",R052
EB-0016-04,EB,5,16,FARO EVIDENCE BASE — 2026 / 5. Problemy rynku pracy w Polsce,"Wiele ofert na rynku bywa niekompletnych: ~93% specjalistów i 86% pracowników fizycznych w Polsce uważa, że ogłoszenia powinny zawierać widełki płac, a 70% oczekuje rzetelnego opisu warunków pracy.",UNVERIFIED EMPIRICAL CLAIM,Symetria odpowiedzialności,Brak globalnej reputacji ludzi,"Wiele ofert na rynku bywa niekompletnych: ~93% specjalistów i 86% pracowników fizycznych w Polsce uważa, że ogłoszenia powinny zawierać widełki płac, a 70% oczekuje rzetelnego opisu warunków pracy.",Process reliability,§16: odpowiedzialność obu stron,NO — zachowanie/doprecyzowanie,"QUARANTINE CLAIM: brak cytowalnej bibliografii/próby/metody; nie używać liczby jako faktu Faro. R016: Takie same prawa korekty i odwołania, różne obowiązki ról",FOUNDER DECISION,GDPR/DSA REVIEW,TEST FIRST,12,R016
EB-0016-05,EB,5,16,FARO EVIDENCE BASE — 2026 / 5. Problemy rynku pracy w Polsce,"Brak tych danych obniża liczbę dobrych kandydatów – SHRM dowodzi, że 74% Amerykanów straci zainteresowanie ofertą bez podanego wynagrodzenia, a **73%** uzna organizację za mniej godną zaufania, jeśli nie ujawni widełek.",UNVERIFIED EMPIRICAL CLAIM,Statystyki rynku EB,Własne wyniki nieistniejące,"Brak tych danych obniża liczbę dobrych kandydatów – SHRM dowodzi, że 74% Amerykanów straci zainteresowanie ofertą bez podanego wynagrodzenia, a **73%** uzna organizację za mniej godną zaufania, jeśli nie ujawni widełek.",Wiele market claims NOT VERIFIED,§0 dowody wymagane,YES — korekta / ograniczenie / niepotwierdzona teza,"QUARANTINE CLAIM: brak cytowalnej bibliografii/próby/metody; nie używać liczby jako faktu Faro. R052: Kwarantanna liczbowych tez do oryginału, próby, daty i metodologii",UNVERIFIED,MARKETING CLAIMS,TEST FIRST,"01,15,21",R052
EB-0018-01,EB,5,18,FARO EVIDENCE BASE — 2026 / 5. Problemy rynku pracy w Polsce,**Niejawne wymagania i dyskryminacja:** Obecne praktyki rekrutacyjne w Polsce odwołują się do licznych niejawnych kryteriów (np. prestige bias uczelni i pracodawców).,RECOMMENDATION / INTERPRETATION,Historia stanowisk i firm,Historia jako opcjonalny kontekst,**Niejawne wymagania i dyskryminacja:** Obecne praktyki rekrutacyjne w Polsce odwołują się do licznych niejawnych kryteriów (np. prestige bias uczelni i pracodawców).,Evidence graph; copy „potem etykiety”,§4: nie pokazujemy tytułów i firm,YES — korekta / ograniczenie / niepotwierdzona teza,R003: Zakaz także w późniejszych projekcjach; zadania i praktyka zamiast etykiet,FOUNDER DECISION,GDPR REVIEW,ACCEPT WITH MODIFICATION,"03,05,08",R003
EB-0018-02,EB,5,18,FARO EVIDENCE BASE — 2026 / 5. Problemy rynku pracy w Polsce,"Badania socjologiczne zwracają uwagę na utrzymywanie się dysonansów: np. młodsi kandydaci (<30 lat) zapraszani są na rozmowy **dwa razy częściej** niż osoby 50+, co potwierdza zjawisko ageizmu.",RECOMMENDATION / INTERPRETATION,Statystyki rynku EB,Własne wyniki nieistniejące,"Badania socjologiczne zwracają uwagę na utrzymywanie się dysonansów: np. młodsi kandydaci (<30 lat) zapraszani są na rozmowy **dwa razy częściej** niż osoby 50+, co potwierdza zjawisko ageizmu.",Wiele market claims NOT VERIFIED,§0 dowody wymagane,YES — korekta / ograniczenie / niepotwierdzona teza,"R052: Kwarantanna liczbowych tez do oryginału, próby, daty i metodologii",UNVERIFIED,MARKETING CLAIMS,TEST FIRST,"01,15,21",R052
EB-0018-03,EB,5,18,FARO EVIDENCE BASE — 2026 / 5. Problemy rynku pracy w Polsce,"Z kolei prestiż uniwersytetu czy firmy często nie ma związku z wydajnością pracownika, a mimo to działa jako sygnał selekcyjny.",RECOMMENDATION / INTERPRETATION,Historia stanowisk i firm,Historia jako opcjonalny kontekst,"Z kolei prestiż uniwersytetu czy firmy często nie ma związku z wydajnością pracownika, a mimo to działa jako sygnał selekcyjny.",Evidence graph; copy „potem etykiety”,§4: nie pokazujemy tytułów i firm,YES — korekta / ograniczenie / niepotwierdzona teza,R003: Zakaz także w późniejszych projekcjach; zadania i praktyka zamiast etykiet,FOUNDER DECISION,GDPR REVIEW,ACCEPT WITH MODIFICATION,"03,05,08",R003
EB-0018-04,EB,5,18,FARO EVIDENCE BASE — 2026 / 5. Problemy rynku pracy w Polsce,"W efekcie osoby zmieniające branże, bez doświadczenia, długich przerw w zatrudnieniu czy nieliniowej ścieżki zawodowej bywają dyskryminowane.",RECOMMENDATION / INTERPRETATION,Początkujący,Wąski pierwszy segment,"W efekcie osoby zmieniające branże, bez doświadczenia, długich przerw w zatrudnieniu czy nieliniowej ścieżki zawodowej bywają dyskryminowane.",Pierwsza praca i career switch,"§8,41: inkluzywne grupy",YES — korekta / ograniczenie / niepotwierdzona teza,R008: Brak doświadczenia nie blokuje konta ani wartości; profil aspiracji dozwolony,FOUNDER DECISION,EQUALITY REVIEW,ACCEPT WITH MODIFICATION,"05,15,16",R008
EB-0018-05,EB,5,18,FARO EVIDENCE BASE — 2026 / 5. Problemy rynku pracy w Polsce,"Nie istnieją jednak wiarygodne, ogólnopolskie statystyki pokazujące skalę np. nierówności płci czy etnicznych w rekrutacji – brak danych utrudnia dowodzenie tych zjawisk.",RECOMMENDATION / INTERPRETATION,Statystyki rynku EB,Własne wyniki nieistniejące,"Nie istnieją jednak wiarygodne, ogólnopolskie statystyki pokazujące skalę np. nierówności płci czy etnicznych w rekrutacji – brak danych utrudnia dowodzenie tych zjawisk.",Wiele market claims NOT VERIFIED,§0 dowody wymagane,YES — korekta / ograniczenie / niepotwierdzona teza,"R052: Kwarantanna liczbowych tez do oryginału, próby, daty i metodologii",UNVERIFIED,MARKETING CLAIMS,TEST FIRST,"01,15,21",R052
EB-0020-01,EB,5,20,FARO EVIDENCE BASE — 2026 / 5. Problemy rynku pracy w Polsce,"**Zatrudnialność i rotacja:** Rotacja pracowników w Polsce jest umiarkowana, ale rośnie niepewność.",RECOMMENDATION / INTERPRETATION,Statystyki rynku EB,Własne wyniki nieistniejące,"**Zatrudnialność i rotacja:** Rotacja pracowników w Polsce jest umiarkowana, ale rośnie niepewność.",Wiele market claims NOT VERIFIED,§0 dowody wymagane,YES — korekta / ograniczenie / niepotwierdzona teza,"R052: Kwarantanna liczbowych tez do oryginału, próby, daty i metodologii",UNVERIFIED,MARKETING CLAIMS,TEST FIRST,"01,15,21",R052
EB-0020-02,EB,5,20,FARO EVIDENCE BASE — 2026 / 5. Problemy rynku pracy w Polsce,"Według monitoringu Randstad 2024 rotacja spadła do 19% w ciągu ostatnich 6 miesięcy, ale **59%** pracowników aktywnie rozważa zmianę pracy.",UNVERIFIED EMPIRICAL CLAIM,Statystyki rynku EB,Własne wyniki nieistniejące,"Według monitoringu Randstad 2024 rotacja spadła do 19% w ciągu ostatnich 6 miesięcy, ale **59%** pracowników aktywnie rozważa zmianę pracy.",Wiele market claims NOT VERIFIED,§0 dowody wymagane,YES — korekta / ograniczenie / niepotwierdzona teza,"QUARANTINE CLAIM: brak cytowalnej bibliografii/próby/metody; nie używać liczby jako faktu Faro. R052: Kwarantanna liczbowych tez do oryginału, próby, daty i metodologii",UNVERIFIED,MARKETING CLAIMS,TEST FIRST,"01,15,21",R052
EB-0020-03,EB,5,20,FARO EVIDENCE BASE — 2026 / 5. Problemy rynku pracy w Polsce,"Młodzi i słabiej wykształceni zmieniają najczęściej, podczas gdy w grupie 50–64 lata rotacja wynosi tylko ~10%.",UNVERIFIED EMPIRICAL CLAIM,Statystyki rynku EB,Własne wyniki nieistniejące,"Młodzi i słabiej wykształceni zmieniają najczęściej, podczas gdy w grupie 50–64 lata rotacja wynosi tylko ~10%.",Wiele market claims NOT VERIFIED,§0 dowody wymagane,YES — korekta / ograniczenie / niepotwierdzona teza,"QUARANTINE CLAIM: brak cytowalnej bibliografii/próby/metody; nie używać liczby jako faktu Faro. R052: Kwarantanna liczbowych tez do oryginału, próby, daty i metodologii",UNVERIFIED,MARKETING CLAIMS,TEST FIRST,"01,15,21",R052
EB-0020-04,EB,5,20,FARO EVIDENCE BASE — 2026 / 5. Problemy rynku pracy w Polsce,"Dane z portalu LiveCareer sugerują, że przeciętny Polak zmienia pracę co ok. 2,5 roku.",RECOMMENDATION / INTERPRETATION,Statystyki rynku EB,Własne wyniki nieistniejące,"Dane z portalu LiveCareer sugerują, że przeciętny Polak zmienia pracę co ok. 2,5 roku.",Wiele market claims NOT VERIFIED,§0 dowody wymagane,YES — korekta / ograniczenie / niepotwierdzona teza,"R052: Kwarantanna liczbowych tez do oryginału, próby, daty i metodologii",UNVERIFIED,MARKETING CLAIMS,TEST FIRST,"01,15,21",R052
EB-0020-05,EB,5,20,FARO EVIDENCE BASE — 2026 / 5. Problemy rynku pracy w Polsce,"Jednocześnie rośnie satysfakcja z obecnego zatrudnienia (71% zadowolonych), ale wielu pozostaje czujnych.",UNVERIFIED EMPIRICAL CLAIM,Statystyki rynku EB,Własne wyniki nieistniejące,"Jednocześnie rośnie satysfakcja z obecnego zatrudnienia (71% zadowolonych), ale wielu pozostaje czujnych.",Wiele market claims NOT VERIFIED,§0 dowody wymagane,YES — korekta / ograniczenie / niepotwierdzona teza,"QUARANTINE CLAIM: brak cytowalnej bibliografii/próby/metody; nie używać liczby jako faktu Faro. R052: Kwarantanna liczbowych tez do oryginału, próby, daty i metodologii",UNVERIFIED,MARKETING CLAIMS,TEST FIRST,"01,15,21",R052
EB-0020-06,EB,5,20,FARO EVIDENCE BASE — 2026 / 5. Problemy rynku pracy w Polsce,"Brak danych wskazujących, że sztywny proces rekrutacyjny (długie etapy, ghosting itp.) koreluje z retencją – co potwierdza potrzebę badań nad wpływem dróg karier przedstawianych przez Faro.",RECOMMENDATION / INTERPRETATION,Symetria odpowiedzialności,Brak globalnej reputacji ludzi,"Brak danych wskazujących, że sztywny proces rekrutacyjny (długie etapy, ghosting itp.) koreluje z retencją – co potwierdza potrzebę badań nad wpływem dróg karier przedstawianych przez Faro.",Process reliability,§16: odpowiedzialność obu stron,NO — zachowanie/doprecyzowanie,"R016: Takie same prawa korekty i odwołania, różne obowiązki ról",FOUNDER DECISION,GDPR/DSA REVIEW,ACCEPT WITH MODIFICATION,12,R016
EB-0023-01,EB,6,23,FARO EVIDENCE BASE — 2026 / 6. Skills-first i rekrutacja behawioralna,"**Doświadczenia globalne:** Podejście *skills-first* (lub *competency-based hiring*) zdobywa popularność, ale metaanalizy i analizy rynkowe pokazują ambiwalencję efektów.",RECOMMENDATION / INTERPRETATION,Predykcyjność testów,Walidacja lokalna,"**Doświadczenia globalne:** Podejście *skills-first* (lub *competency-based hiring*) zdobywa popularność, ale metaanalizy i analizy rynkowe pokazują ambiwalencję efektów.",Kompetencje zamiast etykiet,§42: rzetelna nauka,YES — korekta / ograniczenie / niepotwierdzona teza,R050: Nie utożsamiać CV z latami edukacji; nie dzielić r jako skuteczności; testy wymagają walidacji,S10 meta-analysis; EB UNSUPPORTED NUMBERS,FAIRNESS REVIEW,TEST FIRST,"10,17,21",R050
EB-0023-02,EB,6,23,FARO EVIDENCE BASE — 2026 / 6. Skills-first i rekrutacja behawioralna,"Badania OECD podkreślają, że samo usunięcie wymogu dyplomu nie wystarczy do wyrównania szans – konieczne są dodatkowe mechanizmy, np. anonimowość czy alternatywne ścieżki rozwoju umiejętności.",RECOMMENDATION / INTERPRETATION,Anonimizacja usuwa bias,Nie gwarantowana,"Badania OECD podkreślają, że samo usunięcie wymogu dyplomu nie wystarczy do wyrównania szans – konieczne są dodatkowe mechanizmy, np. anonimowość czy alternatywne ścieżki rozwoju umiejętności.",Częściowa anonimowość,"§3,4 zamknięte",YES — korekta / ograniczenie / niepotwierdzona teza,"R051: Imię i dowody nadal mogą być proxy; monitorować, nie przywracać danych po cichu",S11 experiment; generalizacja LIMITED,FAIRNESS REVIEW,TEST FIRST,"05,21",R051
EB-0023-03,EB,6,23,FARO EVIDENCE BASE — 2026 / 6. Skills-first i rekrutacja behawioralna,Pozytywnie: analizy konsorcjum WEF/BCG wskazują na rosnący odsetek stanowisk postrzegających **praktyczne doświadczenie i umiejętności** jako priorytet – w ciągu 2017–2022 zmniejsza się udział ogłoszeń wymagających dyplomu (drugi wykres obrazujący trend spadkowy).,RECOMMENDATION / INTERPRETATION,Predykcyjność testów,Walidacja lokalna,Pozytywnie: analizy konsorcjum WEF/BCG wskazują na rosnący odsetek stanowisk postrzegających **praktyczne doświadczenie i umiejętności** jako priorytet – w ciągu 2017–2022 zmniejsza się udział ogłoszeń wymagających dyplomu (drugi wykres obrazujący trend spadkowy).,Kompetencje zamiast etykiet,§42: rzetelna nauka,YES — korekta / ograniczenie / niepotwierdzona teza,R050: Nie utożsamiać CV z latami edukacji; nie dzielić r jako skuteczności; testy wymagają walidacji,S10 meta-analysis; EB UNSUPPORTED NUMBERS,FAIRNESS REVIEW,TEST FIRST,"10,17,21",R050
EB-0023-04,EB,6,23,FARO EVIDENCE BASE — 2026 / 6. Skills-first i rekrutacja behawioralna,Firmy techniczne (np.,RECOMMENDATION / INTERPRETATION,Predykcyjność testów,Walidacja lokalna,Firmy techniczne (np.,Kompetencje zamiast etykiet,§42: rzetelna nauka,YES — korekta / ograniczenie / niepotwierdzona teza,R050: Nie utożsamiać CV z latami edukacji; nie dzielić r jako skuteczności; testy wymagają walidacji,S10 meta-analysis; EB UNSUPPORTED NUMBERS,FAIRNESS REVIEW,TEST FIRST,"10,17,21",R050
EB-0023-05,EB,6,23,FARO EVIDENCE BASE — 2026 / 6. Skills-first i rekrutacja behawioralna,"Google, IBM) prezentują dobre przykłady rekrutacji «bez dyplomu», akceptując samouków czy bootcampowców.",RECOMMENDATION / INTERPRETATION,Predykcyjność testów,Walidacja lokalna,"Google, IBM) prezentują dobre przykłady rekrutacji «bez dyplomu», akceptując samouków czy bootcampowców.",Kompetencje zamiast etykiet,§42: rzetelna nauka,YES — korekta / ograniczenie / niepotwierdzona teza,R050: Nie utożsamiać CV z latami edukacji; nie dzielić r jako skuteczności; testy wymagają walidacji,S10 meta-analysis; EB UNSUPPORTED NUMBERS,FAIRNESS REVIEW,TEST FIRST,"10,17,21",R050
EB-0023-06,EB,6,23,FARO EVIDENCE BASE — 2026 / 6. Skills-first i rekrutacja behawioralna,"BCG raportuje, że zatrudnianie według umiejętności („STARs”) w praktyce daje porównywalne wyniki – w jednym badaniu 9% lepszą rotację i zbliżony poziom awansów dla kandydatów bez dyplomu, ocenianych na podstawie testów.",UNVERIFIED EMPIRICAL CLAIM,Predykcyjność testów,Walidacja lokalna,"BCG raportuje, że zatrudnianie według umiejętności („STARs”) w praktyce daje porównywalne wyniki – w jednym badaniu 9% lepszą rotację i zbliżony poziom awansów dla kandydatów bez dyplomu, ocenianych na podstawie testów.",Kompetencje zamiast etykiet,§42: rzetelna nauka,YES — korekta / ograniczenie / niepotwierdzona teza,QUARANTINE CLAIM: brak cytowalnej bibliografii/próby/metody; nie używać liczby jako faktu Faro. R050: Nie utożsamiać CV z latami edukacji; nie dzielić r jako skuteczności; testy wymagają walidacji,S10 meta-analysis; EB UNSUPPORTED NUMBERS,FAIRNESS REVIEW,TEST FIRST,"10,17,21",R050
EB-0023-07,EB,6,23,FARO EVIDENCE BASE — 2026 / 6. Skills-first i rekrutacja behawioralna,"Istotnie, udokumentowano, że rekrutacja oparta na testach kompetencji prognostykuje wyniki w pracy **5 razy skuteczniej** niż wykształcenie.",UNVERIFIED EMPIRICAL CLAIM,Assessment Center,Wersjonowane zadania,"Istotnie, udokumentowano, że rekrutacja oparta na testach kompetencji prognostykuje wyniki w pracy **5 razy skuteczniej** niż wykształcenie.",Short/accessible/reusable,"§26: typ, liczba, limit, termin przed Start",NO — zachowanie/doprecyzowanie,Nieprawidłowe lub niepodparte przeliczenie trafności na skuteczność. Bez użycia w marketingu; zobacz S10 i R050. QUARANTINE CLAIM: brak cytowalnej bibliografii/próby/metody; nie używać liczby jako faktu Faro. R026: Timer serwerowy od jawnego Start; deadline niezależny,FOUNDER DECISION,AI/GDPR/EQUALITY REVIEW,TEST FIRST,10,R026
EB-0025-01,EB,6,25,FARO EVIDENCE BASE — 2026 / 6. Skills-first i rekrutacja behawioralna,"**Korzyści:** Metoda *skills-first* teoretycznie poszerza pulę kandydatów – dotyczy to np. osób przekwalifikowujących się, powracających z przerw, czy dawnych pracowników poligrafii siedmiolatej.",RECOMMENDATION / INTERPRETATION,Predykcyjność testów,Walidacja lokalna,"**Korzyści:** Metoda *skills-first* teoretycznie poszerza pulę kandydatów – dotyczy to np. osób przekwalifikowujących się, powracających z przerw, czy dawnych pracowników poligrafii siedmiolatej.",Kompetencje zamiast etykiet,§42: rzetelna nauka,YES — korekta / ograniczenie / niepotwierdzona teza,R050: Nie utożsamiać CV z latami edukacji; nie dzielić r jako skuteczności; testy wymagają walidacji,S10 meta-analysis; EB UNSUPPORTED NUMBERS,FAIRNESS REVIEW,TEST FIRST,"10,17,21",R050
EB-0025-02,EB,6,25,FARO EVIDENCE BASE — 2026 / 6. Skills-first i rekrutacja behawioralna,Pozwala także na ukierunkowane rozwojowe ścieżki edukacyjne (rekomendacja brakujących umiejętności).,RECOMMENDATION / INTERPRETATION,Predykcyjność testów,Walidacja lokalna,Pozwala także na ukierunkowane rozwojowe ścieżki edukacyjne (rekomendacja brakujących umiejętności).,Kompetencje zamiast etykiet,§42: rzetelna nauka,YES — korekta / ograniczenie / niepotwierdzona teza,R050: Nie utożsamiać CV z latami edukacji; nie dzielić r jako skuteczności; testy wymagają walidacji,S10 meta-analysis; EB UNSUPPORTED NUMBERS,FAIRNESS REVIEW,TEST FIRST,"10,17,21",R050
EB-0025-03,EB,6,25,FARO EVIDENCE BASE — 2026 / 6. Skills-first i rekrutacja behawioralna,"Badania wskazują, że silna korelacja umiejętności z wynikami w pracy sprzyja trafniejszemu dopasowaniu – konwencjonalne selekcje (CV) pozwalają odkryć tylko 30–40% talentów, podczas gdy odpowiednio dobrane testy przekraczają 50–60%.",UNVERIFIED EMPIRICAL CLAIM,CV,Brak wymaganego CV; prywatny import później,"Badania wskazują, że silna korelacja umiejętności z wynikami w pracy sprzyja trafniejszemu dopasowaniu – konwencjonalne selekcje (CV) pozwalają odkryć tylko 30–40% talentów, podczas gdy odpowiednio dobrane testy przekraczają 50–60%.",Profil bez CV; miejscami copy „mniej CV”,§2: dokument nigdy do firmy,YES — korekta / ograniczenie / niepotwierdzona teza,Nieprawidłowe lub niepodparte przeliczenie trafności na skuteczność. Bez użycia w marketingu; zobacz S10 i R050. QUARANTINE CLAIM: brak cytowalnej bibliografii/próby/metody; nie używać liczby jako faktu Faro. R001: ZERO CV w procesie; przyszły import tylko prywatny,FOUNDER DECISION,GDPR REVIEW,TEST FIRST,"03,05,06,07",R001
EB-0025-04,EB,6,25,FARO EVIDENCE BASE — 2026 / 6. Skills-first i rekrutacja behawioralna,"W praktyce statystyki eRecruiter i Pracuj.pl pokazują, że kandydaci bez typowego CV (np. z robotyki, prac taksonomicznych) mają realne predyspozycje do wielu branż – co warto odzwierciedlić w systemie.",RECOMMENDATION / INTERPRETATION,CV,Brak wymaganego CV; prywatny import później,"W praktyce statystyki eRecruiter i Pracuj.pl pokazują, że kandydaci bez typowego CV (np. z robotyki, prac taksonomicznych) mają realne predyspozycje do wielu branż – co warto odzwierciedlić w systemie.",Profil bez CV; miejscami copy „mniej CV”,§2: dokument nigdy do firmy,YES — korekta / ograniczenie / niepotwierdzona teza,R001: ZERO CV w procesie; przyszły import tylko prywatny,FOUNDER DECISION,GDPR REVIEW,ACCEPT WITH MODIFICATION,"03,05,06,07",R001
EB-0027-01,EB,6,27,FARO EVIDENCE BASE — 2026 / 6. Skills-first i rekrutacja behawioralna,**Ograniczenia i ryzyka:** Na poziomie badań widać też potencjalne pułapki.,RECOMMENDATION / INTERPRETATION,Predykcyjność testów,Walidacja lokalna,**Ograniczenia i ryzyka:** Na poziomie badań widać też potencjalne pułapki.,Kompetencje zamiast etykiet,§42: rzetelna nauka,YES — korekta / ograniczenie / niepotwierdzona teza,R050: Nie utożsamiać CV z latami edukacji; nie dzielić r jako skuteczności; testy wymagają walidacji,S10 meta-analysis; EB UNSUPPORTED NUMBERS,FAIRNESS REVIEW,TEST FIRST,"10,17,21",R050
EB-0027-02,EB,6,27,FARO EVIDENCE BASE — 2026 / 6. Skills-first i rekrutacja behawioralna,"Skupienie na umiejętnościach wymaga pracy nad uniwersalnymi standardami i ocenami – istnieje ryzyko, że testy Faro staną się nowym „dyplomem” (credentialism), uprzywilejowując osoby z lepszym dostępem do szkoleń.",RECOMMENDATION / INTERPRETATION,Predykcyjność testów,Walidacja lokalna,"Skupienie na umiejętnościach wymaga pracy nad uniwersalnymi standardami i ocenami – istnieje ryzyko, że testy Faro staną się nowym „dyplomem” (credentialism), uprzywilejowując osoby z lepszym dostępem do szkoleń.",Kompetencje zamiast etykiet,§42: rzetelna nauka,YES — korekta / ograniczenie / niepotwierdzona teza,R050: Nie utożsamiać CV z latami edukacji; nie dzielić r jako skuteczności; testy wymagają walidacji,S10 meta-analysis; EB UNSUPPORTED NUMBERS,FAIRNESS REVIEW,TEST FIRST,"10,17,21",R050
EB-0027-03,EB,6,27,FARO EVIDENCE BASE — 2026 / 6. Skills-first i rekrutacja behawioralna,"OECD ostrzega, że profilowanie kandydatów według umiejętności może nie zmniejszyć nierówności, jeśli algorytmy czy rekruterzy będą nadal uwzględniać inne czynniki (np. autoprezentację kulturową).",RECOMMENDATION / INTERPRETATION,Predykcyjność testów,Walidacja lokalna,"OECD ostrzega, że profilowanie kandydatów według umiejętności może nie zmniejszyć nierówności, jeśli algorytmy czy rekruterzy będą nadal uwzględniać inne czynniki (np. autoprezentację kulturową).",Kompetencje zamiast etykiet,§42: rzetelna nauka,YES — korekta / ograniczenie / niepotwierdzona teza,R050: Nie utożsamiać CV z latami edukacji; nie dzielić r jako skuteczności; testy wymagają walidacji,S10 meta-analysis; EB UNSUPPORTED NUMBERS,FAIRNESS REVIEW,TEST FIRST,"10,17,21",R050
EB-0027-04,EB,6,27,FARO EVIDENCE BASE — 2026 / 6. Skills-first i rekrutacja behawioralna,"Ponadto nie ma jeszcze danych, by stwierdzić, czy aż tak kompetencyjne profile faktycznie zmienią nawyki pracodawców – wiele firm wciąż ufa tradycyjnym sygnałom prestiżu.",RECOMMENDATION / INTERPRETATION,Historia stanowisk i firm,Historia jako opcjonalny kontekst,"Ponadto nie ma jeszcze danych, by stwierdzić, czy aż tak kompetencyjne profile faktycznie zmienią nawyki pracodawców – wiele firm wciąż ufa tradycyjnym sygnałom prestiżu.",Evidence graph; copy „potem etykiety”,§4: nie pokazujemy tytułów i firm,YES — korekta / ograniczenie / niepotwierdzona teza,R003: Zakaz także w późniejszych projekcjach; zadania i praktyka zamiast etykiet,FOUNDER DECISION,GDPR REVIEW,ACCEPT WITH MODIFICATION,"03,05,08",R003
EB-0027-05,EB,6,27,FARO EVIDENCE BASE — 2026 / 6. Skills-first i rekrutacja behawioralna,"Z raportów wynika także, że wielu rekruterów nie ufa całkowicie algorytmicznemu dopasowaniu, co oznacza, że narzędzia Faro będą musiały dowieść swojej przydatności w praktyce (np. pilotaże z konkretnymi firmami).",RECOMMENDATION / INTERPRETATION,Predykcyjność testów,Walidacja lokalna,"Z raportów wynika także, że wielu rekruterów nie ufa całkowicie algorytmicznemu dopasowaniu, co oznacza, że narzędzia Faro będą musiały dowieść swojej przydatności w praktyce (np. pilotaże z konkretnymi firmami).",Kompetencje zamiast etykiet,§42: rzetelna nauka,YES — korekta / ograniczenie / niepotwierdzona teza,R050: Nie utożsamiać CV z latami edukacji; nie dzielić r jako skuteczności; testy wymagają walidacji,S10 meta-analysis; EB UNSUPPORTED NUMBERS,FAIRNESS REVIEW,TEST FIRST,"10,17,21",R050
EB-0029-01,EB,6,29,FARO EVIDENCE BASE — 2026 / 6. Skills-first i rekrutacja behawioralna,"**Failure modes:** Na świecie zanotowano porażki „skill-based” gdy testy nie były walidowane: firmy muszą pilnować, by zadania sprawdzały faktyczne wymagane zdolności i by nie dyskwalifikowały przypadkowo danych grup (patrz punkt FAIR).",RECOMMENDATION / INTERPRETATION,Predykcyjność testów,Walidacja lokalna,"**Failure modes:** Na świecie zanotowano porażki „skill-based” gdy testy nie były walidowane: firmy muszą pilnować, by zadania sprawdzały faktyczne wymagane zdolności i by nie dyskwalifikowały przypadkowo danych grup (patrz punkt FAIR).",Kompetencje zamiast etykiet,§42: rzetelna nauka,YES — korekta / ograniczenie / niepotwierdzona teza,R050: Nie utożsamiać CV z latami edukacji; nie dzielić r jako skuteczności; testy wymagają walidacji,S10 meta-analysis; EB UNSUPPORTED NUMBERS,FAIRNESS REVIEW,TEST FIRST,"10,17,21",R050
EB-0029-02,EB,6,29,FARO EVIDENCE BASE — 2026 / 6. Skills-first i rekrutacja behawioralna,"Ponadto sam koncept „skills-first” nie wyeliminuje całkowicie biasu – jeśli rekruterom nie pokażemy imion czy zdjęć, mogą przypadkiem skupić się na innych sygnałach (np. akcent, sposób odpowiadania), lub mogą uznać certyfikat testu za nową formę statusu.",RECOMMENDATION / INTERPRETATION,Anonimizacja usuwa bias,Nie gwarantowana,"Ponadto sam koncept „skills-first” nie wyeliminuje całkowicie biasu – jeśli rekruterom nie pokażemy imion czy zdjęć, mogą przypadkiem skupić się na innych sygnałach (np. akcent, sposób odpowiadania), lub mogą uznać certyfikat testu za nową formę statusu.",Częściowa anonimowość,"§3,4 zamknięte",YES — korekta / ograniczenie / niepotwierdzona teza,"R051: Imię i dowody nadal mogą być proxy; monitorować, nie przywracać danych po cichu",S11 experiment; generalizacja LIMITED,FAIRNESS REVIEW,TEST FIRST,"05,21",R051
EB-0029-03,EB,6,29,FARO EVIDENCE BASE — 2026 / 6. Skills-first i rekrutacja behawioralna,"Należy obserwować, czy Faro nie wprowadzi nowych dystynkcji (np. lepszy „Faro score” zamiast uniwersyteckiego logo).",RECOMMENDATION / INTERPRETATION,Ranking wyników rekrutacji,Ostrożność wobec % ludzi,"Należy obserwować, czy Faro nie wprowadzi nowych dystynkcji (np. lepszy „Faro score” zamiast uniwersyteckiego logo).",Ranking/AI ryzyko,§30: ranking wyników dozwolony,YES — korekta / ograniczenie / niepotwierdzona teza,R030: Tylko porównywalne wersje i rubryki jednej rekrutacji; człowiek decyduje,FOUNDER DECISION; EVIDENCE CONFLICT,AI/GDPR GATE,ACCEPT WITH MODIFICATION,"10,17",R030
EB-0032-01,EB,7,32,FARO EVIDENCE BASE — 2026 / 7. Psychologia rekrutacji,Procesy rekrutacyjne są silnie naznaczone przez błędy poznawcze.,RECOMMENDATION / INTERPRETATION,Anonimizacja usuwa bias,Nie gwarantowana,Procesy rekrutacyjne są silnie naznaczone przez błędy poznawcze.,Częściowa anonimowość,"§3,4 zamknięte",YES — korekta / ograniczenie / niepotwierdzona teza,"R051: Imię i dowody nadal mogą być proxy; monitorować, nie przywracać danych po cichu",S11 experiment; generalizacja LIMITED,FAIRNESS REVIEW,TEST FIRST,"05,21",R051
EB-0032-02,EB,7,32,FARO EVIDENCE BASE — 2026 / 7. Psychologia rekrutacji,"**Halo effect, efekt prestiżu** – nazwisko znanej firmy czy uczelni może powodować przecenianie innych cech kandydata.",RECOMMENDATION / INTERPRETATION,Historia stanowisk i firm; Anonimizacja usuwa bias,Historia jako opcjonalny kontekst,"**Halo effect, efekt prestiżu** – nazwisko znanej firmy czy uczelni może powodować przecenianie innych cech kandydata.",Evidence graph; copy „potem etykiety”,§4: nie pokazujemy tytułów i firm,YES — korekta / ograniczenie / niepotwierdzona teza,"R003: Zakaz także w późniejszych projekcjach; zadania i praktyka zamiast etykiet R051: Imię i dowody nadal mogą być proxy; monitorować, nie przywracać danych po cichu",FOUNDER DECISION,GDPR REVIEW,ACCEPT WITH MODIFICATION,"03,05,08",R003;R051
EB-0032-03,EB,7,32,FARO EVIDENCE BASE — 2026 / 7. Psychologia rekrutacji,"Wyeliminowanie takich jawnych sygnałów (śledzenie firm w CV, prestige uczelni) może więc potencjalnie zmniejszać typowe uprzedzenia .",RECOMMENDATION / INTERPRETATION,Historia stanowisk i firm; CV,Historia jako opcjonalny kontekst,"Wyeliminowanie takich jawnych sygnałów (śledzenie firm w CV, prestige uczelni) może więc potencjalnie zmniejszać typowe uprzedzenia .",Evidence graph; copy „potem etykiety”,§4: nie pokazujemy tytułów i firm,YES — korekta / ograniczenie / niepotwierdzona teza,R003: Zakaz także w późniejszych projekcjach; zadania i praktyka zamiast etykiet R001: ZERO CV w procesie; przyszły import tylko prywatny,FOUNDER DECISION,GDPR REVIEW,ACCEPT WITH MODIFICATION,"03,05,08",R003;R001
EB-0032-04,EB,7,32,FARO EVIDENCE BASE — 2026 / 7. Psychologia rekrutacji,"Przykładowo, klasyczne badanie pokazało, że kandydaci z „białymi” nazwiskami otrzymywali o 50% więcej zaproszeń na rozmowy niż „czarnoskóre” przy identycznych CV.",UNVERIFIED EMPIRICAL CLAIM,CV; Anonimizacja usuwa bias,Brak wymaganego CV; prywatny import później,"Przykładowo, klasyczne badanie pokazało, że kandydaci z „białymi” nazwiskami otrzymywali o 50% więcej zaproszeń na rozmowy niż „czarnoskóre” przy identycznych CV.",Profil bez CV; miejscami copy „mniej CV”,§2: dokument nigdy do firmy,YES — korekta / ograniczenie / niepotwierdzona teza,"QUARANTINE CLAIM: brak cytowalnej bibliografii/próby/metody; nie używać liczby jako faktu Faro. R001: ZERO CV w procesie; przyszły import tylko prywatny R051: Imię i dowody nadal mogą być proxy; monitorować, nie przywracać danych po cichu",FOUNDER DECISION,GDPR REVIEW,TEST FIRST,"03,05,06,07",R001;R051
EB-0032-05,EB,7,32,FARO EVIDENCE BASE — 2026 / 7. Psychologia rekrutacji,Ukrycie zdjęcia i płci zmniejszałoby podobne uprzedzenia.,RECOMMENDATION / INTERPRETATION,Anonimizacja usuwa bias,Nie gwarantowana,Ukrycie zdjęcia i płci zmniejszałoby podobne uprzedzenia.,Częściowa anonimowość,"§3,4 zamknięte",YES — korekta / ograniczenie / niepotwierdzona teza,"R051: Imię i dowody nadal mogą być proxy; monitorować, nie przywracać danych po cichu",S11 experiment; generalizacja LIMITED,FAIRNESS REVIEW,TEST FIRST,"05,21",R051
EB-0032-06,EB,7,32,FARO EVIDENCE BASE — 2026 / 7. Psychologia rekrutacji,"Jednak badania z psychologii sugerują ograniczenia tej strategii: jedno z badań wykazało, że anonimowe CV nie wyeliminowało dyskryminacji wiekowej – rekruterzy nadal oceniali gorzej starszych kandydatów, czasem nawet niżej, gdy brakowało wskazówek wieku (im starszy, tym niżej oceniany).",RECOMMENDATION / INTERPRETATION,CV; Anonimizacja usuwa bias,Brak wymaganego CV; prywatny import później,"Jednak badania z psychologii sugerują ograniczenia tej strategii: jedno z badań wykazało, że anonimowe CV nie wyeliminowało dyskryminacji wiekowej – rekruterzy nadal oceniali gorzej starszych kandydatów, czasem nawet niżej, gdy brakowało wskazówek wieku (im starszy, tym niżej oceniany).",Profil bez CV; miejscami copy „mniej CV”,§2: dokument nigdy do firmy,YES — korekta / ograniczenie / niepotwierdzona teza,"R001: ZERO CV w procesie; przyszły import tylko prywatny R051: Imię i dowody nadal mogą być proxy; monitorować, nie przywracać danych po cichu",FOUNDER DECISION,GDPR REVIEW,ACCEPT WITH MODIFICATION,"03,05,06,07",R001;R051
EB-0034-01,EB,7,34,FARO EVIDENCE BASE — 2026 / 7. Psychologia rekrutacji,"**Efekty zastępcze i nowe biasy:** Gdy klasyczne sygnały zastąpimy oceną wyników testu czy profilem umiejętności, mogą pojawić się nowe heurystyki.",RECOMMENDATION / INTERPRETATION,Anonimizacja usuwa bias,Nie gwarantowana,"**Efekty zastępcze i nowe biasy:** Gdy klasyczne sygnały zastąpimy oceną wyników testu czy profilem umiejętności, mogą pojawić się nowe heurystyki.",Częściowa anonimowość,"§3,4 zamknięte",YES — korekta / ograniczenie / niepotwierdzona teza,"R051: Imię i dowody nadal mogą być proxy; monitorować, nie przywracać danych po cichu",S11 experiment; generalizacja LIMITED,FAIRNESS REVIEW,TEST FIRST,"05,21",R051
EB-0034-02,EB,7,34,FARO EVIDENCE BASE — 2026 / 7. Psychologia rekrutacji,Kandydat z wysokim „skill score” lub certyfikatem Faro może być postrzegany jako „zwycięzca” – może to kreować efekt nowego „szpaleru prestiżu” (podobnie jak mocne marki firm).,RECOMMENDATION / INTERPRETATION,Historia stanowisk i firm; Ranking wyników rekrutacji,Historia jako opcjonalny kontekst,Kandydat z wysokim „skill score” lub certyfikatem Faro może być postrzegany jako „zwycięzca” – może to kreować efekt nowego „szpaleru prestiżu” (podobnie jak mocne marki firm).,Evidence graph; copy „potem etykiety”,§4: nie pokazujemy tytułów i firm,YES — korekta / ograniczenie / niepotwierdzona teza,R003: Zakaz także w późniejszych projekcjach; zadania i praktyka zamiast etykiet R030: Tylko porównywalne wersje i rubryki jednej rekrutacji; człowiek decyduje,FOUNDER DECISION,GDPR REVIEW,ACCEPT WITH MODIFICATION,"03,05,08",R003;R030
EB-0034-03,EB,7,34,FARO EVIDENCE BASE — 2026 / 7. Psychologia rekrutacji,"Każdy algorytm dopasowujący oferty („dlaczego ta oferta”) wprowadza też ryzyko *automation bias* – czyli nadmierne zaufanie do wyniku systemu, podczas gdy w rzeczywistości algorytm jest jedynie modelem.",RECOMMENDATION / INTERPRETATION,Anonimizacja usuwa bias,Nie gwarantowana,"Każdy algorytm dopasowujący oferty („dlaczego ta oferta”) wprowadza też ryzyko *automation bias* – czyli nadmierne zaufanie do wyniku systemu, podczas gdy w rzeczywistości algorytm jest jedynie modelem.",Częściowa anonimowość,"§3,4 zamknięte",YES — korekta / ograniczenie / niepotwierdzona teza,"R051: Imię i dowody nadal mogą być proxy; monitorować, nie przywracać danych po cichu",S11 experiment; generalizacja LIMITED,FAIRNESS REVIEW,TEST FIRST,"05,21",R051
EB-0034-04,EB,7,34,FARO EVIDENCE BASE — 2026 / 7. Psychologia rekrutacji,"Psychologia sprawiedliwości proceduralnej wskazuje, że transparentność ma kluczowe znaczenie: kandydaci chcą czuć sprawiedliwość procesu.",RECOMMENDATION / INTERPRETATION,Anonimizacja usuwa bias,Nie gwarantowana,"Psychologia sprawiedliwości proceduralnej wskazuje, że transparentność ma kluczowe znaczenie: kandydaci chcą czuć sprawiedliwość procesu.",Częściowa anonimowość,"§3,4 zamknięte",YES — korekta / ograniczenie / niepotwierdzona teza,"R051: Imię i dowody nadal mogą być proxy; monitorować, nie przywracać danych po cichu",S11 experiment; generalizacja LIMITED,FAIRNESS REVIEW,TEST FIRST,"05,21",R051
EB-0034-05,EB,7,34,FARO EVIDENCE BASE — 2026 / 7. Psychologia rekrutacji,"Badanie Barattucciego et al. (2025) pokazuje, że **terminowa informacja o odrzuceniu** (szczególnie w początkowych fazach) znacząco podnosi poczucie sprawiedliwości i satysfakcji kandydata.",RECOMMENDATION / INTERPRETATION,Powód odrzucenia,Ustrukturyzowany powód,"Badanie Barattucciego et al. (2025) pokazuje, że **terminowa informacja o odrzuceniu** (szczególnie w początkowych fazach) znacząco podnosi poczucie sprawiedliwości i satysfakcji kandydata.",Useful rejection,§15: konkretne wymaganie,NO — zachowanie/doprecyzowanie,R015: ReasonCode oraz requirementId przy porównaniu; brak fikcyjnego braku kompetencji,FOUNDER DECISION; skuteczność HYPOTHESIS,EQUALITY/GDPR REVIEW,ACCEPT WITH MODIFICATION,"06,11",R015
EB-0034-06,EB,7,34,FARO EVIDENCE BASE — 2026 / 7. Psychologia rekrutacji,"Z kolei brak jakiejkolwiek informacji lub gdy firma zwleka tygodniami z odpowiedzią, zwiększa frustrację i zniechęca (percepcja straty kontroli, trudność radzenia sobie z niepewnością).",RECOMMENDATION / INTERPRETATION,Anonimizacja usuwa bias,Nie gwarantowana,"Z kolei brak jakiejkolwiek informacji lub gdy firma zwleka tygodniami z odpowiedzią, zwiększa frustrację i zniechęca (percepcja straty kontroli, trudność radzenia sobie z niepewnością).",Częściowa anonimowość,"§3,4 zamknięte",YES — korekta / ograniczenie / niepotwierdzona teza,"R051: Imię i dowody nadal mogą być proxy; monitorować, nie przywracać danych po cichu",S11 experiment; generalizacja LIMITED,FAIRNESS REVIEW,TEST FIRST,"05,21",R051
EB-0036-01,EB,7,36,FARO EVIDENCE BASE — 2026 / 7. Psychologia rekrutacji,"**Obciążenia poznawcze:** Skomplikowany profil (długie CV Faro, wiele kompetencji, diagram dróg rozwoju) może zwiększać *cognitive load* rekrutera, co potencjalnie może zniechęcać.",RECOMMENDATION / INTERPRETATION,CV,Brak wymaganego CV; prywatny import później,"**Obciążenia poznawcze:** Skomplikowany profil (długie CV Faro, wiele kompetencji, diagram dróg rozwoju) może zwiększać *cognitive load* rekrutera, co potencjalnie może zniechęcać.",Profil bez CV; miejscami copy „mniej CV”,§2: dokument nigdy do firmy,YES — korekta / ograniczenie / niepotwierdzona teza,R001: ZERO CV w procesie; przyszły import tylko prywatny,FOUNDER DECISION,GDPR REVIEW,ACCEPT WITH MODIFICATION,"03,05,06,07",R001
EB-0036-02,EB,7,36,FARO EVIDENCE BASE — 2026 / 7. Psychologia rekrutacji,"Dlatego interfejs Faro musi być czytelny – nadmiar informacji ułatwia jedynie wtedy, gdy są dobrze zorganizowane i możliwe do szybkiego przejrzenia.",RECOMMENDATION / INTERPRETATION,Anonimizacja usuwa bias,Nie gwarantowana,"Dlatego interfejs Faro musi być czytelny – nadmiar informacji ułatwia jedynie wtedy, gdy są dobrze zorganizowane i możliwe do szybkiego przejrzenia.",Częściowa anonimowość,"§3,4 zamknięte",YES — korekta / ograniczenie / niepotwierdzona teza,"R051: Imię i dowody nadal mogą być proxy; monitorować, nie przywracać danych po cichu",S11 experiment; generalizacja LIMITED,FAIRNESS REVIEW,TEST FIRST,"05,21",R051
EB-0036-03,EB,7,36,FARO EVIDENCE BASE — 2026 / 7. Psychologia rekrutacji,"Natomiast uproszczony profil, nadmiernie wygładzony przez AI, może budzić *ambiguity aversion*: rekruter może czuć niepewność wobec nieznanego kandydata.",RECOMMENDATION / INTERPRETATION,Anonimizacja usuwa bias,Nie gwarantowana,"Natomiast uproszczony profil, nadmiernie wygładzony przez AI, może budzić *ambiguity aversion*: rekruter może czuć niepewność wobec nieznanego kandydata.",Częściowa anonimowość,"§3,4 zamknięte",YES — korekta / ograniczenie / niepotwierdzona teza,"R051: Imię i dowody nadal mogą być proxy; monitorować, nie przywracać danych po cichu",S11 experiment; generalizacja LIMITED,FAIRNESS REVIEW,TEST FIRST,"05,21",R051
EB-0036-04,EB,7,36,FARO EVIDENCE BASE — 2026 / 7. Psychologia rekrutacji,"To wskazuje, że Faro powinno w naturalny sposób równoważyć szczegółowość profilu z przejrzystą oceną (np. zestaw rekomendowanych kompetencji z potwierdzeniem ich źródeł).",RECOMMENDATION / INTERPRETATION,Anonimizacja usuwa bias,Nie gwarantowana,"To wskazuje, że Faro powinno w naturalny sposób równoważyć szczegółowość profilu z przejrzystą oceną (np. zestaw rekomendowanych kompetencji z potwierdzeniem ich źródeł).",Częściowa anonimowość,"§3,4 zamknięte",YES — korekta / ograniczenie / niepotwierdzona teza,"R051: Imię i dowody nadal mogą być proxy; monitorować, nie przywracać danych po cichu",S11 experiment; generalizacja LIMITED,FAIRNESS REVIEW,TEST FIRST,"05,21",R051
EB-0039-01,EB,8,39,FARO EVIDENCE BASE — 2026 / 8. Socjologia zatrudnienia,"**Credentialism i kapitał kulturowy:** „Skills-first” niesie obietnicę mniejszej wagi wykształcenia formalnego, ale z drugiej strony może utrwalać lub tworzyć nowe hierarchie.",RECOMMENDATION / INTERPRETATION,Źródła kompetencji,Dowody rozdzielone,"**Credentialism i kapitał kulturowy:** „Skills-first” niesie obietnicę mniejszej wagi wykształcenia formalnego, ale z drugiej strony może utrwalać lub tworzyć nowe hierarchie.",Evidence graph,"§6,32: źródło, poziom, praktyka, dowód, weryfikacja",NO — zachowanie/doprecyzowanie,R006: Nie zrównywać automatycznie hobby i pracy; nie dyskwalifikować hobby,FOUNDER DECISION,FAIRNESS REVIEW,ACCEPT WITH MODIFICATION,08,R006
EB-0039-02,EB,8,39,FARO EVIDENCE BASE — 2026 / 8. Socjologia zatrudnienia,"Prawo Weberowskie wskazuje, że ludzie sygnalizują status różnymi formami „kapitału” – dawniej był to dyplom czy nazwa firmy, teraz mogą to być certyfikaty czy wyniki testów.",RECOMMENDATION / INTERPRETATION,Źródła kompetencji,Dowody rozdzielone,"Prawo Weberowskie wskazuje, że ludzie sygnalizują status różnymi formami „kapitału” – dawniej był to dyplom czy nazwa firmy, teraz mogą to być certyfikaty czy wyniki testów.",Evidence graph,"§6,32: źródło, poziom, praktyka, dowód, weryfikacja",NO — zachowanie/doprecyzowanie,R006: Nie zrównywać automatycznie hobby i pracy; nie dyskwalifikować hobby,FOUNDER DECISION,FAIRNESS REVIEW,ACCEPT WITH MODIFICATION,08,R006
EB-0039-03,EB,8,39,FARO EVIDENCE BASE — 2026 / 8. Socjologia zatrudnienia,"Może więc powstać nowy rodzaj credentialismu: zamiast prestiżowej uczelni, kandydaci będą się przechwalać np. certyfikatem Faro czy wysokim wynikiem w ocenie umiejętności.",RECOMMENDATION / INTERPRETATION,Historia stanowisk i firm,Historia jako opcjonalny kontekst,"Może więc powstać nowy rodzaj credentialismu: zamiast prestiżowej uczelni, kandydaci będą się przechwalać np. certyfikatem Faro czy wysokim wynikiem w ocenie umiejętności.",Evidence graph; copy „potem etykiety”,§4: nie pokazujemy tytułów i firm,YES — korekta / ograniczenie / niepotwierdzona teza,R003: Zakaz także w późniejszych projekcjach; zadania i praktyka zamiast etykiet,FOUNDER DECISION,GDPR REVIEW,ACCEPT WITH MODIFICATION,"03,05,08",R003
EB-0039-04,EB,8,39,FARO EVIDENCE BASE — 2026 / 8. Socjologia zatrudnienia,"Trudno ocenić, czy w praktyce szkolenia i testy zapewnią równy dostęp wszystkim grupom społecznym; prawdopodobnie nadal będą uprzywilejowane osoby z wyższym kapitałem kulturowym (umiejące lepiej zaprezentować swoje nieformalne doświadczenie) lub finansowym (mające środki na kursy).",RECOMMENDATION / INTERPRETATION,Źródła kompetencji,Dowody rozdzielone,"Trudno ocenić, czy w praktyce szkolenia i testy zapewnią równy dostęp wszystkim grupom społecznym; prawdopodobnie nadal będą uprzywilejowane osoby z wyższym kapitałem kulturowym (umiejące lepiej zaprezentować swoje nieformalne doświadczenie) lub finansowym (mające środki na kursy).",Evidence graph,"§6,32: źródło, poziom, praktyka, dowód, weryfikacja",NO — zachowanie/doprecyzowanie,R006: Nie zrównywać automatycznie hobby i pracy; nie dyskwalifikować hobby,FOUNDER DECISION,FAIRNESS REVIEW,ACCEPT WITH MODIFICATION,08,R006
EB-0041-01,EB,8,41,FARO EVIDENCE BASE — 2026 / 8. Socjologia zatrudnienia,"**Efekt sieci i nierówności dostępu:** W modelu ogólnopolskim jednoczesny start dla wszystkich może ograniczyć lokalne sieci wpływów (np. polecenia z regionu), ale nie wyeliminuje strukturalnych różnic. Osoby z dużym kapitałem społecznym mogą łatwiej zdobyć dowody kompetencji poza rynkiem pracy (wolontariat, projekty), co Faro uwzględnia, ale jeśli kultura oceny przez wyniki testów stanie się nowym „płotem”, to nierówności pozostaną. Ponadto istnieje obawa, że uproszczony profil „skills-first” może faworyzować osoby bardziej przedsiębiorcze w autopromocji i elastyczne w samokształceniu.",RECOMMENDATION / INTERPRETATION,Źródła kompetencji,Dowody rozdzielone,"**Efekt sieci i nierówności dostępu:** W modelu ogólnopolskim jednoczesny start dla wszystkich może ograniczyć lokalne sieci wpływów (np. polecenia z regionu), ale nie wyeliminuje strukturalnych różnic. Osoby z dużym kapitałem społecznym mogą łatwiej zdobyć dowody kompetencji poza rynkiem pracy (wolontariat, projekty), co Faro uwzględnia, ale jeśli kultura oceny przez wyniki testów stanie się nowym „płotem”, to nierówności pozostaną. Ponadto istnieje obawa, że uproszczony profil „skills-first” może faworyzować osoby bardziej przedsiębiorcze w autopromocji i elastyczne w samokształceniu.",Evidence graph,"§6,32: źródło, poziom, praktyka, dowód, weryfikacja",NO — zachowanie/doprecyzowanie,R006: Nie zrównywać automatycznie hobby i pracy; nie dyskwalifikować hobby,FOUNDER DECISION,FAIRNESS REVIEW,ACCEPT WITH MODIFICATION,08,R006
EB-0043-01,EB,8,43,FARO EVIDENCE BASE — 2026 / 8. Socjologia zatrudnienia,"**Niezamierzone konsekwencje:** W literaturze zwraca się uwagę, że usuwanie dotychczasowych etykiet (np. nazw firm) może zmienić znaczenie innych sygnałów.",RECOMMENDATION / INTERPRETATION,Źródła kompetencji,Dowody rozdzielone,"**Niezamierzone konsekwencje:** W literaturze zwraca się uwagę, że usuwanie dotychczasowych etykiet (np. nazw firm) może zmienić znaczenie innych sygnałów.",Evidence graph,"§6,32: źródło, poziom, praktyka, dowód, weryfikacja",NO — zachowanie/doprecyzowanie,R006: Nie zrównywać automatycznie hobby i pracy; nie dyskwalifikować hobby,FOUNDER DECISION,FAIRNESS REVIEW,ACCEPT WITH MODIFICATION,08,R006
EB-0043-02,EB,8,43,FARO EVIDENCE BASE — 2026 / 8. Socjologia zatrudnienia,"Jeżeli pracodawcy nie widzą nazwy firmy X, mogą z większym zaufaniem ufać algorytmowi oceny Faro – co może przerodzić się w *algorytmic signaling bias* (np.",RECOMMENDATION / INTERPRETATION,Źródła kompetencji,Dowody rozdzielone,"Jeżeli pracodawcy nie widzą nazwy firmy X, mogą z większym zaufaniem ufać algorytmowi oceny Faro – co może przerodzić się w *algorytmic signaling bias* (np.",Evidence graph,"§6,32: źródło, poziom, praktyka, dowód, weryfikacja",NO — zachowanie/doprecyzowanie,R006: Nie zrównywać automatycznie hobby i pracy; nie dyskwalifikować hobby,FOUNDER DECISION,FAIRNESS REVIEW,ACCEPT WITH MODIFICATION,08,R006
EB-0043-03,EB,8,43,FARO EVIDENCE BASE — 2026 / 8. Socjologia zatrudnienia,„wysoki wynik AI = elitarny kandydat”).,RECOMMENDATION / INTERPRETATION,Źródła kompetencji,Dowody rozdzielone,„wysoki wynik AI = elitarny kandydat”).,Evidence graph,"§6,32: źródło, poziom, praktyka, dowód, weryfikacja",NO — zachowanie/doprecyzowanie,R006: Nie zrównywać automatycznie hobby i pracy; nie dyskwalifikować hobby,FOUNDER DECISION,FAIRNESS REVIEW,ACCEPT WITH MODIFICATION,08,R006
EB-0043-04,EB,8,43,FARO EVIDENCE BASE — 2026 / 8. Socjologia zatrudnienia,"Niewykluczone, że w dłuższej perspektywie pojawią się nowe formy dominacji sygnałowej (np. posiadanie certyfikatu z renomowanej platformy).",RECOMMENDATION / INTERPRETATION,Źródła kompetencji,Dowody rozdzielone,"Niewykluczone, że w dłuższej perspektywie pojawią się nowe formy dominacji sygnałowej (np. posiadanie certyfikatu z renomowanej platformy).",Evidence graph,"§6,32: źródło, poziom, praktyka, dowód, weryfikacja",NO — zachowanie/doprecyzowanie,R006: Nie zrównywać automatycznie hobby i pracy; nie dyskwalifikować hobby,FOUNDER DECISION,FAIRNESS REVIEW,ACCEPT WITH MODIFICATION,08,R006
EB-0043-05,EB,8,43,FARO EVIDENCE BASE — 2026 / 8. Socjologia zatrudnienia,"Nie ma jeszcze danych empirycznych na temat możliwego „algorytmicznego elitaryzmu” w tego typu systemach – to pozostaje hipotezą wymagającą monitoringu (np. badania, czy w rankingu Faro stałe mogą dominować ludzie np. z lepszym dostępem do AI).",RECOMMENDATION / INTERPRETATION,Ranking wyników rekrutacji,Ostrożność wobec % ludzi,"Nie ma jeszcze danych empirycznych na temat możliwego „algorytmicznego elitaryzmu” w tego typu systemach – to pozostaje hipotezą wymagającą monitoringu (np. badania, czy w rankingu Faro stałe mogą dominować ludzie np. z lepszym dostępem do AI).",Ranking/AI ryzyko,§30: ranking wyników dozwolony,YES — korekta / ograniczenie / niepotwierdzona teza,R030: Tylko porównywalne wersje i rubryki jednej rekrutacji; człowiek decyduje,FOUNDER DECISION; EVIDENCE CONFLICT,AI/GDPR GATE,ACCEPT WITH MODIFICATION,"10,17",R030
EB-0046-01,EB,9,46,FARO EVIDENCE BASE — 2026 / 9. Nauki o rekrutacji (predykcyjność metod),"Liczne metaanalizy potwierdzają, że **najlepszą trafność predykcyjną** na wynik pracy mają testy próbki pracy (work samples) oraz ustrukturyzowane testy wiedzy i zdolności poznawczych.",RECOMMENDATION / INTERPRETATION,Predykcyjność testów,Walidacja lokalna,"Liczne metaanalizy potwierdzają, że **najlepszą trafność predykcyjną** na wynik pracy mają testy próbki pracy (work samples) oraz ustrukturyzowane testy wiedzy i zdolności poznawczych.",Kompetencje zamiast etykiet,§42: rzetelna nauka,YES — korekta / ograniczenie / niepotwierdzona teza,R050: Nie utożsamiać CV z latami edukacji; nie dzielić r jako skuteczności; testy wymagają walidacji,S10 meta-analysis; EB UNSUPPORTED NUMBERS,FAIRNESS REVIEW,TEST FIRST,"10,17,21",R050
EB-0046-02,EB,9,46,FARO EVIDENCE BASE — 2026 / 9. Nauki o rekrutacji (predykcyjność metod),"Klasyczne badania (Schmidt & Hunter, uaktualnione w 2022) pokazują, że korelacja testu pracy i ustrukturyzowanego wywiadu z późniejszą oceną pracowniczą to r≈0,50–0,54, podczas gdy nieustrukturyzowany wywiad daje tylko ~0,38.",UNVERIFIED EMPIRICAL CLAIM,Predykcyjność testów,Walidacja lokalna,"Klasyczne badania (Schmidt & Hunter, uaktualnione w 2022) pokazują, że korelacja testu pracy i ustrukturyzowanego wywiadu z późniejszą oceną pracowniczą to r≈0,50–0,54, podczas gdy nieustrukturyzowany wywiad daje tylko ~0,38.",Kompetencje zamiast etykiet,§42: rzetelna nauka,YES — korekta / ograniczenie / niepotwierdzona teza,QUARANTINE CLAIM: brak cytowalnej bibliografii/próby/metody; nie używać liczby jako faktu Faro. R050: Nie utożsamiać CV z latami edukacji; nie dzielić r jako skuteczności; testy wymagają walidacji,S10 meta-analysis; EB UNSUPPORTED NUMBERS,FAIRNESS REVIEW,TEST FIRST,"10,17,21",R050
EB-0046-03,EB,9,46,FARO EVIDENCE BASE — 2026 / 9. Nauki o rekrutacji (predykcyjność metod),"Dla porównania zwykła liczba lat doświadczenia koreluje z wynikiem na poziomie jedynie **r≈0,18**, a lata wykształcenia **r≈0,10**.",UNVERIFIED EMPIRICAL CLAIM,Predykcyjność testów,Walidacja lokalna,"Dla porównania zwykła liczba lat doświadczenia koreluje z wynikiem na poziomie jedynie **r≈0,18**, a lata wykształcenia **r≈0,10**.",Kompetencje zamiast etykiet,§42: rzetelna nauka,YES — korekta / ograniczenie / niepotwierdzona teza,QUARANTINE CLAIM: brak cytowalnej bibliografii/próby/metody; nie używać liczby jako faktu Faro. R050: Nie utożsamiać CV z latami edukacji; nie dzielić r jako skuteczności; testy wymagają walidacji,S10 meta-analysis; EB UNSUPPORTED NUMBERS,FAIRNESS REVIEW,TEST FIRST,"10,17,21",R050
EB-0046-04,EB,9,46,FARO EVIDENCE BASE — 2026 / 9. Nauki o rekrutacji (predykcyjność metod),"Oznacza to, że wspomniane kompetencje i testy realnych zadań przewidują wydajność znacznie lepiej niż resume.",RECOMMENDATION / INTERPRETATION,CV,Brak wymaganego CV; prywatny import później,"Oznacza to, że wspomniane kompetencje i testy realnych zadań przewidują wydajność znacznie lepiej niż resume.",Profil bez CV; miejscami copy „mniej CV”,§2: dokument nigdy do firmy,YES — korekta / ograniczenie / niepotwierdzona teza,R001: ZERO CV w procesie; przyszły import tylko prywatny,FOUNDER DECISION,GDPR REVIEW,ACCEPT WITH MODIFICATION,"03,05,06,07",R001
EB-0046-05,EB,9,46,FARO EVIDENCE BASE — 2026 / 9. Nauki o rekrutacji (predykcyjność metod),"Zatem usuwanie CV ma teoretyczne podstawy – jeśli rekruter polegał dotychczas na słabych predyktorach (wypośrodkowanymi zgadywaczami), Faro może znacząco poprawić trafność dopasowań.",RECOMMENDATION / INTERPRETATION,CV,Brak wymaganego CV; prywatny import później,"Zatem usuwanie CV ma teoretyczne podstawy – jeśli rekruter polegał dotychczas na słabych predyktorach (wypośrodkowanymi zgadywaczami), Faro może znacząco poprawić trafność dopasowań.",Profil bez CV; miejscami copy „mniej CV”,§2: dokument nigdy do firmy,YES — korekta / ograniczenie / niepotwierdzona teza,R001: ZERO CV w procesie; przyszły import tylko prywatny,FOUNDER DECISION,GDPR REVIEW,ACCEPT WITH MODIFICATION,"03,05,06,07",R001
EB-0048-01,EB,9,48,FARO EVIDENCE BASE — 2026 / 9. Nauki o rekrutacji (predykcyjność metod),"Zwraca się jednak uwagę, że *wszystko zależy od kontekstu pracy*: np. dla wysokokwalifikowanych specjalistów testy kognitywne czy próby pracy istotnie przewidują wyniki, ale dla ról manualnych lub kreatywnych inne metody (referencje, portfolio, symulacje) mogą mieć większą wartość.",RECOMMENDATION / INTERPRETATION,Źródła kompetencji,Dowody rozdzielone,"Zwraca się jednak uwagę, że *wszystko zależy od kontekstu pracy*: np. dla wysokokwalifikowanych specjalistów testy kognitywne czy próby pracy istotnie przewidują wyniki, ale dla ról manualnych lub kreatywnych inne metody (referencje, portfolio, symulacje) mogą mieć większą wartość.",Evidence graph,"§6,32: źródło, poziom, praktyka, dowód, weryfikacja",NO — zachowanie/doprecyzowanie,R006: Nie zrównywać automatycznie hobby i pracy; nie dyskwalifikować hobby,FOUNDER DECISION,FAIRNESS REVIEW,ACCEPT WITH MODIFICATION,08,R006
EB-0048-02,EB,9,48,FARO EVIDENCE BASE — 2026 / 9. Nauki o rekrutacji (predykcyjność metod),"Ważne, że przewidywalność metod rekrutacyjnych jest silnie uzależniona od jakości ich wykonania – dobrze opracowane testy Faro (walidowane na danym stanowisku) mogą być bardzo trafne, ale źle zaprojektowane będą równie bezwartościowe, jak przypadkowe wskazówki z CV.",RECOMMENDATION / INTERPRETATION,CV,Brak wymaganego CV; prywatny import później,"Ważne, że przewidywalność metod rekrutacyjnych jest silnie uzależniona od jakości ich wykonania – dobrze opracowane testy Faro (walidowane na danym stanowisku) mogą być bardzo trafne, ale źle zaprojektowane będą równie bezwartościowe, jak przypadkowe wskazówki z CV.",Profil bez CV; miejscami copy „mniej CV”,§2: dokument nigdy do firmy,YES — korekta / ograniczenie / niepotwierdzona teza,R001: ZERO CV w procesie; przyszły import tylko prywatny,FOUNDER DECISION,GDPR REVIEW,ACCEPT WITH MODIFICATION,"03,05,06,07",R001
EB-0048-03,EB,9,48,FARO EVIDENCE BASE — 2026 / 9. Nauki o rekrutacji (predykcyjność metod),"W aspekcie różnorodności: badania wskazują, że ustrukturyzowane metody (np. testy i wywiady) mają zwykle mniejszy *adverse impact* niż surowe testy sprawdzające inteligencję, co stanowi argument za preferowaniem bardziej ustrukturyzowanego oceniania.",RECOMMENDATION / INTERPRETATION,Predykcyjność testów,Walidacja lokalna,"W aspekcie różnorodności: badania wskazują, że ustrukturyzowane metody (np. testy i wywiady) mają zwykle mniejszy *adverse impact* niż surowe testy sprawdzające inteligencję, co stanowi argument za preferowaniem bardziej ustrukturyzowanego oceniania.",Kompetencje zamiast etykiet,§42: rzetelna nauka,YES — korekta / ograniczenie / niepotwierdzona teza,R050: Nie utożsamiać CV z latami edukacji; nie dzielić r jako skuteczności; testy wymagają walidacji,S10 meta-analysis; EB UNSUPPORTED NUMBERS,FAIRNESS REVIEW,TEST FIRST,"10,17,21",R050
EB-0051-01,EB,10,51,FARO EVIDENCE BASE — 2026 / 10. Nauka o assessmentach (testowanie kandydatów),"Wdrażając silnik ocen (assessment engine), należy kierować się zasadami psychometrii.",RECOMMENDATION / INTERPRETATION,Assessment Center,Wersjonowane zadania,"Wdrażając silnik ocen (assessment engine), należy kierować się zasadami psychometrii.",Short/accessible/reusable,"§26: typ, liczba, limit, termin przed Start",NO — zachowanie/doprecyzowanie,R026: Timer serwerowy od jawnego Start; deadline niezależny,FOUNDER DECISION,AI/GDPR/EQUALITY REVIEW,ACCEPT WITH MODIFICATION,10,R026
EB-0051-02,EB,10,51,FARO EVIDENCE BASE — 2026 / 10. Nauka o assessmentach (testowanie kandydatów),"**Walidność** testów jest kluczowa: jeśli test mierzy realnie to, co jest potrzebne na stanowisku, jego wynik jest użytecznym wskaźnikiem.",RECOMMENDATION / INTERPRETATION,Assessment Center,Wersjonowane zadania,"**Walidność** testów jest kluczowa: jeśli test mierzy realnie to, co jest potrzebne na stanowisku, jego wynik jest użytecznym wskaźnikiem.",Short/accessible/reusable,"§26: typ, liczba, limit, termin przed Start",NO — zachowanie/doprecyzowanie,R026: Timer serwerowy od jawnego Start; deadline niezależny,FOUNDER DECISION,AI/GDPR/EQUALITY REVIEW,ACCEPT WITH MODIFICATION,10,R026
EB-0051-03,EB,10,51,FARO EVIDENCE BASE — 2026 / 10. Nauka o assessmentach (testowanie kandydatów),W przeciwnym razie może wykluczać dobre talenty.,RECOMMENDATION / INTERPRETATION,Assessment Center,Wersjonowane zadania,W przeciwnym razie może wykluczać dobre talenty.,Short/accessible/reusable,"§26: typ, liczba, limit, termin przed Start",NO — zachowanie/doprecyzowanie,R026: Timer serwerowy od jawnego Start; deadline niezależny,FOUNDER DECISION,AI/GDPR/EQUALITY REVIEW,ACCEPT WITH MODIFICATION,10,R026
EB-0051-04,EB,10,51,FARO EVIDENCE BASE — 2026 / 10. Nauka o assessmentach (testowanie kandydatów),**Rzetelność** (powtarzalność wyników) oraz **uczciwość** (fairness) również mają zasadnicze znaczenie.,RECOMMENDATION / INTERPRETATION,Symetria odpowiedzialności,Brak globalnej reputacji ludzi,**Rzetelność** (powtarzalność wyników) oraz **uczciwość** (fairness) również mają zasadnicze znaczenie.,Process reliability,§16: odpowiedzialność obu stron,NO — zachowanie/doprecyzowanie,"R016: Takie same prawa korekty i odwołania, różne obowiązki ról",FOUNDER DECISION,GDPR/DSA REVIEW,ACCEPT WITH MODIFICATION,12,R016
EB-0051-05,EB,10,51,FARO EVIDENCE BASE — 2026 / 10. Nauka o assessmentach (testowanie kandydatów),"Z literatury rekrutacyjnej wiadomo, że najbardziej efektywne testy (kognitywne, zadania praktyczne) mogą mieć znaczną przewagę predykcyjną, ale często też generują większą różnicę wyników między grupami (co wymaga monitorowania adverse impact).",RECOMMENDATION / INTERPRETATION,Assessment Center,Wersjonowane zadania,"Z literatury rekrutacyjnej wiadomo, że najbardziej efektywne testy (kognitywne, zadania praktyczne) mogą mieć znaczną przewagę predykcyjną, ale często też generują większą różnicę wyników między grupami (co wymaga monitorowania adverse impact).",Short/accessible/reusable,"§26: typ, liczba, limit, termin przed Start",NO — zachowanie/doprecyzowanie,R026: Timer serwerowy od jawnego Start; deadline niezależny,FOUNDER DECISION,AI/GDPR/EQUALITY REVIEW,ACCEPT WITH MODIFICATION,10,R026
EB-0051-06,EB,10,51,FARO EVIDENCE BASE — 2026 / 10. Nauka o assessmentach (testowanie kandydatów),"Przykładowo Campion (2025) pokazuje, że nawet doskonałe testy umiejętności można „dopompować” praktyką (korzystanie z próbnego testu obniżyło różnice między grupami).",RECOMMENDATION / INTERPRETATION,Assessment Center,Wersjonowane zadania,"Przykładowo Campion (2025) pokazuje, że nawet doskonałe testy umiejętności można „dopompować” praktyką (korzystanie z próbnego testu obniżyło różnice między grupami).",Short/accessible/reusable,"§26: typ, liczba, limit, termin przed Start",NO — zachowanie/doprecyzowanie,R026: Timer serwerowy od jawnego Start; deadline niezależny,FOUNDER DECISION,AI/GDPR/EQUALITY REVIEW,ACCEPT WITH MODIFICATION,10,R026
EB-0051-07,EB,10,51,FARO EVIDENCE BASE — 2026 / 10. Nauka o assessmentach (testowanie kandydatów),"To sugeruje, że Faro mógłby oferować narzędzia przygotowania do testów, aby wyrównać szanse.",RECOMMENDATION / INTERPRETATION,Assessment Center,Wersjonowane zadania,"To sugeruje, że Faro mógłby oferować narzędzia przygotowania do testów, aby wyrównać szanse.",Short/accessible/reusable,"§26: typ, liczba, limit, termin przed Start",NO — zachowanie/doprecyzowanie,R026: Timer serwerowy od jawnego Start; deadline niezależny,FOUNDER DECISION,AI/GDPR/EQUALITY REVIEW,ACCEPT WITH MODIFICATION,10,R026
EB-0053-01,EB,10,53,FARO EVIDENCE BASE — 2026 / 10. Nauka o assessmentach (testowanie kandydatów),**Sprawdzalność i błędy:** Testy mogą dawać fałszywe pozytywy (np. ktoś zawyża samodzielnie swój wynik) lub fałszywe negatywy (np. dobra osoba stresuje się testem i uzyskuje słaby wynik).,RECOMMENDATION / INTERPRETATION,Assessment Center,Wersjonowane zadania,**Sprawdzalność i błędy:** Testy mogą dawać fałszywe pozytywy (np. ktoś zawyża samodzielnie swój wynik) lub fałszywe negatywy (np. dobra osoba stresuje się testem i uzyskuje słaby wynik).,Short/accessible/reusable,"§26: typ, liczba, limit, termin przed Start",NO — zachowanie/doprecyzowanie,R026: Timer serwerowy od jawnego Start; deadline niezależny,FOUNDER DECISION,AI/GDPR/EQUALITY REVIEW,ACCEPT WITH MODIFICATION,10,R026
EB-0053-02,EB,10,53,FARO EVIDENCE BASE — 2026 / 10. Nauka o assessmentach (testowanie kandydatów),"W zależności od konstrukcji, AI-assessment może oceniać odpowiedzi obiektywne automatycznie, ale w zadaniach otwartych konieczna jest ocena człowieka lub hybryda (AI+ człowiek) – w przeciwnym razie rośnie ryzyko arbitralnych lub błędnych decyzji.",RECOMMENDATION / INTERPRETATION,Assessment Center,Wersjonowane zadania,"W zależności od konstrukcji, AI-assessment może oceniać odpowiedzi obiektywne automatycznie, ale w zadaniach otwartych konieczna jest ocena człowieka lub hybryda (AI+ człowiek) – w przeciwnym razie rośnie ryzyko arbitralnych lub błędnych decyzji.",Short/accessible/reusable,"§26: typ, liczba, limit, termin przed Start",NO — zachowanie/doprecyzowanie,R026: Timer serwerowy od jawnego Start; deadline niezależny,FOUNDER DECISION,AI/GDPR/EQUALITY REVIEW,ACCEPT WITH MODIFICATION,10,R026
EB-0053-03,EB,10,53,FARO EVIDENCE BASE — 2026 / 10. Nauka o assessmentach (testowanie kandydatów),"Analiza sugeruje, że ranking kandydatów powinien być używany ostrożnie: jeśli mamy dobrze zwalidowany test, to ranking wg wyniku dla konkretnej rekrutacji jest uzasadniony (to czysty ranking „kompetencji do tego zadania”).",RECOMMENDATION / INTERPRETATION,Ranking wyników rekrutacji,Ostrożność wobec % ludzi,"Analiza sugeruje, że ranking kandydatów powinien być używany ostrożnie: jeśli mamy dobrze zwalidowany test, to ranking wg wyniku dla konkretnej rekrutacji jest uzasadniony (to czysty ranking „kompetencji do tego zadania”).",Ranking/AI ryzyko,§30: ranking wyników dozwolony,YES — korekta / ograniczenie / niepotwierdzona teza,R030: Tylko porównywalne wersje i rubryki jednej rekrutacji; człowiek decyduje,FOUNDER DECISION; EVIDENCE CONFLICT,AI/GDPR GATE,ACCEPT WITH MODIFICATION,"10,17",R030
EB-0053-04,EB,10,53,FARO EVIDENCE BASE — 2026 / 10. Nauka o assessmentach (testowanie kandydatów),Natomiast prezentowanie globalnego „overall score” mogłoby prowadzić do niepotrzebnej etykiety: raczej warto pokazywać breakdown kompetencji (np.,RECOMMENDATION / INTERPRETATION,Ranking wyników rekrutacji,Ostrożność wobec % ludzi,Natomiast prezentowanie globalnego „overall score” mogłoby prowadzić do niepotrzebnej etykiety: raczej warto pokazywać breakdown kompetencji (np.,Ranking/AI ryzyko,§30: ranking wyników dozwolony,YES — korekta / ograniczenie / niepotwierdzona teza,R030: Tylko porównywalne wersje i rubryki jednej rekrutacji; człowiek decyduje,FOUNDER DECISION; EVIDENCE CONFLICT,AI/GDPR GATE,ACCEPT WITH MODIFICATION,"10,17",R030
EB-0053-05,EB,10,53,FARO EVIDENCE BASE — 2026 / 10. Nauka o assessmentach (testowanie kandydatów),"“umiejętność X: 80%, Y: 60%”), co sprzyja przejrzystości.",UNVERIFIED EMPIRICAL CLAIM,Assessment Center,Wersjonowane zadania,"“umiejętność X: 80%, Y: 60%”), co sprzyja przejrzystości.",Short/accessible/reusable,"§26: typ, liczba, limit, termin przed Start",NO — zachowanie/doprecyzowanie,QUARANTINE CLAIM: brak cytowalnej bibliografii/próby/metody; nie używać liczby jako faktu Faro. R026: Timer serwerowy od jawnego Start; deadline niezależny,FOUNDER DECISION,AI/GDPR/EQUALITY REVIEW,TEST FIRST,10,R026
EB-0055-01,EB,10,55,FARO EVIDENCE BASE — 2026 / 10. Nauka o assessmentach (testowanie kandydatów),"**Candidate experience:** Dla kandydatów ważne jest, by testy nie były nadmiernie męczące (assessment fatigue) i by wiedzieli, czego się spodziewać.",RECOMMENDATION / INTERPRETATION,Assessment Center,Wersjonowane zadania,"**Candidate experience:** Dla kandydatów ważne jest, by testy nie były nadmiernie męczące (assessment fatigue) i by wiedzieli, czego się spodziewać.",Short/accessible/reusable,"§26: typ, liczba, limit, termin przed Start",NO — zachowanie/doprecyzowanie,R026: Timer serwerowy od jawnego Start; deadline niezależny,FOUNDER DECISION,AI/GDPR/EQUALITY REVIEW,ACCEPT WITH MODIFICATION,10,R026
EB-0055-02,EB,10,55,FARO EVIDENCE BASE — 2026 / 10. Nauka o assessmentach (testowanie kandydatów),"ERecruiter radzi, by przed rozpoczęciem testu było jasne, ile zadań, ile czasu i jaka forma oceny, bo niepewność generałuje stres i rezygnację.",RECOMMENDATION / INTERPRETATION,Assessment Center,Wersjonowane zadania,"ERecruiter radzi, by przed rozpoczęciem testu było jasne, ile zadań, ile czasu i jaka forma oceny, bo niepewność generałuje stres i rezygnację.",Short/accessible/reusable,"§26: typ, liczba, limit, termin przed Start",NO — zachowanie/doprecyzowanie,R026: Timer serwerowy od jawnego Start; deadline niezależny,FOUNDER DECISION,AI/GDPR/EQUALITY REVIEW,ACCEPT WITH MODIFICATION,10,R026
EB-0055-03,EB,10,55,FARO EVIDENCE BASE — 2026 / 10. Nauka o assessmentach (testowanie kandydatów),"Badania ujawniają, że ponad połowa kandydatów może porzucić proces, jeśli test jest nieczytelny lub trwa zbyt długo.",RECOMMENDATION / INTERPRETATION,Assessment Center,Wersjonowane zadania,"Badania ujawniają, że ponad połowa kandydatów może porzucić proces, jeśli test jest nieczytelny lub trwa zbyt długo.",Short/accessible/reusable,"§26: typ, liczba, limit, termin przed Start",NO — zachowanie/doprecyzowanie,R026: Timer serwerowy od jawnego Start; deadline niezależny,FOUNDER DECISION,AI/GDPR/EQUALITY REVIEW,ACCEPT WITH MODIFICATION,10,R026
EB-0055-04,EB,10,55,FARO EVIDENCE BASE — 2026 / 10. Nauka o assessmentach (testowanie kandydatów),"Część źródeł wskazuje, że automatyczne oceny (AI scoring) mogą przyspieszyć proces, ale bez odpowiedniej kalibracji istnieje ryzyko biasu – w praktyce powinna być możliwość „odwołania” do oceny człowieka oraz zapewniona wyjaśnialność (możliwość powiedzenia, dlaczego tak oceniono).",RECOMMENDATION / INTERPRETATION,Ranking wyników rekrutacji,Ostrożność wobec % ludzi,"Część źródeł wskazuje, że automatyczne oceny (AI scoring) mogą przyspieszyć proces, ale bez odpowiedniej kalibracji istnieje ryzyko biasu – w praktyce powinna być możliwość „odwołania” do oceny człowieka oraz zapewniona wyjaśnialność (możliwość powiedzenia, dlaczego tak oceniono).",Ranking/AI ryzyko,§30: ranking wyników dozwolony,YES — korekta / ograniczenie / niepotwierdzona teza,R030: Tylko porównywalne wersje i rubryki jednej rekrutacji; człowiek decyduje,FOUNDER DECISION; EVIDENCE CONFLICT,AI/GDPR GATE,ACCEPT WITH MODIFICATION,"10,17",R030
EB-0058-01,EB,11,58,FARO EVIDENCE BASE — 2026 / 11. Informacja zwrotna po odrzuceniu,"Badania organizacji takie jak CIPD i JMO wykazują, że kandydaci bardzo cenią zrozumiałe wyjaśnienie przyczyn odrzucenia.",RECOMMENDATION / INTERPRETATION,Powód odrzucenia,Ustrukturyzowany powód,"Badania organizacji takie jak CIPD i JMO wykazują, że kandydaci bardzo cenią zrozumiałe wyjaśnienie przyczyn odrzucenia.",Useful rejection,§15: konkretne wymaganie,NO — zachowanie/doprecyzowanie,R015: ReasonCode oraz requirementId przy porównaniu; brak fikcyjnego braku kompetencji,FOUNDER DECISION; skuteczność HYPOTHESIS,EQUALITY/GDPR REVIEW,ACCEPT WITH MODIFICATION,"06,11",R015
EB-0058-02,EB,11,58,FARO EVIDENCE BASE — 2026 / 11. Informacja zwrotna po odrzuceniu,"Cambridge study (Barattucci et al. 2025) jasno pokazała, że **terminowa informacja o odrzuceniu** znacząco poprawia ocenę firmy przez kandydata oraz zwiększa gotowość do ponownego aplikowania.",RECOMMENDATION / INTERPRETATION,Powód odrzucenia,Ustrukturyzowany powód,"Cambridge study (Barattucci et al. 2025) jasno pokazała, że **terminowa informacja o odrzuceniu** znacząco poprawia ocenę firmy przez kandydata oraz zwiększa gotowość do ponownego aplikowania.",Useful rejection,§15: konkretne wymaganie,NO — zachowanie/doprecyzowanie,R015: ReasonCode oraz requirementId przy porównaniu; brak fikcyjnego braku kompetencji,FOUNDER DECISION; skuteczność HYPOTHESIS,EQUALITY/GDPR REVIEW,ACCEPT WITH MODIFICATION,"06,11",R015
EB-0058-03,EB,11,58,FARO EVIDENCE BASE — 2026 / 11. Informacja zwrotna po odrzuceniu,"Choć badania nie analizują dokładnie treści feedbacku, inne źródła zwracają uwagę, że szczere i konkretne powody (np.",RECOMMENDATION / INTERPRETATION,Powód odrzucenia,Ustrukturyzowany powód,"Choć badania nie analizują dokładnie treści feedbacku, inne źródła zwracają uwagę, że szczere i konkretne powody (np.",Useful rejection,§15: konkretne wymaganie,NO — zachowanie/doprecyzowanie,R015: ReasonCode oraz requirementId przy porównaniu; brak fikcyjnego braku kompetencji,FOUNDER DECISION; skuteczność HYPOTHESIS,EQUALITY/GDPR REVIEW,ACCEPT WITH MODIFICATION,"06,11",R015
EB-0058-04,EB,11,58,FARO EVIDENCE BASE — 2026 / 11. Informacja zwrotna po odrzuceniu,"„brak konkretnej umiejętności X”, „zmiana potrzeb firmy”) ułatwiają kandydatom rozwój osobisty.",RECOMMENDATION / INTERPRETATION,Powód odrzucenia,Ustrukturyzowany powód,"„brak konkretnej umiejętności X”, „zmiana potrzeb firmy”) ułatwiają kandydatom rozwój osobisty.",Useful rejection,§15: konkretne wymaganie,NO — zachowanie/doprecyzowanie,R015: ReasonCode oraz requirementId przy porównaniu; brak fikcyjnego braku kompetencji,FOUNDER DECISION; skuteczność HYPOTHESIS,EQUALITY/GDPR REVIEW,ACCEPT WITH MODIFICATION,"06,11",R015
EB-0058-05,EB,11,58,FARO EVIDENCE BASE — 2026 / 11. Informacja zwrotna po odrzuceniu,Brak feedbacku (częsty symptom ghostingu) wiąże się natomiast z wyższą frustracją i odczuciem niesprawiedliwości procesu.,RECOMMENDATION / INTERPRETATION,Symetria odpowiedzialności; Powód odrzucenia,Brak globalnej reputacji ludzi,Brak feedbacku (częsty symptom ghostingu) wiąże się natomiast z wyższą frustracją i odczuciem niesprawiedliwości procesu.,Process reliability,§16: odpowiedzialność obu stron,NO — zachowanie/doprecyzowanie,"R016: Takie same prawa korekty i odwołania, różne obowiązki ról R015: ReasonCode oraz requirementId przy porównaniu; brak fikcyjnego braku kompetencji",FOUNDER DECISION,GDPR/DSA REVIEW,ACCEPT WITH MODIFICATION,12,R016;R015
EB-0058-06,EB,11,58,FARO EVIDENCE BASE — 2026 / 11. Informacja zwrotna po odrzuceniu,"Dodatkowo polskie prawo pracy (kodeks pracy) oraz orzecznictwo (np. art. 94 K.P. o zakazie dyskryminacji) sugerują, że dawanie informacji zwrotnej może obniżać ryzyko oskarżeń o uprzedzenia – uproszczona odpowiedź „inny kandydat był lepszy” może wytłumaczyć proces, ale wymaga precyzyjnego wskazania brakującego elementu, by był użyteczny.",RECOMMENDATION / INTERPRETATION,Kategorie danych,Minimalizacja i role,"Dodatkowo polskie prawo pracy (kodeks pracy) oraz orzecznictwo (np. art. 94 K.P. o zakazie dyskryminacji) sugerują, że dawanie informacji zwrotnej może obniżać ryzyko oskarżeń o uprzedzenia – uproszczona odpowiedź „inny kandydat był lepszy” może wytłumaczyć proces, ale wymaga precyzyjnego wskazania brakującego elementu, by był użyteczny.",Ostrożny scan,§0 prawo nadrzędne,YES — korekta / ograniczenie / niepotwierdzona teza,R043: Zwykły wynik SQL nie staje się automatycznie art9; JDG/rekruter to także dane osobowe,GDPR; korekta EB,P0 LEGAL GATE,LEGAL REVIEW,"04,17",R043
EB-0060-01,EB,11,60,FARO EVIDENCE BASE — 2026 / 11. Informacja zwrotna po odrzuceniu,"**Percepcja sprawiedliwości:** Proceduralna sprawiedliwość w rekrutacji jest silnie związana z komunikacją – jasne kryteria, transparentny harmonogram i konkretne powody odrzucenia budują zaufanie kandydata.",RECOMMENDATION / INTERPRETATION,Powód odrzucenia,Ustrukturyzowany powód,"**Percepcja sprawiedliwości:** Proceduralna sprawiedliwość w rekrutacji jest silnie związana z komunikacją – jasne kryteria, transparentny harmonogram i konkretne powody odrzucenia budują zaufanie kandydata.",Useful rejection,§15: konkretne wymaganie,NO — zachowanie/doprecyzowanie,R015: ReasonCode oraz requirementId przy porównaniu; brak fikcyjnego braku kompetencji,FOUNDER DECISION; skuteczność HYPOTHESIS,EQUALITY/GDPR REVIEW,ACCEPT WITH MODIFICATION,"06,11",R015
EB-0060-02,EB,11,60,FARO EVIDENCE BASE — 2026 / 11. Informacja zwrotna po odrzuceniu,"Negatywne skutki powierzchownego feedbacku to ryzyko „brand damage” (kandydat nie tylko rezygnuje, ale może ostrzegać innych).",RECOMMENDATION / INTERPRETATION,Powód odrzucenia,Ustrukturyzowany powód,"Negatywne skutki powierzchownego feedbacku to ryzyko „brand damage” (kandydat nie tylko rezygnuje, ale może ostrzegać innych).",Useful rejection,§15: konkretne wymaganie,NO — zachowanie/doprecyzowanie,R015: ReasonCode oraz requirementId przy porównaniu; brak fikcyjnego braku kompetencji,FOUNDER DECISION; skuteczność HYPOTHESIS,EQUALITY/GDPR REVIEW,ACCEPT WITH MODIFICATION,"06,11",R015
EB-0060-03,EB,11,60,FARO EVIDENCE BASE — 2026 / 11. Informacja zwrotna po odrzuceniu,"Badania pokazują, że inwestycja w jakościową informację zwrotną zwykle nie jest postrzegana negatywnie przez firmy (jedynie 20% rekruterów obawia się, że konstruktywna krytyka zniechęci kandydatów) – przeciwnie, większość organizacji rozumie, że przejrzystość może budować lojalność.",UNVERIFIED EMPIRICAL CLAIM,Powód odrzucenia,Ustrukturyzowany powód,"Badania pokazują, że inwestycja w jakościową informację zwrotną zwykle nie jest postrzegana negatywnie przez firmy (jedynie 20% rekruterów obawia się, że konstruktywna krytyka zniechęci kandydatów) – przeciwnie, większość organizacji rozumie, że przejrzystość może budować lojalność.",Useful rejection,§15: konkretne wymaganie,NO — zachowanie/doprecyzowanie,QUARANTINE CLAIM: brak cytowalnej bibliografii/próby/metody; nie używać liczby jako faktu Faro. R015: ReasonCode oraz requirementId przy porównaniu; brak fikcyjnego braku kompetencji,FOUNDER DECISION; skuteczność HYPOTHESIS,EQUALITY/GDPR REVIEW,TEST FIRST,"06,11",R015
EB-0060-04,EB,11,60,FARO EVIDENCE BASE — 2026 / 11. Informacja zwrotna po odrzuceniu,"Jako strukturę informacji feedback powinien: zawierać konkretną lukę (którego wymagania brak), unikać frazesów, wskazywać możliwości rozwoju (np.",RECOMMENDATION / INTERPRETATION,Powód odrzucenia,Ustrukturyzowany powód,"Jako strukturę informacji feedback powinien: zawierać konkretną lukę (którego wymagania brak), unikać frazesów, wskazywać możliwości rozwoju (np.",Useful rejection,§15: konkretne wymaganie,NO — zachowanie/doprecyzowanie,R015: ReasonCode oraz requirementId przy porównaniu; brak fikcyjnego braku kompetencji,FOUNDER DECISION; skuteczność HYPOTHESIS,EQUALITY/GDPR REVIEW,ACCEPT WITH MODIFICATION,"06,11",R015
EB-0060-05,EB,11,60,FARO EVIDENCE BASE — 2026 / 11. Informacja zwrotna po odrzuceniu,„faro pokaże Ci ścieżki uzupełnienia umiejętności X”).,RECOMMENDATION / INTERPRETATION,Powód odrzucenia,Ustrukturyzowany powód,„faro pokaże Ci ścieżki uzupełnienia umiejętności X”).,Useful rejection,§15: konkretne wymaganie,NO — zachowanie/doprecyzowanie,R015: ReasonCode oraz requirementId przy porównaniu; brak fikcyjnego braku kompetencji,FOUNDER DECISION; skuteczność HYPOTHESIS,EQUALITY/GDPR REVIEW,ACCEPT WITH MODIFICATION,"06,11",R015
EB-0060-06,EB,11,60,FARO EVIDENCE BASE — 2026 / 11. Informacja zwrotna po odrzuceniu,Najlepsze praktyki to też polityka czasu odpowiedzi: np. badani przedsiębiorcy radzą odpowiadać w ciągu 5–7 dni od rozmowy (dłuższe zwlekanie silnie obniża satysfakcję kandydatów).,RECOMMENDATION / INTERPRETATION,Powód odrzucenia,Ustrukturyzowany powód,Najlepsze praktyki to też polityka czasu odpowiedzi: np. badani przedsiębiorcy radzą odpowiadać w ciągu 5–7 dni od rozmowy (dłuższe zwlekanie silnie obniża satysfakcję kandydatów).,Useful rejection,§15: konkretne wymaganie,NO — zachowanie/doprecyzowanie,R015: ReasonCode oraz requirementId przy porównaniu; brak fikcyjnego braku kompetencji,FOUNDER DECISION; skuteczność HYPOTHESIS,EQUALITY/GDPR REVIEW,ACCEPT WITH MODIFICATION,"06,11",R015
EB-0063-01,EB,12,63,FARO EVIDENCE BASE — 2026 / 12. Transparentność procesu,Transparentność w rekrutacji generalnie podnosi zaufanie kandydatów i skłania więcej osób do aplikowania.,RECOMMENDATION / INTERPRETATION,Powód odrzucenia,Ustrukturyzowany powód,Transparentność w rekrutacji generalnie podnosi zaufanie kandydatów i skłania więcej osób do aplikowania.,Useful rejection,§15: konkretne wymaganie,NO — zachowanie/doprecyzowanie,R015: ReasonCode oraz requirementId przy porównaniu; brak fikcyjnego braku kompetencji,FOUNDER DECISION; skuteczność HYPOTHESIS,EQUALITY/GDPR REVIEW,ACCEPT WITH MODIFICATION,"06,11",R015
EB-0063-02,EB,12,63,FARO EVIDENCE BASE — 2026 / 12. Transparentność procesu,"Badania pokazują, że widoczne wskaźniki (czas odpowiedzi, liczba etapów, przewidywana długość testów, liczba rozmów) przyczyniają się do postrzeganej uczciwości i przewidywalności procesu.",RECOMMENDATION / INTERPRETATION,Powód odrzucenia,Ustrukturyzowany powód,"Badania pokazują, że widoczne wskaźniki (czas odpowiedzi, liczba etapów, przewidywana długość testów, liczba rozmów) przyczyniają się do postrzeganej uczciwości i przewidywalności procesu.",Useful rejection,§15: konkretne wymaganie,NO — zachowanie/doprecyzowanie,R015: ReasonCode oraz requirementId przy porównaniu; brak fikcyjnego braku kompetencji,FOUNDER DECISION; skuteczność HYPOTHESIS,EQUALITY/GDPR REVIEW,ACCEPT WITH MODIFICATION,"06,11",R015
EB-0063-03,EB,12,63,FARO EVIDENCE BASE — 2026 / 12. Transparentność procesu,"Kandydaci czują się bardziej komfortowo wiedząc, czego mogą oczekiwać – co z kolei zwiększa liczbę ukończonych procesów rekrutacyjnych.",RECOMMENDATION / INTERPRETATION,Powód odrzucenia,Ustrukturyzowany powód,"Kandydaci czują się bardziej komfortowo wiedząc, czego mogą oczekiwać – co z kolei zwiększa liczbę ukończonych procesów rekrutacyjnych.",Useful rejection,§15: konkretne wymaganie,NO — zachowanie/doprecyzowanie,R015: ReasonCode oraz requirementId przy porównaniu; brak fikcyjnego braku kompetencji,FOUNDER DECISION; skuteczność HYPOTHESIS,EQUALITY/GDPR REVIEW,ACCEPT WITH MODIFICATION,"06,11",R015
EB-0063-04,EB,12,63,FARO EVIDENCE BASE — 2026 / 12. Transparentność procesu,Praktyki takie jak podawanie orientacyjnego czasu odpowiedzi (np.,RECOMMENDATION / INTERPRETATION,Powód odrzucenia,Ustrukturyzowany powód,Praktyki takie jak podawanie orientacyjnego czasu odpowiedzi (np.,Useful rejection,§15: konkretne wymaganie,NO — zachowanie/doprecyzowanie,R015: ReasonCode oraz requirementId przy porównaniu; brak fikcyjnego braku kompetencji,FOUNDER DECISION; skuteczność HYPOTHESIS,EQUALITY/GDPR REVIEW,ACCEPT WITH MODIFICATION,"06,11",R015
EB-0063-05,EB,12,63,FARO EVIDENCE BASE — 2026 / 12. Transparentność procesu,"„odpowiadamy zwykle w 5 dni”) lub etapów (np. dwa rozmowy, jeden test) często pojawiają się w dobrych ofertach pracy i są cenione przez kandydatów.",RECOMMENDATION / INTERPRETATION,Powód odrzucenia,Ustrukturyzowany powód,"„odpowiadamy zwykle w 5 dni”) lub etapów (np. dwa rozmowy, jeden test) często pojawiają się w dobrych ofertach pracy i są cenione przez kandydatów.",Useful rejection,§15: konkretne wymaganie,NO — zachowanie/doprecyzowanie,R015: ReasonCode oraz requirementId przy porównaniu; brak fikcyjnego braku kompetencji,FOUNDER DECISION; skuteczność HYPOTHESIS,EQUALITY/GDPR REVIEW,ACCEPT WITH MODIFICATION,"06,11",R015
EB-0063-06,EB,12,63,FARO EVIDENCE BASE — 2026 / 12. Transparentność procesu,"Przykładowo, przejrzystość widełek płac zwiększa liczbę aplikacji aż o 70–80%, a brak tej informacji obniża zaufanie aż w 3/4.",UNVERIFIED EMPIRICAL CLAIM,Powód odrzucenia,Ustrukturyzowany powód,"Przykładowo, przejrzystość widełek płac zwiększa liczbę aplikacji aż o 70–80%, a brak tej informacji obniża zaufanie aż w 3/4.",Useful rejection,§15: konkretne wymaganie,NO — zachowanie/doprecyzowanie,QUARANTINE CLAIM: brak cytowalnej bibliografii/próby/metody; nie używać liczby jako faktu Faro. R015: ReasonCode oraz requirementId przy porównaniu; brak fikcyjnego braku kompetencji,FOUNDER DECISION; skuteczność HYPOTHESIS,EQUALITY/GDPR REVIEW,TEST FIRST,"06,11",R015
EB-0065-01,EB,12,65,FARO EVIDENCE BASE — 2026 / 12. Transparentność procesu,"**Potencjalne negatywy dla firm:** Firmy boją się, że ujawnianie szczegółów procesu może ujawniać ich wewnętrzne słabości (np. długi proces selekcji).",RECOMMENDATION / INTERPRETATION,Powód odrzucenia,Ustrukturyzowany powód,"**Potencjalne negatywy dla firm:** Firmy boją się, że ujawnianie szczegółów procesu może ujawniać ich wewnętrzne słabości (np. długi proces selekcji).",Useful rejection,§15: konkretne wymaganie,NO — zachowanie/doprecyzowanie,R015: ReasonCode oraz requirementId przy porównaniu; brak fikcyjnego braku kompetencji,FOUNDER DECISION; skuteczność HYPOTHESIS,EQUALITY/GDPR REVIEW,ACCEPT WITH MODIFICATION,"06,11",R015
EB-0065-02,EB,12,65,FARO EVIDENCE BASE — 2026 / 12. Transparentność procesu,"Jedno źródło wskazuje, że organizacje boją się pytań o nadgodziny czy benefity przy pełnej transparentności – jednak te obawy są zwykle przewartościowane: 93% kandydatów uważa jawność wynagrodzeń za element uczciwości.",UNVERIFIED EMPIRICAL CLAIM,Powód odrzucenia,Ustrukturyzowany powód,"Jedno źródło wskazuje, że organizacje boją się pytań o nadgodziny czy benefity przy pełnej transparentności – jednak te obawy są zwykle przewartościowane: 93% kandydatów uważa jawność wynagrodzeń za element uczciwości.",Useful rejection,§15: konkretne wymaganie,NO — zachowanie/doprecyzowanie,QUARANTINE CLAIM: brak cytowalnej bibliografii/próby/metody; nie używać liczby jako faktu Faro. R015: ReasonCode oraz requirementId przy porównaniu; brak fikcyjnego braku kompetencji,FOUNDER DECISION; skuteczność HYPOTHESIS,EQUALITY/GDPR REVIEW,TEST FIRST,"06,11",R015
EB-0065-03,EB,12,65,FARO EVIDENCE BASE — 2026 / 12. Transparentność procesu,"Nie ma dowodów, aby ujawnianie informacji negatywnie wpływało na liczbę lub jakość aplikacji – wręcz przeciwnie, zwiększa spełnienie oczekiwań.",RECOMMENDATION / INTERPRETATION,Powód odrzucenia,Ustrukturyzowany powód,"Nie ma dowodów, aby ujawnianie informacji negatywnie wpływało na liczbę lub jakość aplikacji – wręcz przeciwnie, zwiększa spełnienie oczekiwań.",Useful rejection,§15: konkretne wymaganie,NO — zachowanie/doprecyzowanie,R015: ReasonCode oraz requirementId przy porównaniu; brak fikcyjnego braku kompetencji,FOUNDER DECISION; skuteczność HYPOTHESIS,EQUALITY/GDPR REVIEW,ACCEPT WITH MODIFICATION,"06,11",R015
EB-0065-04,EB,12,65,FARO EVIDENCE BASE — 2026 / 12. Transparentność procesu,"Ewentualnym problemem może być to, że firmy nieprzygotowane mogą poczuć presję ciągłej aktualizacji danych (stąd wymóg regularnej weryfikacji ofert przez pracodawcę jest uzasadniony).",RECOMMENDATION / INTERPRETATION,Powód odrzucenia,Ustrukturyzowany powód,"Ewentualnym problemem może być to, że firmy nieprzygotowane mogą poczuć presję ciągłej aktualizacji danych (stąd wymóg regularnej weryfikacji ofert przez pracodawcę jest uzasadniony).",Useful rejection,§15: konkretne wymaganie,NO — zachowanie/doprecyzowanie,R015: ReasonCode oraz requirementId przy porównaniu; brak fikcyjnego braku kompetencji,FOUNDER DECISION; skuteczność HYPOTHESIS,EQUALITY/GDPR REVIEW,ACCEPT WITH MODIFICATION,"06,11",R015
EB-0065-05,EB,12,65,FARO EVIDENCE BASE — 2026 / 12. Transparentność procesu,"Z badań branżowych wynika jednak, że przedsiębiorstwa które przechodzą na transparentność, zazwyczaj poprawiają reputację i przyciągają lepszych kandydatów.",RECOMMENDATION / INTERPRETATION,Powód odrzucenia,Ustrukturyzowany powód,"Z badań branżowych wynika jednak, że przedsiębiorstwa które przechodzą na transparentność, zazwyczaj poprawiają reputację i przyciągają lepszych kandydatów.",Useful rejection,§15: konkretne wymaganie,NO — zachowanie/doprecyzowanie,R015: ReasonCode oraz requirementId przy porównaniu; brak fikcyjnego braku kompetencji,FOUNDER DECISION; skuteczność HYPOTHESIS,EQUALITY/GDPR REVIEW,ACCEPT WITH MODIFICATION,"06,11",R015
EB-0068-01,EB,13,68,FARO EVIDENCE BASE — 2026 / 13. Dojazd do pracy,**Wpływ dojazdów na pracownika:** Literatura pokazuje silny negatywny efekt długich dojazdów.,RECOMMENDATION / INTERPRETATION,Routing/tariff,Koszty nie gotowe,**Wpływ dojazdów na pracownika:** Literatura pokazuje silny negatywny efekt długich dojazdów.,Osobne źródła i fallback,§48: warstwy oddzielne,NO — zachowanie/doprecyzowanie,"R048: Nieznana taryfa=null, nie0; transitFare nie zawsze dostępne",PRIMARY DOC S08,LICENSE REVIEW,ACCEPT WITH MODIFICATION,13,R048
EB-0068-02,EB,13,68,FARO EVIDENCE BASE — 2026 / 13. Dojazd do pracy,"Badanie oparte na panelu chińskim wykazało, że *każda dodatkowa minuta* dojazdu znacząco obniża satysfakcję zawodową.",RECOMMENDATION / INTERPRETATION,Routing/tariff,Koszty nie gotowe,"Badanie oparte na panelu chińskim wykazało, że *każda dodatkowa minuta* dojazdu znacząco obniża satysfakcję zawodową.",Osobne źródła i fallback,§48: warstwy oddzielne,NO — zachowanie/doprecyzowanie,"R048: Nieznana taryfa=null, nie0; transitFare nie zawsze dostępne",PRIMARY DOC S08,LICENSE REVIEW,ACCEPT WITH MODIFICATION,13,R048
EB-0068-03,EB,13,68,FARO EVIDENCE BASE — 2026 / 13. Dojazd do pracy,"W jednym z badań stwierdzono, że dodanie **20 minut** do codziennego dojazdu działa podobnie na obniżenie zadowolenia, jak **19% obniżka pensji** (efekt ten porównano do obniżenia realnych zarobków).",UNVERIFIED EMPIRICAL CLAIM,Routing/tariff,Koszty nie gotowe,"W jednym z badań stwierdzono, że dodanie **20 minut** do codziennego dojazdu działa podobnie na obniżenie zadowolenia, jak **19% obniżka pensji** (efekt ten porównano do obniżenia realnych zarobków).",Osobne źródła i fallback,§48: warstwy oddzielne,NO — zachowanie/doprecyzowanie,"QUARANTINE CLAIM: brak cytowalnej bibliografii/próby/metody; nie używać liczby jako faktu Faro. R048: Nieznana taryfa=null, nie0; transitFare nie zawsze dostępne",PRIMARY DOC S08,LICENSE REVIEW,TEST FIRST,13,R048
EB-0068-04,EB,13,68,FARO EVIDENCE BASE — 2026 / 13. Dojazd do pracy,"Z kolei analiza nauczycieli w USA wykazała, że każdy dodatkowy 5-minutowy odcinek dojazdu podnosi prawdopodobieństwo transferu do innej szkoły o około 1 p.p. – a nauczyciele mieszkający najdalej (powyżej 40–45 minut) częściej zmieniają lub kończą pracę na danym stanowisku.",RECOMMENDATION / INTERPRETATION,Routing/tariff; AI tłumaczy doświadczenie,Koszty nie gotowe,"Z kolei analiza nauczycieli w USA wykazała, że każdy dodatkowy 5-minutowy odcinek dojazdu podnosi prawdopodobieństwo transferu do innej szkoły o około 1 p.p. – a nauczyciele mieszkający najdalej (powyżej 40–45 minut) częściej zmieniają lub kończą pracę na danym stanowisku.",Osobne źródła i fallback,§48: warstwy oddzielne,NO — zachowanie/doprecyzowanie,"R048: Nieznana taryfa=null, nie0; transitFare nie zawsze dostępne R004: Proposal nie jest SkillClaim; tytuł pracy nie dowodzi wykonywania czynności",PRIMARY DOC S08,LICENSE REVIEW,ACCEPT WITH MODIFICATION,13,R048;R004
EB-0068-05,EB,13,68,FARO EVIDENCE BASE — 2026 / 13. Dojazd do pracy,Dłuższe dojazdy wiążą się też z większą absencją i niższymi wynikami w ocenie pracy.,RECOMMENDATION / INTERPRETATION,Routing/tariff,Koszty nie gotowe,Dłuższe dojazdy wiążą się też z większą absencją i niższymi wynikami w ocenie pracy.,Osobne źródła i fallback,§48: warstwy oddzielne,NO — zachowanie/doprecyzowanie,"R048: Nieznana taryfa=null, nie0; transitFare nie zawsze dostępne",PRIMARY DOC S08,LICENSE REVIEW,ACCEPT WITH MODIFICATION,13,R048
EB-0070-01,EB,13,70,FARO EVIDENCE BASE — 2026 / 13. Dojazd do pracy,"**Ekonomiczne i życiowe koszty:** Pracownicy z długim dojazdem odnotowują wyższy poziom stresu, wypalenia i konfliktów rodzinnych.",RECOMMENDATION / INTERPRETATION,Routing/tariff,Koszty nie gotowe,"**Ekonomiczne i życiowe koszty:** Pracownicy z długim dojazdem odnotowują wyższy poziom stresu, wypalenia i konfliktów rodzinnych.",Osobne źródła i fallback,§48: warstwy oddzielne,NO — zachowanie/doprecyzowanie,"R048: Nieznana taryfa=null, nie0; transitFare nie zawsze dostępne",PRIMARY DOC S08,LICENSE REVIEW,ACCEPT WITH MODIFICATION,13,R048
EB-0070-02,EB,13,70,FARO EVIDENCE BASE — 2026 / 13. Dojazd do pracy,"Ponadto, koszty finansowe dojazdu znacznie obniżają realny dochód.",RECOMMENDATION / INTERPRETATION,Routing/tariff,Koszty nie gotowe,"Ponadto, koszty finansowe dojazdu znacznie obniżają realny dochód.",Osobne źródła i fallback,§48: warstwy oddzielne,NO — zachowanie/doprecyzowanie,"R048: Nieznana taryfa=null, nie0; transitFare nie zawsze dostępne",PRIMARY DOC S08,LICENSE REVIEW,ACCEPT WITH MODIFICATION,13,R048
EB-0070-03,EB,13,70,FARO EVIDENCE BASE — 2026 / 13. Dojazd do pracy,"Dane z Europy i Polski sugerują, że różnice między stawką „na rękę” a kwotą po odliczeniu dojazdu mogą sięgać kilku-kilkunastu procent wynagrodzenia brutto.",RECOMMENDATION / INTERPRETATION,Routing/tariff,Koszty nie gotowe,"Dane z Europy i Polski sugerują, że różnice między stawką „na rękę” a kwotą po odliczeniu dojazdu mogą sięgać kilku-kilkunastu procent wynagrodzenia brutto.",Osobne źródła i fallback,§48: warstwy oddzielne,NO — zachowanie/doprecyzowanie,"R048: Nieznana taryfa=null, nie0; transitFare nie zawsze dostępne",PRIMARY DOC S08,LICENSE REVIEW,ACCEPT WITH MODIFICATION,13,R048
EB-0070-04,EB,13,70,FARO EVIDENCE BASE — 2026 / 13. Dojazd do pracy,"Dlatego prezentowanie przy ofercie szacunkowych kosztów dojazdu (paliwo, czas, bilety) zrozumiale wpływa na decyzje kandydatów.",RECOMMENDATION / INTERPRETATION,Routing/tariff,Koszty nie gotowe,"Dlatego prezentowanie przy ofercie szacunkowych kosztów dojazdu (paliwo, czas, bilety) zrozumiale wpływa na decyzje kandydatów.",Osobne źródła i fallback,§48: warstwy oddzielne,NO — zachowanie/doprecyzowanie,"R048: Nieznana taryfa=null, nie0; transitFare nie zawsze dostępne",PRIMARY DOC S08,LICENSE REVIEW,ACCEPT WITH MODIFICATION,13,R048
EB-0070-05,EB,13,70,FARO EVIDENCE BASE — 2026 / 13. Dojazd do pracy,"Wczesne badania pokazują, że kandydaci doceniają przezroczystość w tej kwestii – np. firmy typu great.com zakomunikowały, jak zarobki niszczą się przez korki i zyskały popularność, co sugeruje, że model ten ma sens.",RECOMMENDATION / INTERPRETATION,Routing/tariff,Koszty nie gotowe,"Wczesne badania pokazują, że kandydaci doceniają przezroczystość w tej kwestii – np. firmy typu great.com zakomunikowały, jak zarobki niszczą się przez korki i zyskały popularność, co sugeruje, że model ten ma sens.",Osobne źródła i fallback,§48: warstwy oddzielne,NO — zachowanie/doprecyzowanie,"R048: Nieznana taryfa=null, nie0; transitFare nie zawsze dostępne",PRIMARY DOC S08,LICENSE REVIEW,ACCEPT WITH MODIFICATION,13,R048
EB-0070-06,EB,13,70,FARO EVIDENCE BASE — 2026 / 13. Dojazd do pracy,"Warto zauważyć, że podawanie netto i kosztu dojazdu pozwala na proste porównanie ofert, co na rynku zróżnicowanym (Polska ogólnopolska mobilność) jest istotną przewagą – kandydaci będą mogli świadomie ocenić, czy praca „na papierze” jest dla nich rzeczywiście korzystna.",RECOMMENDATION / INTERPRETATION,Netto engine; Routing/tariff,Niepełny,"Warto zauważyć, że podawanie netto i kosztu dojazdu pozwala na proste porównanie ofert, co na rynku zróżnicowanym (Polska ogólnopolska mobilność) jest istotną przewagą – kandydaci będą mogli świadomie ocenić, czy praca „na papierze” jest dla nich rzeczywiście korzystna.",Versioned rules,§49: netto nie własnością oferty,NO — zachowanie/doprecyzowanie,"R049: Scenariusz użytkownika + wersja prawa + zakres niepewności R048: Nieznana taryfa=null, nie0; transitFare nie zawsze dostępne",FOUNDER DECISION; podatki REVIEW,TAX GATE,ACCEPT WITH MODIFICATION,13,R049;R048
EB-0073-01,EB,14,73,FARO EVIDENCE BASE — 2026 / 14. Etyka i równość,"**Ryzyko dyskryminacji ukrytej:** Mimo usunięcia jawnych sygnałów (imię, wiek, płeć) nadal może występować *proxy discrimination*: np. język użyty w pytaniach, styl portfolio czy forma samoprezentacji mogą korelować z pochodzeniem społecznym.",RECOMMENDATION / INTERPRETATION,Źródła kompetencji,Dowody rozdzielone,"**Ryzyko dyskryminacji ukrytej:** Mimo usunięcia jawnych sygnałów (imię, wiek, płeć) nadal może występować *proxy discrimination*: np. język użyty w pytaniach, styl portfolio czy forma samoprezentacji mogą korelować z pochodzeniem społecznym.",Evidence graph,"§6,32: źródło, poziom, praktyka, dowód, weryfikacja",NO — zachowanie/doprecyzowanie,R006: Nie zrównywać automatycznie hobby i pracy; nie dyskwalifikować hobby,FOUNDER DECISION,FAIRNESS REVIEW,ACCEPT WITH MODIFICATION,08,R006
EB-0073-02,EB,14,73,FARO EVIDENCE BASE — 2026 / 14. Etyka i równość,"Algorytmy Faro (np. matching kompetencji) mogą z kolei wzmacniać istniejące rozwarstwienie, jeśli dane uczą się na nieobiektywnych przykładach.",RECOMMENDATION / INTERPRETATION,Neuromarketing,Bez mitów,"Algorytmy Faro (np. matching kompetencji) mogą z kolei wzmacniać istniejące rozwarstwienie, jeśli dane uczą się na nieobiektywnych przykładach.",Copy opportunity,§42 rzetelnie,YES — korekta / ograniczenie / niepotwierdzona teza,"R053: Mechanizmy jako hipotezy UX, nie recepta neuro; brak95%/dopamine hacks",MYTH/DO NOT USE; reszta HYPOTHESIS,NO SPECIAL CLAIM,ACCEPT WITH MODIFICATION,"15,21",R053
EB-0073-03,EB,14,73,FARO EVIDENCE BASE — 2026 / 14. Etyka i równość,"Duże badania AI pokazują, że modele generatywne i rankingowe często powtarzają błędy historyczne.",RECOMMENDATION / INTERPRETATION,Ranking wyników rekrutacji,Ostrożność wobec % ludzi,"Duże badania AI pokazują, że modele generatywne i rankingowe często powtarzają błędy historyczne.",Ranking/AI ryzyko,§30: ranking wyników dozwolony,YES — korekta / ograniczenie / niepotwierdzona teza,R030: Tylko porównywalne wersje i rubryki jednej rekrutacji; człowiek decyduje,FOUNDER DECISION; EVIDENCE CONFLICT,AI/GDPR GATE,ACCEPT WITH MODIFICATION,"10,17",R030
EB-0073-04,EB,14,73,FARO EVIDENCE BASE — 2026 / 14. Etyka i równość,W kontekście rekrutacji tzw.,RECOMMENDATION / INTERPRETATION,Neuromarketing,Bez mitów,W kontekście rekrutacji tzw.,Copy opportunity,§42 rzetelnie,YES — korekta / ograniczenie / niepotwierdzona teza,"R053: Mechanizmy jako hipotezy UX, nie recepta neuro; brak95%/dopamine hacks",MYTH/DO NOT USE; reszta HYPOTHESIS,NO SPECIAL CLAIM,ACCEPT WITH MODIFICATION,"15,21",R053
EB-0073-05,EB,14,73,FARO EVIDENCE BASE — 2026 / 14. Etyka i równość,"*algorithmic bias* oznacza, że osoby o rzadszych ścieżkach kariery (co często koreluje z cechami chronionymi, np. płcią czy niepełnosprawnością) mogą zostać niesprawiedliwie nisko ocenione.",RECOMMENDATION / INTERPRETATION,Neuromarketing,Bez mitów,"*algorithmic bias* oznacza, że osoby o rzadszych ścieżkach kariery (co często koreluje z cechami chronionymi, np. płcią czy niepełnosprawnością) mogą zostać niesprawiedliwie nisko ocenione.",Copy opportunity,§42 rzetelnie,YES — korekta / ograniczenie / niepotwierdzona teza,"R053: Mechanizmy jako hipotezy UX, nie recepta neuro; brak95%/dopamine hacks",MYTH/DO NOT USE; reszta HYPOTHESIS,NO SPECIAL CLAIM,ACCEPT WITH MODIFICATION,"15,21",R053
EB-0073-06,EB,14,73,FARO EVIDENCE BASE — 2026 / 14. Etyka i równość,"Nie ma jeszcze badań bezpośrednio na temat ocen AI w rekrutacji, ale generalnie litera prawa i UE (AI Act) nakazuje, aby systemy decyzyjne były nadzorowane i audytowalne (zob. niżej).",RECOMMENDATION / INTERPRETATION,AI Act klasyfikacja,Ocena modułowa,"Nie ma jeszcze badań bezpośrednio na temat ocen AI w rekrutacji, ale generalnie litera prawa i UE (AI Act) nakazuje, aby systemy decyzyjne były nadzorowane i audytowalne (zob. niżej).",Aktualny skan,§46: nie usuwać funkcji z powodu ryzyka,YES — korekta / ograniczenie / niepotwierdzona teza,"R041: Purpose inventory, funkcje osobno; ranking/ocena wymagają analizy high-risk",PRIMARY REGULATOR S04,P0 LEGAL GATE,LEGAL REVIEW,"04,10,17",R041
EB-0075-01,EB,14,75,FARO EVIDENCE BASE — 2026 / 14. Etyka i równość,"**Wpływ na grupy tradycyjnie uprzywilejowane:** Usunięcie CV w założeniu ma pomóc osobom z niekonwencjonalnym doświadczeniem, ale trzeba pilnować, by nie skrzywdzić tych, dla których wcześniejsze zatrudnienie było wzmocnieniem walidującym kompetencje.",RECOMMENDATION / INTERPRETATION,CV,Brak wymaganego CV; prywatny import później,"**Wpływ na grupy tradycyjnie uprzywilejowane:** Usunięcie CV w założeniu ma pomóc osobom z niekonwencjonalnym doświadczeniem, ale trzeba pilnować, by nie skrzywdzić tych, dla których wcześniejsze zatrudnienie było wzmocnieniem walidującym kompetencje.",Profil bez CV; miejscami copy „mniej CV”,§2: dokument nigdy do firmy,YES — korekta / ograniczenie / niepotwierdzona teza,R001: ZERO CV w procesie; przyszły import tylko prywatny,FOUNDER DECISION,GDPR REVIEW,ACCEPT WITH MODIFICATION,"03,05,06,07",R001
EB-0075-02,EB,14,75,FARO EVIDENCE BASE — 2026 / 14. Etyka i równość,Przykładowo osoby z niepełnosprawnością mogą opierać się na długoterminowym zatrudnieniu jako ważnym sygnale stabilności – jego ukrycie może zmniejszyć ich przewagę.,RECOMMENDATION / INTERPRETATION,Neuromarketing,Bez mitów,Przykładowo osoby z niepełnosprawnością mogą opierać się na długoterminowym zatrudnieniu jako ważnym sygnale stabilności – jego ukrycie może zmniejszyć ich przewagę.,Copy opportunity,§42 rzetelnie,YES — korekta / ograniczenie / niepotwierdzona teza,"R053: Mechanizmy jako hipotezy UX, nie recepta neuro; brak95%/dopamine hacks",MYTH/DO NOT USE; reszta HYPOTHESIS,NO SPECIAL CLAIM,ACCEPT WITH MODIFICATION,"15,21",R053
EB-0075-03,EB,14,75,FARO EVIDENCE BASE — 2026 / 14. Etyka i równość,"Podobnie, kobiety czy mniejszości etniczne, które historycznie musiały wykazywać większą kwalifikację, mogą stracić niewinny sygnał o swojej sile rynkowej.",RECOMMENDATION / INTERPRETATION,Neuromarketing,Bez mitów,"Podobnie, kobiety czy mniejszości etniczne, które historycznie musiały wykazywać większą kwalifikację, mogą stracić niewinny sygnał o swojej sile rynkowej.",Copy opportunity,§42 rzetelnie,YES — korekta / ograniczenie / niepotwierdzona teza,"R053: Mechanizmy jako hipotezy UX, nie recepta neuro; brak95%/dopamine hacks",MYTH/DO NOT USE; reszta HYPOTHESIS,NO SPECIAL CLAIM,ACCEPT WITH MODIFICATION,"15,21",R053
EB-0075-04,EB,14,75,FARO EVIDENCE BASE — 2026 / 14. Etyka i równość,"Brak tych danych wymaga ostrożności: Faro powinno monitorować, czy np. wyjazd z długotrwałego zatrudnienia (nieregularnej kariery) nie powoduje automatycznej odrzutki z powodu braku „ukrytego papieru”.",RECOMMENDATION / INTERPRETATION,Neuromarketing,Bez mitów,"Brak tych danych wymaga ostrożności: Faro powinno monitorować, czy np. wyjazd z długotrwałego zatrudnienia (nieregularnej kariery) nie powoduje automatycznej odrzutki z powodu braku „ukrytego papieru”.",Copy opportunity,§42 rzetelnie,YES — korekta / ograniczenie / niepotwierdzona teza,"R053: Mechanizmy jako hipotezy UX, nie recepta neuro; brak95%/dopamine hacks",MYTH/DO NOT USE; reszta HYPOTHESIS,NO SPECIAL CLAIM,ACCEPT WITH MODIFICATION,"15,21",R053
EB-0077-01,EB,14,77,FARO EVIDENCE BASE — 2026 / 14. Etyka i równość,**Uczciwość algorytmiczna:** System rekomendujący („dlaczego widzisz ofertę”) musi być projektowany w zgodzie z etycznymi standardami AI – tj. być wytłumaczalny i dawać użytkownikom poczucie kontroli nad wynikami.,RECOMMENDATION / INTERPRETATION,Neuromarketing,Bez mitów,**Uczciwość algorytmiczna:** System rekomendujący („dlaczego widzisz ofertę”) musi być projektowany w zgodzie z etycznymi standardami AI – tj. być wytłumaczalny i dawać użytkownikom poczucie kontroli nad wynikami.,Copy opportunity,§42 rzetelnie,YES — korekta / ograniczenie / niepotwierdzona teza,"R053: Mechanizmy jako hipotezy UX, nie recepta neuro; brak95%/dopamine hacks",MYTH/DO NOT USE; reszta HYPOTHESIS,NO SPECIAL CLAIM,ACCEPT WITH MODIFICATION,"15,21",R053
EB-0077-02,EB,14,77,FARO EVIDENCE BASE — 2026 / 14. Etyka i równość,"Wymogi prawa (pod EU AI Act) sugerują, że systemy rekrutacyjne są uważane za „wysokiego ryzyka” (wybór zatrudnienia) i muszą zapewnić nadzór człowieka nad finalną decyzją.",RECOMMENDATION / INTERPRETATION,AI Act klasyfikacja,Ocena modułowa,"Wymogi prawa (pod EU AI Act) sugerują, że systemy rekrutacyjne są uważane za „wysokiego ryzyka” (wybór zatrudnienia) i muszą zapewnić nadzór człowieka nad finalną decyzją.",Aktualny skan,§46: nie usuwać funkcji z powodu ryzyka,YES — korekta / ograniczenie / niepotwierdzona teza,"R041: Purpose inventory, funkcje osobno; ranking/ocena wymagają analizy high-risk",PRIMARY REGULATOR S04,P0 LEGAL GATE,LEGAL REVIEW,"04,10,17",R041
EB-0077-03,EB,14,77,FARO EVIDENCE BASE — 2026 / 14. Etyka i równość,"Bezpieczne wykorzystanie Faro wymaga więc, by ranking kandydatów czy dopasowanie ofert nie były jedyną podkładką decyzyjną – pracodawca zawsze powinien móc poprosić o dodatkowe wyjaśnienia, a kandydat mieć prawo „odwołania” się od decyzji AI (zgodnie z zasadą prawa do niebycia ocenionym automatem bez kontroli człowieka).",RECOMMENDATION / INTERPRETATION,Ranking wyników rekrutacji,Ostrożność wobec % ludzi,"Bezpieczne wykorzystanie Faro wymaga więc, by ranking kandydatów czy dopasowanie ofert nie były jedyną podkładką decyzyjną – pracodawca zawsze powinien móc poprosić o dodatkowe wyjaśnienia, a kandydat mieć prawo „odwołania” się od decyzji AI (zgodnie z zasadą prawa do niebycia ocenionym automatem bez kontroli człowieka).",Ranking/AI ryzyko,§30: ranking wyników dozwolony,YES — korekta / ograniczenie / niepotwierdzona teza,R030: Tylko porównywalne wersje i rubryki jednej rekrutacji; człowiek decyduje,FOUNDER DECISION; EVIDENCE CONFLICT,AI/GDPR GATE,ACCEPT WITH MODIFICATION,"10,17",R030
EB-0080-01,EB,15,80,FARO EVIDENCE BASE — 2026 / 15. Prawo (Polska),"**Segment pośrednictwa i rekrutacji:** Model Faro nie jest typowym „pośrednikiem pracy” (bezpłatna platforma dla obydwu stron), więc najprawdopodobniej nie podlega rejestracji w Krajowym Rejestrze Agencji Zatrudnienia (ustawa z 2012).",RECOMMENDATION / INTERPRETATION,KRAZ; Employer monetization,P0 legal gate,"**Segment pośrednictwa i rekrutacji:** Model Faro nie jest typowym „pośrednikiem pracy” (bezpłatna platforma dla obydwu stron), więc najprawdopodobniej nie podlega rejestracji w Krajowym Rejestrze Agencji Zatrudnienia (ustawa z 2012).",NOT VERIFIED,§46: P0 gate,YES — korekta / ograniczenie / niepotwierdzona teza,"R040: Nie ma zwolnienia tylko przez darmowość; kwalifikacja funkcji i wpis przed usługą jeśli wymagany R034: P5 narzędzia po walidacji, nie zasoby lepszych kandydatów",PRIMARY LAW S01,P0 LEGAL GATE,LEGAL REVIEW,"17,18",R040;R034
EB-0080-02,EB,15,80,FARO EVIDENCE BASE — 2026 / 15. Prawo (Polska),"Jednak kwestie takie jak oferta pracy z wynagrodzeniem wiążą się z Kodeksem pracy – Ministerstwo Pracy planuje wdrożyć dyrektywę EU o jawności płac (2023/970), zgodnie z którą od połowy 2026 roku nowe oferty w Polsce będą musiały zawierać choćby widełki wynagrodzenia.",RECOMMENDATION / INTERPRETATION,KRAZ,P0 legal gate,"Jednak kwestie takie jak oferta pracy z wynagrodzeniem wiążą się z Kodeksem pracy – Ministerstwo Pracy planuje wdrożyć dyrektywę EU o jawności płac (2023/970), zgodnie z którą od połowy 2026 roku nowe oferty w Polsce będą musiały zawierać choćby widełki wynagrodzenia.",NOT VERIFIED,§46: P0 gate,YES — korekta / ograniczenie / niepotwierdzona teza,R040: Nie ma zwolnienia tylko przez darmowość; kwalifikacja funkcji i wpis przed usługą jeśli wymagany,PRIMARY LAW S01,P0 LEGAL GATE,LEGAL REVIEW,"17,18",R040
EB-0080-03,EB,15,80,FARO EVIDENCE BASE — 2026 / 15. Prawo (Polska),"To podkreśla, że obowiązkowe zarobki w natywnych ofertach Faro są zgodne z unijną tendencją.",RECOMMENDATION / INTERPRETATION,KRAZ,P0 legal gate,"To podkreśla, że obowiązkowe zarobki w natywnych ofertach Faro są zgodne z unijną tendencją.",NOT VERIFIED,§46: P0 gate,YES — korekta / ograniczenie / niepotwierdzona teza,R040: Nie ma zwolnienia tylko przez darmowość; kwalifikacja funkcji i wpis przed usługą jeśli wymagany,PRIMARY LAW S01,P0 LEGAL GATE,LEGAL REVIEW,"17,18",R040
EB-0080-04,EB,15,80,FARO EVIDENCE BASE — 2026 / 15. Prawo (Polska),"Należy też zwrócić uwagę na art. 187–188 Kodeksu pracy (zakaz dyskryminacji w zatrudnieniu), który nakłada na pracodawcę obowiązek uzasadniania decyzji rekrutacyjnych w kontekście cech chronionych.",RECOMMENDATION / INTERPRETATION,Kodeks pracy cytaty,Zakaz dyskryminacji,"Należy też zwrócić uwagę na art. 187–188 Kodeksu pracy (zakaz dyskryminacji w zatrudnieniu), który nakłada na pracodawcę obowiązek uzasadniania decyzji rekrutacyjnych w kontekście cech chronionych.",Prawo pracy scan,§0 prawo nadrzędne,YES — korekta / ograniczenie / niepotwierdzona teza,"R045: Art113,183a–e; art187/188 nie są podstawą zakazu dyskryminacji",PRIMARY LAW S03,CORRECTION CONFIRMED,LEGAL REVIEW,17,R045
EB-0080-05,EB,15,80,FARO EVIDENCE BASE — 2026 / 15. Prawo (Polska),Wpisanie klarownych powodów odrzucenia (pkt.,RECOMMENDATION / INTERPRETATION,Powód odrzucenia,Ustrukturyzowany powód,Wpisanie klarownych powodów odrzucenia (pkt.,Useful rejection,§15: konkretne wymaganie,NO — zachowanie/doprecyzowanie,R015: ReasonCode oraz requirementId przy porównaniu; brak fikcyjnego braku kompetencji,FOUNDER DECISION; skuteczność HYPOTHESIS,EQUALITY/GDPR REVIEW,ACCEPT WITH MODIFICATION,"06,11",R015
EB-0080-06,EB,15,80,FARO EVIDENCE BASE — 2026 / 15. Prawo (Polska),G) jest spójne z tym wymogiem.,RECOMMENDATION / INTERPRETATION,KRAZ,P0 legal gate,G) jest spójne z tym wymogiem.,NOT VERIFIED,§46: P0 gate,YES — korekta / ograniczenie / niepotwierdzona teza,R040: Nie ma zwolnienia tylko przez darmowość; kwalifikacja funkcji i wpis przed usługą jeśli wymagany,PRIMARY LAW S01,P0 LEGAL GATE,LEGAL REVIEW,"17,18",R040
EB-0082-01,EB,15,82,FARO EVIDENCE BASE — 2026 / 15. Prawo (Polska),"**Ochrona danych osobowych:** Profil Faro (ukryte imię, brak zdjęcia, ukryty telefon) to przetwarzanie danych osobowych zgodnie z RODO.",RECOMMENDATION / INTERPRETATION,Anonimizacja usuwa bias,Nie gwarantowana,"**Ochrona danych osobowych:** Profil Faro (ukryte imię, brak zdjęcia, ukryty telefon) to przetwarzanie danych osobowych zgodnie z RODO.",Częściowa anonimowość,"§3,4 zamknięte",YES — korekta / ograniczenie / niepotwierdzona teza,"R051: Imię i dowody nadal mogą być proxy; monitorować, nie przywracać danych po cichu",S11 experiment; generalizacja LIMITED,FAIRNESS REVIEW,TEST FIRST,"05,21",R051
EB-0082-02,EB,15,82,FARO EVIDENCE BASE — 2026 / 15. Prawo (Polska),"Kandydat dobrowolnie wprowadza informacje (umiejętności, doświadczenie), co wymaga podstawy prawnej – prawdopodobnie będzie to jego zgoda lub wykonanie umowy o pracę (w momencie aplikacji).",RECOMMENDATION / INTERPRETATION,KRAZ,P0 legal gate,"Kandydat dobrowolnie wprowadza informacje (umiejętności, doświadczenie), co wymaga podstawy prawnej – prawdopodobnie będzie to jego zgoda lub wykonanie umowy o pracę (w momencie aplikacji).",NOT VERIFIED,§46: P0 gate,YES — korekta / ograniczenie / niepotwierdzona teza,R040: Nie ma zwolnienia tylko przez darmowość; kwalifikacja funkcji i wpis przed usługą jeśli wymagany,PRIMARY LAW S01,P0 LEGAL GATE,LEGAL REVIEW,"17,18",R040
EB-0082-03,EB,15,82,FARO EVIDENCE BASE — 2026 / 15. Prawo (Polska),Funkcje takie jak automatyczne dopasowanie ofert i ranking kandydatów mogą być kwalifikowane jako profilowanie kandydata przez algorytm.,RECOMMENDATION / INTERPRETATION,Ranking wyników rekrutacji,Ostrożność wobec % ludzi,Funkcje takie jak automatyczne dopasowanie ofert i ranking kandydatów mogą być kwalifikowane jako profilowanie kandydata przez algorytm.,Ranking/AI ryzyko,§30: ranking wyników dozwolony,YES — korekta / ograniczenie / niepotwierdzona teza,R030: Tylko porównywalne wersje i rubryki jednej rekrutacji; człowiek decyduje,FOUNDER DECISION; EVIDENCE CONFLICT,AI/GDPR GATE,ACCEPT WITH MODIFICATION,"10,17",R030
EB-0082-04,EB,15,82,FARO EVIDENCE BASE — 2026 / 15. Prawo (Polska),"Zgodnie z RODO, jeśli te mechanizmy wywołują **istotne skutki prawne lub inne znaczące skutki** (np. odrzucenie kandydatury), może to stanowić zautomatyzowane podejmowanie decyzji.",RECOMMENDATION / INTERPRETATION,Art22/DPIA; Powód odrzucenia,Human oversight i DPIA,"Zgodnie z RODO, jeśli te mechanizmy wywołują **istotne skutki prawne lub inne znaczące skutki** (np. odrzucenie kandydatury), może to stanowić zautomatyzowane podejmowanie decyzji.",Wspomaganie nie rozstrzyga art22,§46: gate,YES — korekta / ograniczenie / niepotwierdzona teza,"R042: Ocena rzeczywistego wpływu, nie samego przycisku człowieka; art6 i art22 osobno R015: ReasonCode oraz requirementId przy porównaniu; brak fikcyjnego braku kompetencji",PRIMARY GUIDANCE S05,P0 LEGAL GATE,LEGAL REVIEW,17,R042;R015
EB-0082-05,EB,15,82,FARO EVIDENCE BASE — 2026 / 15. Prawo (Polska),"Choć Faro nie samo decyduje o zatrudnieniu, rekomendacje algorytmu mogą wpłynąć na wynik – zatem wymagana jest przejrzystość (np. możliwość wypisania się) i środki łagodzące (np. kontrola rekrutera).",RECOMMENDATION / INTERPRETATION,KRAZ,P0 legal gate,"Choć Faro nie samo decyduje o zatrudnieniu, rekomendacje algorytmu mogą wpłynąć na wynik – zatem wymagana jest przejrzystość (np. możliwość wypisania się) i środki łagodzące (np. kontrola rekrutera).",NOT VERIFIED,§46: P0 gate,YES — korekta / ograniczenie / niepotwierdzona teza,R040: Nie ma zwolnienia tylko przez darmowość; kwalifikacja funkcji i wpis przed usługą jeśli wymagany,PRIMARY LAW S01,P0 LEGAL GATE,LEGAL REVIEW,"17,18",R040
EB-0084-01,EB,15,84,FARO EVIDENCE BASE — 2026 / 15. Prawo (Polska),"**Jawność algorytmów:** Według RODO i unijnej propozycji AI Act, rekrutacyjne systemy algorytmiczne to tzw.",RECOMMENDATION / INTERPRETATION,AI Act klasyfikacja,Ocena modułowa,"**Jawność algorytmów:** Według RODO i unijnej propozycji AI Act, rekrutacyjne systemy algorytmiczne to tzw.",Aktualny skan,§46: nie usuwać funkcji z powodu ryzyka,YES — korekta / ograniczenie / niepotwierdzona teza,"R041: Purpose inventory, funkcje osobno; ranking/ocena wymagają analizy high-risk",PRIMARY REGULATOR S04,P0 LEGAL GATE,LEGAL REVIEW,"04,10,17",R041
EB-0084-02,EB,15,84,FARO EVIDENCE BASE — 2026 / 15. Prawo (Polska),„wysokie ryzyko” (aneks III AI Act – AI systemy do selekcji personelu).,RECOMMENDATION / INTERPRETATION,AI Act klasyfikacja,Ocena modułowa,„wysokie ryzyko” (aneks III AI Act – AI systemy do selekcji personelu).,Aktualny skan,§46: nie usuwać funkcji z powodu ryzyka,YES — korekta / ograniczenie / niepotwierdzona teza,"R041: Purpose inventory, funkcje osobno; ranking/ocena wymagają analizy high-risk",PRIMARY REGULATOR S04,P0 LEGAL GATE,LEGAL REVIEW,"04,10,17",R041
EB-0084-03,EB,15,84,FARO EVIDENCE BASE — 2026 / 15. Prawo (Polska),"Oznacza to, że Faro będzie musiało przeprowadzić ocenę wpływu (DPIA) dotyczących prywatności i uprzedzeń.",RECOMMENDATION / INTERPRETATION,Art22/DPIA,Human oversight i DPIA,"Oznacza to, że Faro będzie musiało przeprowadzić ocenę wpływu (DPIA) dotyczących prywatności i uprzedzeń.",Wspomaganie nie rozstrzyga art22,§46: gate,YES — korekta / ograniczenie / niepotwierdzona teza,"R042: Ocena rzeczywistego wpływu, nie samego przycisku człowieka; art6 i art22 osobno",PRIMARY GUIDANCE S05,P0 LEGAL GATE,LEGAL REVIEW,17,R042
EB-0084-04,EB,15,84,FARO EVIDENCE BASE — 2026 / 15. Prawo (Polska),Każdy algorytm podnoszenia kandydatów (matching) czy scoringu assessmentu to potencjalne profilowanie wysokiego ryzyka.,RECOMMENDATION / INTERPRETATION,Ranking wyników rekrutacji; Assessment Center,Ostrożność wobec % ludzi,Każdy algorytm podnoszenia kandydatów (matching) czy scoringu assessmentu to potencjalne profilowanie wysokiego ryzyka.,Ranking/AI ryzyko,§30: ranking wyników dozwolony,YES — korekta / ograniczenie / niepotwierdzona teza,R030: Tylko porównywalne wersje i rubryki jednej rekrutacji; człowiek decyduje R026: Timer serwerowy od jawnego Start; deadline niezależny,FOUNDER DECISION; EVIDENCE CONFLICT,AI/GDPR GATE,ACCEPT WITH MODIFICATION,"10,17",R030;R026
EB-0084-05,EB,15,84,FARO EVIDENCE BASE — 2026 / 15. Prawo (Polska),"Weryfikacja firm (ghost jobs) nie operuje na danych wrażliwych ani profiluje ludzi, więc jest raczej poza tym regulacjami.",RECOMMENDATION / INTERPRETATION,Symetria odpowiedzialności,Brak globalnej reputacji ludzi,"Weryfikacja firm (ghost jobs) nie operuje na danych wrażliwych ani profiluje ludzi, więc jest raczej poza tym regulacjami.",Process reliability,§16: odpowiedzialność obu stron,NO — zachowanie/doprecyzowanie,"R016: Takie same prawa korekty i odwołania, różne obowiązki ról",FOUNDER DECISION,GDPR/DSA REVIEW,ACCEPT WITH MODIFICATION,12,R016
EB-0084-06,EB,15,84,FARO EVIDENCE BASE — 2026 / 15. Prawo (Polska),"System rankingujący kandydatów do oferty wymaga spełnienia warunków tzw. automatycznego podejmowania decyzji – potencjalnie będzie tu wymagana nadzwyczajna przejrzystość (możliwość odwołania), a sami pracownicy rekrutacyjni muszą być przeszkoleni, by nadzorować narzędzia.",RECOMMENDATION / INTERPRETATION,Ranking wyników rekrutacji,Ostrożność wobec % ludzi,"System rankingujący kandydatów do oferty wymaga spełnienia warunków tzw. automatycznego podejmowania decyzji – potencjalnie będzie tu wymagana nadzwyczajna przejrzystość (możliwość odwołania), a sami pracownicy rekrutacyjni muszą być przeszkoleni, by nadzorować narzędzia.",Ranking/AI ryzyko,§30: ranking wyników dozwolony,YES — korekta / ograniczenie / niepotwierdzona teza,R030: Tylko porównywalne wersje i rubryki jednej rekrutacji; człowiek decyduje,FOUNDER DECISION; EVIDENCE CONFLICT,AI/GDPR GATE,ACCEPT WITH MODIFICATION,"10,17",R030
EB-0086-01,EB,15,86,FARO EVIDENCE BASE — 2026 / 15. Prawo (Polska),**Prawo pracy i dyskryminacja:** Polski Kodeks pracy zawiera gwarancje równości i zakazy dyskryminacji (art. 113).,RECOMMENDATION / INTERPRETATION,KRAZ,P0 legal gate,**Prawo pracy i dyskryminacja:** Polski Kodeks pracy zawiera gwarancje równości i zakazy dyskryminacji (art. 113).,NOT VERIFIED,§46: P0 gate,YES — korekta / ograniczenie / niepotwierdzona teza,R040: Nie ma zwolnienia tylko przez darmowość; kwalifikacja funkcji i wpis przed usługą jeśli wymagany,PRIMARY LAW S01,P0 LEGAL GATE,LEGAL REVIEW,"17,18",R040
EB-0086-02,EB,15,86,FARO EVIDENCE BASE — 2026 / 15. Prawo (Polska),"Funkcje Faro, które eliminują podświadome czynniki (zakrywanie wieku, płci, zdjęć) są zgodne z tymi zasadami – wręcz wspierają ich realizację.",RECOMMENDATION / INTERPRETATION,Anonimizacja usuwa bias,Nie gwarantowana,"Funkcje Faro, które eliminują podświadome czynniki (zakrywanie wieku, płci, zdjęć) są zgodne z tymi zasadami – wręcz wspierają ich realizację.",Częściowa anonimowość,"§3,4 zamknięte",YES — korekta / ograniczenie / niepotwierdzona teza,"R051: Imię i dowody nadal mogą być proxy; monitorować, nie przywracać danych po cichu",S11 experiment; generalizacja LIMITED,FAIRNESS REVIEW,TEST FIRST,"05,21",R051
EB-0086-03,EB,15,86,FARO EVIDENCE BASE — 2026 / 15. Prawo (Polska),"Należy jednak pilnować, by nie pojawiło się ukryte faworyzowanie jakichś grup (np. osoby biegłe w technologiach AI, co może dyskryminować mniej wykształconych cyfrowo kandydatów).",RECOMMENDATION / INTERPRETATION,KRAZ,P0 legal gate,"Należy jednak pilnować, by nie pojawiło się ukryte faworyzowanie jakichś grup (np. osoby biegłe w technologiach AI, co może dyskryminować mniej wykształconych cyfrowo kandydatów).",NOT VERIFIED,§46: P0 gate,YES — korekta / ograniczenie / niepotwierdzona teza,R040: Nie ma zwolnienia tylko przez darmowość; kwalifikacja funkcji i wpis przed usługą jeśli wymagany,PRIMARY LAW S01,P0 LEGAL GATE,LEGAL REVIEW,"17,18",R040
EB-0086-04,EB,15,86,FARO EVIDENCE BASE — 2026 / 15. Prawo (Polska),"Jeżeli Faro wprowadzi opcję płatnego profilu pracownika w przyszłości, wymagane byłoby uważne przeanalizowanie pod kątem polskiego prawa pracy (możliwa dyskryminacja finansowa kandydatów).",RECOMMENDATION / INTERPRETATION,Employer monetization,WTP i płatny pilot przed skalą,"Jeżeli Faro wprowadzi opcję płatnego profilu pracownika w przyszłości, wymagane byłoby uważne przeanalizowanie pod kątem polskiego prawa pracy (możliwa dyskryminacja finansowa kandydatów).",Tools not ranking,§37: później po pozycji rynkowej,YES — korekta / ograniczenie / niepotwierdzona teza,"R034: P5 narzędzia po walidacji, nie zasoby lepszych kandydatów",FOUNDER DECISION; WTP UNKNOWN,B2B TERMS REVIEW,ACCEPT WITH MODIFICATION,"04,16,18",R034
EB-0086-05,EB,15,86,FARO EVIDENCE BASE — 2026 / 15. Prawo (Polska),Na razie jednak darmowy model pozostaje zgodny z polskim prawem rynkowym (świadczenie usługi dobrowolnej).,RECOMMENDATION / INTERPRETATION,Free-first,Free core i możliwy płatny pilot,Na razie jednak darmowy model pozostaje zgodny z polskim prawem rynkowym (świadczenie usługi dobrowolnej).,Free core,§36: obie strony darmowe,YES — korekta / ograniczenie / niepotwierdzona teza,R033: Cały startowy produkt bezpłatny; zero komunikatu Free Plan,FOUNDER DECISION,TERMS REVIEW,ACCEPT WITH MODIFICATION,"15,16,18",R033
EB-0089-01,EB,16,89,"FARO EVIDENCE BASE — 2026 / 16. EU: RODO, AI Act itp.","**RODO (GDPR):** Profil kandydatów w Faro to dane osobowe zwykłe (np. opis doświadczenia) oraz *specjalne*, jeśli któryś element mógłby ujawnić dane wrażliwe (np. niepełnosprawność jako kompetencja).",RECOMMENDATION / INTERPRETATION,Kategorie danych,Minimalizacja i role,"**RODO (GDPR):** Profil kandydatów w Faro to dane osobowe zwykłe (np. opis doświadczenia) oraz *specjalne*, jeśli któryś element mógłby ujawnić dane wrażliwe (np. niepełnosprawność jako kompetencja).",Ostrożny scan,§0 prawo nadrzędne,YES — korekta / ograniczenie / niepotwierdzona teza,R043: Zwykły wynik SQL nie staje się automatycznie art9; JDG/rekruter to także dane osobowe,GDPR; korekta EB,P0 LEGAL GATE,LEGAL REVIEW,"04,17",R043
EB-0089-02,EB,16,89,"FARO EVIDENCE BASE — 2026 / 16. EU: RODO, AI Act itp.",Profil powinien być przetwarzany na podstawie zgody kandydata oraz/lub wykonania czynności przed zawarciem umowy (aplikacji).,RECOMMENDATION / INTERPRETATION,AI Act klasyfikacja,Ocena modułowa,Profil powinien być przetwarzany na podstawie zgody kandydata oraz/lub wykonania czynności przed zawarciem umowy (aplikacji).,Aktualny skan,§46: nie usuwać funkcji z powodu ryzyka,YES — korekta / ograniczenie / niepotwierdzona teza,"R041: Purpose inventory, funkcje osobno; ranking/ocena wymagają analizy high-risk",PRIMARY REGULATOR S04,P0 LEGAL GATE,LEGAL REVIEW,"04,10,17",R041
EB-0089-03,EB,16,89,"FARO EVIDENCE BASE — 2026 / 16. EU: RODO, AI Act itp.","Automatyczne rekomendacje mogą stanowić profilowanie, ale o ile nie decydują definitywnie o przyjęciu, nie wchodzą w zakaz „samozawiadomienia”.",RECOMMENDATION / INTERPRETATION,AI Act klasyfikacja,Ocena modułowa,"Automatyczne rekomendacje mogą stanowić profilowanie, ale o ile nie decydują definitywnie o przyjęciu, nie wchodzą w zakaz „samozawiadomienia”.",Aktualny skan,§46: nie usuwać funkcji z powodu ryzyka,YES — korekta / ograniczenie / niepotwierdzona teza,"R041: Purpose inventory, funkcje osobno; ranking/ocena wymagają analizy high-risk",PRIMARY REGULATOR S04,P0 LEGAL GATE,LEGAL REVIEW,"04,10,17",R041
EB-0089-04,EB,16,89,"FARO EVIDENCE BASE — 2026 / 16. EU: RODO, AI Act itp.","Niemniej, prawo przewiduje obowiązek informacyjny (kandydat musi znać, że profil jest analizowany algorytmem) i prawo do wyjaśnienia (np.",RECOMMENDATION / INTERPRETATION,AI Act klasyfikacja,Ocena modułowa,"Niemniej, prawo przewiduje obowiązek informacyjny (kandydat musi znać, że profil jest analizowany algorytmem) i prawo do wyjaśnienia (np.",Aktualny skan,§46: nie usuwać funkcji z powodu ryzyka,YES — korekta / ograniczenie / niepotwierdzona teza,"R041: Purpose inventory, funkcje osobno; ranking/ocena wymagają analizy high-risk",PRIMARY REGULATOR S04,P0 LEGAL GATE,LEGAL REVIEW,"04,10,17",R041
EB-0089-05,EB,16,89,"FARO EVIDENCE BASE — 2026 / 16. EU: RODO, AI Act itp.",„dlaczego system ocenił Ciebie na 70%”).,UNVERIFIED EMPIRICAL CLAIM,AI Act klasyfikacja,Ocena modułowa,„dlaczego system ocenił Ciebie na 70%”).,Aktualny skan,§46: nie usuwać funkcji z powodu ryzyka,YES — korekta / ograniczenie / niepotwierdzona teza,"QUARANTINE CLAIM: brak cytowalnej bibliografii/próby/metody; nie używać liczby jako faktu Faro. R041: Purpose inventory, funkcje osobno; ranking/ocena wymagają analizy high-risk",PRIMARY REGULATOR S04,P0 LEGAL GATE,TEST FIRST,"04,10,17",R041
EB-0089-06,EB,16,89,"FARO EVIDENCE BASE — 2026 / 16. EU: RODO, AI Act itp.","Jeśli kiedykolwiek w grę wejdą rekrutacje w pełni zautomatyzowane, zgodnie z RODO wymagane będą dodatkowe zabezpieczenia (np. możliwość ręcznej weryfikacji).",RECOMMENDATION / INTERPRETATION,AI Act klasyfikacja,Ocena modułowa,"Jeśli kiedykolwiek w grę wejdą rekrutacje w pełni zautomatyzowane, zgodnie z RODO wymagane będą dodatkowe zabezpieczenia (np. możliwość ręcznej weryfikacji).",Aktualny skan,§46: nie usuwać funkcji z powodu ryzyka,YES — korekta / ograniczenie / niepotwierdzona teza,"R041: Purpose inventory, funkcje osobno; ranking/ocena wymagają analizy high-risk",PRIMARY REGULATOR S04,P0 LEGAL GATE,LEGAL REVIEW,"04,10,17",R041
EB-0089-07,EB,16,89,"FARO EVIDENCE BASE — 2026 / 16. EU: RODO, AI Act itp.","Faro musi też umożliwić realizację praw osób (dostępu do swoich danych, poprawiania i usuwania profilu).",RECOMMENDATION / INTERPRETATION,AI Act klasyfikacja,Ocena modułowa,"Faro musi też umożliwić realizację praw osób (dostępu do swoich danych, poprawiania i usuwania profilu).",Aktualny skan,§46: nie usuwać funkcji z powodu ryzyka,YES — korekta / ograniczenie / niepotwierdzona teza,"R041: Purpose inventory, funkcje osobno; ranking/ocena wymagają analizy high-risk",PRIMARY REGULATOR S04,P0 LEGAL GATE,LEGAL REVIEW,"04,10,17",R041
EB-0091-01,EB,16,91,"FARO EVIDENCE BASE — 2026 / 16. EU: RODO, AI Act itp.","**AI Act (projekt UE):** Zgodnie z proponowanymi regulacjami UE (AI Act), systemy rekrutacyjne oparte na ocenie kandydatów to *wysokie ryzyko*.",RECOMMENDATION / INTERPRETATION,AI Act klasyfikacja,Ocena modułowa,"**AI Act (projekt UE):** Zgodnie z proponowanymi regulacjami UE (AI Act), systemy rekrutacyjne oparte na ocenie kandydatów to *wysokie ryzyko*.",Aktualny skan,§46: nie usuwać funkcji z powodu ryzyka,YES — korekta / ograniczenie / niepotwierdzona teza,"R041: Purpose inventory, funkcje osobno; ranking/ocena wymagają analizy high-risk",PRIMARY REGULATOR S04,P0 LEGAL GATE,LEGAL REVIEW,"04,10,17",R041
EB-0091-02,EB,16,91,"FARO EVIDENCE BASE — 2026 / 16. EU: RODO, AI Act itp.","Obejmuje to systemy szkoleniowe, oceniające zadania kandydatów oraz generujące testy – wszystkie te funkcje pozwalają na selekcję pracowników.",RECOMMENDATION / INTERPRETATION,AI Act klasyfikacja,Ocena modułowa,"Obejmuje to systemy szkoleniowe, oceniające zadania kandydatów oraz generujące testy – wszystkie te funkcje pozwalają na selekcję pracowników.",Aktualny skan,§46: nie usuwać funkcji z powodu ryzyka,YES — korekta / ograniczenie / niepotwierdzona teza,"R041: Purpose inventory, funkcje osobno; ranking/ocena wymagają analizy high-risk",PRIMARY REGULATOR S04,P0 LEGAL GATE,LEGAL REVIEW,"04,10,17",R041
EB-0091-03,EB,16,91,"FARO EVIDENCE BASE — 2026 / 16. EU: RODO, AI Act itp.",W praktyce Faro będzie musiało spełnić wymogi tzw.,RECOMMENDATION / INTERPRETATION,AI Act klasyfikacja,Ocena modułowa,W praktyce Faro będzie musiało spełnić wymogi tzw.,Aktualny skan,§46: nie usuwać funkcji z powodu ryzyka,YES — korekta / ograniczenie / niepotwierdzona teza,"R041: Purpose inventory, funkcje osobno; ranking/ocena wymagają analizy high-risk",PRIMARY REGULATOR S04,P0 LEGAL GATE,LEGAL REVIEW,"04,10,17",R041
EB-0091-04,EB,16,91,"FARO EVIDENCE BASE — 2026 / 16. EU: RODO, AI Act itp.","*MLOps* (kontrola jakości danych, monitorowanie błędów, dokumentacja działania).",RECOMMENDATION / INTERPRETATION,AI Act klasyfikacja,Ocena modułowa,"*MLOps* (kontrola jakości danych, monitorowanie błędów, dokumentacja działania).",Aktualny skan,§46: nie usuwać funkcji z powodu ryzyka,YES — korekta / ograniczenie / niepotwierdzona teza,"R041: Purpose inventory, funkcje osobno; ranking/ocena wymagają analizy high-risk",PRIMARY REGULATOR S04,P0 LEGAL GATE,LEGAL REVIEW,"04,10,17",R041
EB-0091-05,EB,16,91,"FARO EVIDENCE BASE — 2026 / 16. EU: RODO, AI Act itp.","Szczególnie: (1) kandydat ma prawo wiedzieć, że jest oceniany przez AI; (2) ocena nie może być „czarną skrzynką” bez możliwości audytu i weryfikacji; (3) algorytmy muszą być wolne od celowych manipulacji wynikami (np. manipulacji rangowaniem).",RECOMMENDATION / INTERPRETATION,AI Act klasyfikacja,Ocena modułowa,"Szczególnie: (1) kandydat ma prawo wiedzieć, że jest oceniany przez AI; (2) ocena nie może być „czarną skrzynką” bez możliwości audytu i weryfikacji; (3) algorytmy muszą być wolne od celowych manipulacji wynikami (np. manipulacji rangowaniem).",Aktualny skan,§46: nie usuwać funkcji z powodu ryzyka,YES — korekta / ograniczenie / niepotwierdzona teza,"R041: Purpose inventory, funkcje osobno; ranking/ocena wymagają analizy high-risk",PRIMARY REGULATOR S04,P0 LEGAL GATE,LEGAL REVIEW,"04,10,17",R041
EB-0091-06,EB,16,91,"FARO EVIDENCE BASE — 2026 / 16. EU: RODO, AI Act itp.",W związku z tym funkcje takie jak automatycznie generowane testy czy punktacje muszą być audytowane na etapie tworzenia (np. walidowane pod kątem równości).,RECOMMENDATION / INTERPRETATION,AI Act klasyfikacja,Ocena modułowa,W związku z tym funkcje takie jak automatycznie generowane testy czy punktacje muszą być audytowane na etapie tworzenia (np. walidowane pod kątem równości).,Aktualny skan,§46: nie usuwać funkcji z powodu ryzyka,YES — korekta / ograniczenie / niepotwierdzona teza,"R041: Purpose inventory, funkcje osobno; ranking/ocena wymagają analizy high-risk",PRIMARY REGULATOR S04,P0 LEGAL GATE,LEGAL REVIEW,"04,10,17",R041
EB-0093-01,EB,16,93,"FARO EVIDENCE BASE — 2026 / 16. EU: RODO, AI Act itp.",**Legal classification & ryzyka:**,RECOMMENDATION / INTERPRETATION,AI Act klasyfikacja,Ocena modułowa,**Legal classification & ryzyka:**,Aktualny skan,§46: nie usuwać funkcji z powodu ryzyka,YES — korekta / ograniczenie / niepotwierdzona teza,"R041: Purpose inventory, funkcje osobno; ranking/ocena wymagają analizy high-risk",PRIMARY REGULATOR S04,P0 LEGAL GATE,LEGAL REVIEW,"04,10,17",R041
EB-0094-01,EB,16,94,"FARO EVIDENCE BASE — 2026 / 16. EU: RODO, AI Act itp.","- **Profil anonimowy kandydata:** *RODO* – zwykłe dane osobowe (Anonimizacja jest trudna, dane są pseudonimizowane). Podstawa: zgoda kandydata (art. 6(1)(a) RODO). Ryzyko: gdy dane wyciekną, tożsamość może zostać przywrócona. Mitigacja: silne szyfrowanie, ograniczanie dostępu. Wymaga oceny prawnej. Status: *Konieczne (GO) przy zachowaniu ochrony danych*.",RECOMMENDATION / INTERPRETATION,Kategorie danych; Anonimizacja usuwa bias,Minimalizacja i role,"- **Profil anonimowy kandydata:** *RODO* – zwykłe dane osobowe (Anonimizacja jest trudna, dane są pseudonimizowane). Podstawa: zgoda kandydata (art. 6(1)(a) RODO). Ryzyko: gdy dane wyciekną, tożsamość może zostać przywrócona. Mitigacja: silne szyfrowanie, ograniczanie dostępu. Wymaga oceny prawnej. Status: *Konieczne (GO) przy zachowaniu ochrony danych*.",Ostrożny scan,§0 prawo nadrzędne,YES — korekta / ograniczenie / niepotwierdzona teza,"R043: Zwykły wynik SQL nie staje się automatycznie art9; JDG/rekruter to także dane osobowe R051: Imię i dowody nadal mogą być proxy; monitorować, nie przywracać danych po cichu",GDPR; korekta EB,P0 LEGAL GATE,LEGAL REVIEW,"04,17",R043;R051
EB-0095-01,EB,16,95,"FARO EVIDENCE BASE — 2026 / 16. EU: RODO, AI Act itp.","- **Skills matching / rekomendacje:** *AI Act* (wysokie ryzyko) + *RODO profiling*. Podstawa: zgoda/uczciwy interes (opracowywanie pasujących ofert); wymaga DPIA. Ryzyko: dyskryminacja, błąd algorytmu. Mitigacja: ręczna kontrola, transparentność, ewaluacje wyników. Wymaga ewaluacji prawnej (AI Act). *Status: CONDITIONAL (wymaga oceny algorytmu i nadzoru).",RECOMMENDATION / INTERPRETATION,AI Act klasyfikacja; Art22/DPIA; Kategorie danych,Ocena modułowa,"- **Skills matching / rekomendacje:** *AI Act* (wysokie ryzyko) + *RODO profiling*. Podstawa: zgoda/uczciwy interes (opracowywanie pasujących ofert); wymaga DPIA. Ryzyko: dyskryminacja, błąd algorytmu. Mitigacja: ręczna kontrola, transparentność, ewaluacje wyników. Wymaga ewaluacji prawnej (AI Act). *Status: CONDITIONAL (wymaga oceny algorytmu i nadzoru).",Aktualny skan,§46: nie usuwać funkcji z powodu ryzyka,YES — korekta / ograniczenie / niepotwierdzona teza,"R041: Purpose inventory, funkcje osobno; ranking/ocena wymagają analizy high-risk R042: Ocena rzeczywistego wpływu, nie samego przycisku człowieka; art6 i art22 osobno R043: Zwykły wynik SQL nie staje się automatycznie art9; JDG/rekruter to także dane osobowe",PRIMARY REGULATOR S04,P0 LEGAL GATE,LEGAL REVIEW,"04,10,17",R041;R042;R043
EB-0096-01,EB,16,96,"FARO EVIDENCE BASE — 2026 / 16. EU: RODO, AI Act itp.","- **Assessment scoring (automatyczne oceny):** *AI Act (wysokie ryzyko) + RODO*. Podstawa: zgoda kandydata, prawdopodobnie w kontekście rekrutacji (art. 9 RODO wymaga zgody na ocenę zdolności jako dane wrażliwe). Ryzyko: błędna klasyfikacja, uprzedzenia. Mitigacja: walidacja testów, udział człowieka. Wymaga oceny prawnej/Audyt. *Status: CONDITIONAL.*",RECOMMENDATION / INTERPRETATION,AI Act klasyfikacja; Kategorie danych; Ranking wyników rekrutacji; Assessment Center,Ocena modułowa,"- **Assessment scoring (automatyczne oceny):** *AI Act (wysokie ryzyko) + RODO*. Podstawa: zgoda kandydata, prawdopodobnie w kontekście rekrutacji (art. 9 RODO wymaga zgody na ocenę zdolności jako dane wrażliwe). Ryzyko: błędna klasyfikacja, uprzedzenia. Mitigacja: walidacja testów, udział człowieka. Wymaga oceny prawnej/Audyt. *Status: CONDITIONAL.*",Aktualny skan,§46: nie usuwać funkcji z powodu ryzyka,YES — korekta / ograniczenie / niepotwierdzona teza,"R041: Purpose inventory, funkcje osobno; ranking/ocena wymagają analizy high-risk R043: Zwykły wynik SQL nie staje się automatycznie art9; JDG/rekruter to także dane osobowe R030: Tylko porównywalne wersje i rubryki jednej rekrutacji; człowiek decyduje R026: Timer serwerowy od jawnego Start; deadline niezależny",PRIMARY REGULATOR S04,P0 LEGAL GATE,LEGAL REVIEW,"04,10,17",R041;R043;R030;R026
EB-0097-01,EB,16,97,"FARO EVIDENCE BASE — 2026 / 16. EU: RODO, AI Act itp.","- **AI-generated testy i pytania:** *AI Act (generative AI)* – ze względu na ryzyko manipulacji (potencjalnie symbolizowane w projekcie AI Act). Podstawa: innowacje, zgoda pracodawców. Ryzyko: zły dobór zadań, plagiat. Mitigacja: etyczne źródła treści, nadzór człowieka. Potrzebna analiza (AI Act). *Status: TEST FIRST.*",RECOMMENDATION / INTERPRETATION,AI Act klasyfikacja,Ocena modułowa,"- **AI-generated testy i pytania:** *AI Act (generative AI)* – ze względu na ryzyko manipulacji (potencjalnie symbolizowane w projekcie AI Act). Podstawa: innowacje, zgoda pracodawców. Ryzyko: zły dobór zadań, plagiat. Mitigacja: etyczne źródła treści, nadzór człowieka. Potrzebna analiza (AI Act). *Status: TEST FIRST.*",Aktualny skan,§46: nie usuwać funkcji z powodu ryzyka,YES — korekta / ograniczenie / niepotwierdzona teza,"R041: Purpose inventory, funkcje osobno; ranking/ocena wymagają analizy high-risk",PRIMARY REGULATOR S04,P0 LEGAL GATE,LEGAL REVIEW,"04,10,17",R041
EB-0098-01,EB,16,98,"FARO EVIDENCE BASE — 2026 / 16. EU: RODO, AI Act itp.","- **Ranking kandydatów:** *AI Act + RODO (automatyczna selekcja)*. Podstawa: art. 6 RODO + art. 22 (zautomatyzowane decyzje), choć tu to wspomaganie rekrutacji. Ryzyko: dyskryminacja, nieprzejrzystość. Mitigacja: wyjaśnialność, możliwość korekty. Wymaga przeglądu prawnego. *Status: TEST FIRST.*",RECOMMENDATION / INTERPRETATION,AI Act klasyfikacja; Art22/DPIA; Ranking wyników rekrutacji,Ocena modułowa,"- **Ranking kandydatów:** *AI Act + RODO (automatyczna selekcja)*. Podstawa: art. 6 RODO + art. 22 (zautomatyzowane decyzje), choć tu to wspomaganie rekrutacji. Ryzyko: dyskryminacja, nieprzejrzystość. Mitigacja: wyjaśnialność, możliwość korekty. Wymaga przeglądu prawnego. *Status: TEST FIRST.*",Aktualny skan,§46: nie usuwać funkcji z powodu ryzyka,YES — korekta / ograniczenie / niepotwierdzona teza,"R041: Purpose inventory, funkcje osobno; ranking/ocena wymagają analizy high-risk R042: Ocena rzeczywistego wpływu, nie samego przycisku człowieka; art6 i art22 osobno R030: Tylko porównywalne wersje i rubryki jednej rekrutacji; człowiek decyduje",PRIMARY REGULATOR S04,P0 LEGAL GATE,LEGAL REVIEW,"04,10,17",R041;R042;R030
EB-0099-01,EB,16,99,"FARO EVIDENCE BASE — 2026 / 16. EU: RODO, AI Act itp.","- **Oceny firm (ghosting, wiarygodność):** brak rejestracji w prawie personalnym, to nie dane osobowe. Ryzyko: pomówienia, bezpodstawne ostrzeżenia. Mitigacja: weryfikacja źródeł. Status: *GO* (przy ostrożności co do reputacji).",RECOMMENDATION / INTERPRETATION,Kategorie danych; Symetria odpowiedzialności,Minimalizacja i role,"- **Oceny firm (ghosting, wiarygodność):** brak rejestracji w prawie personalnym, to nie dane osobowe. Ryzyko: pomówienia, bezpodstawne ostrzeżenia. Mitigacja: weryfikacja źródeł. Status: *GO* (przy ostrożności co do reputacji).",Ostrożny scan,§0 prawo nadrzędne,YES — korekta / ograniczenie / niepotwierdzona teza,"R043: Zwykły wynik SQL nie staje się automatycznie art9; JDG/rekruter to także dane osobowe R016: Takie same prawa korekty i odwołania, różne obowiązki ról",GDPR; korekta EB,P0 LEGAL GATE,LEGAL REVIEW,"04,17",R043;R016
EB-0100-01,EB,16,100,"FARO EVIDENCE BASE — 2026 / 16. EU: RODO, AI Act itp.",- **Autoryzacja firm (DRA):** nie dotyczy RODO (firma = podmiot prawny). Podstawa: własna weryfikacja. Ryzyko: nieuprawnione blokowanie firm. Mitigacja: jasne procedury. *GO.*,RECOMMENDATION / INTERPRETATION,Kategorie danych,Minimalizacja i role,- **Autoryzacja firm (DRA):** nie dotyczy RODO (firma = podmiot prawny). Podstawa: własna weryfikacja. Ryzyko: nieuprawnione blokowanie firm. Mitigacja: jasne procedury. *GO.*,Ostrożny scan,§0 prawo nadrzędne,YES — korekta / ograniczenie / niepotwierdzona teza,R043: Zwykły wynik SQL nie staje się automatycznie art9; JDG/rekruter to także dane osobowe,GDPR; korekta EB,P0 LEGAL GATE,LEGAL REVIEW,"04,17",R043
EB-0101-01,EB,16,101,"FARO EVIDENCE BASE — 2026 / 16. EU: RODO, AI Act itp.","- **Przechowywanie wyników testów:** *RODO – dane osobowe wrażliwe (wyniki testów jako dane o kompetencjach)*. Podstawa: zgoda/zasadność rekrutacji. Ryzyko: wyciek wyników, wykorzystywanie do innych celów (np. profilegoalnie). Mitigacja: ściśle zdefiniowany cel przechowywania. *CONDITIONAL*.",RECOMMENDATION / INTERPRETATION,Kategorie danych,Minimalizacja i role,"- **Przechowywanie wyników testów:** *RODO – dane osobowe wrażliwe (wyniki testów jako dane o kompetencjach)*. Podstawa: zgoda/zasadność rekrutacji. Ryzyko: wyciek wyników, wykorzystywanie do innych celów (np. profilegoalnie). Mitigacja: ściśle zdefiniowany cel przechowywania. *CONDITIONAL*.",Ostrożny scan,§0 prawo nadrzędne,YES — korekta / ograniczenie / niepotwierdzona teza,R043: Zwykły wynik SQL nie staje się automatycznie art9; JDG/rekruter to także dane osobowe,GDPR; korekta EB,P0 LEGAL GATE,LEGAL REVIEW,"04,17",R043
EB-0102-01,EB,16,102,"FARO EVIDENCE BASE — 2026 / 16. EU: RODO, AI Act itp.","- **Functional preferences (must-have, praca zdalna itp.):** zwykłe dane deklaratywne. Ryzyko prawne znikome. *GO.*",RECOMMENDATION / INTERPRETATION,AI Act klasyfikacja,Ocena modułowa,"- **Functional preferences (must-have, praca zdalna itp.):** zwykłe dane deklaratywne. Ryzyko prawne znikome. *GO.*",Aktualny skan,§46: nie usuwać funkcji z powodu ryzyka,YES — korekta / ograniczenie / niepotwierdzona teza,"R041: Purpose inventory, funkcje osobno; ranking/ocena wymagają analizy high-risk",PRIMARY REGULATOR S04,P0 LEGAL GATE,LEGAL REVIEW,"04,10,17",R041
EB-0104-01,EB,16,104,"FARO EVIDENCE BASE — 2026 / 16. EU: RODO, AI Act itp.","Wszystkie funkcje AI rekrutacyjne powinny podlegać DPIA (analizie ryzyka danych), a system musi zapewniać sprawiedliwość i wyjaśnialność (zgodnie z AI Act i RODO). Szczególnie *profiling* kandydatów i *automatyczne zalecenia* należy kontrolować prawnie i technicznie.",RECOMMENDATION / INTERPRETATION,AI Act klasyfikacja; Art22/DPIA,Ocena modułowa,"Wszystkie funkcje AI rekrutacyjne powinny podlegać DPIA (analizie ryzyka danych), a system musi zapewniać sprawiedliwość i wyjaśnialność (zgodnie z AI Act i RODO). Szczególnie *profiling* kandydatów i *automatyczne zalecenia* należy kontrolować prawnie i technicznie.",Aktualny skan,§46: nie usuwać funkcji z powodu ryzyka,YES — korekta / ograniczenie / niepotwierdzona teza,"R041: Purpose inventory, funkcje osobno; ranking/ocena wymagają analizy high-risk R042: Ocena rzeczywistego wpływu, nie samego przycisku człowieka; art6 i art22 osobno",PRIMARY REGULATOR S04,P0 LEGAL GATE,LEGAL REVIEW,"04,10,17",R041;R042
EB-0107-01,EB,17,107,FARO EVIDENCE BASE — 2026 / 17. Faro Claim Register,Lista kluczowych założeń Faro i ich weryfikacja dowodowa:,RECOMMENDATION / INTERPRETATION,Marketing eksperymenty,Warianty obietnicy,Lista kluczowych założeń Faro i ich weryfikacja dowodowa:,8–12landingów,"§2–4,13,43 zamknięte",YES — korekta / ograniczenie / niepotwierdzona teza,R067: Testować układ i zrozumienie; nie łamać NO CV/salary/privacy w live A/B,FOUNDER DECISION,EXPERIMENT REVIEW,ACCEPT WITH MODIFICATION,"15,21",R067
EB-0109-01,EB,17,109,FARO EVIDENCE BASE — 2026 / 17. Faro Claim Register,| **CLAIM** | **EVIDENCE** | **CONFIDENCE** | **COUNTER-EVIDENCE** | **IMPLICATION** | **TEST NEEDED** |,RECOMMENDATION / INTERPRETATION,Marketing eksperymenty,Warianty obietnicy,| **CLAIM** | **EVIDENCE** | **CONFIDENCE** | **COUNTER-EVIDENCE** | **IMPLICATION** | **TEST NEEDED** |,8–12landingów,"§2–4,13,43 zamknięte",YES — korekta / ograniczenie / niepotwierdzona teza,R067: Testować układ i zrozumienie; nie łamać NO CV/salary/privacy w live A/B,FOUNDER DECISION,EXPERIMENT REVIEW,ACCEPT WITH MODIFICATION,"15,21",R067
EB-0111-01,EB,17,111,FARO EVIDENCE BASE — 2026 / 17. Faro Claim Register,"| Usunięcie nazw poprzednich firm **ogranicza prestige bias**. | *Brak bezpośrednich badań porównujących rekrutację z i bez nazw firm.* | HYPOTEZA | Potencjalny nowy bias (np. ocenianie wyników testu jako sygnał prestiżu). | Trzeba monitorować, czy rzeczywiście kandydaci z nietypowym doświadczeniem zyskują. | A/B test, porównanie ofert z/bez firm. |",RECOMMENDATION / INTERPRETATION,Historia stanowisk i firm,Historia jako opcjonalny kontekst,"| Usunięcie nazw poprzednich firm **ogranicza prestige bias**. | *Brak bezpośrednich badań porównujących rekrutację z i bez nazw firm.* | HYPOTEZA | Potencjalny nowy bias (np. ocenianie wyników testu jako sygnał prestiżu). | Trzeba monitorować, czy rzeczywiście kandydaci z nietypowym doświadczeniem zyskują. | A/B test, porównanie ofert z/bez firm. |",Evidence graph; copy „potem etykiety”,§4: nie pokazujemy tytułów i firm,YES — korekta / ograniczenie / niepotwierdzona teza,R003: Zakaz także w późniejszych projekcjach; zadania i praktyka zamiast etykiet,FOUNDER DECISION,GDPR REVIEW,ACCEPT WITH MODIFICATION,"03,05,08",R003
EB-0112-01,EB,17,112,FARO EVIDENCE BASE — 2026 / 17. Faro Claim Register,"| Usunięcie imienia, zdjęcia, wieku **zmniejsza uprzedzenia personalne**. | Doświadczenie pokazuje, że ukrywanie cech demograficznych zmniejsza podstawowe uprzedzenia. | MODERATE | Badania wskazują, że ustrukturyzowany wywiad lub anonimowe CV **wciąż nie likwidują** dyskryminacji wiekowej. | Ograniczyć pierwsze wrażenie, ale trenować rekruterów na unikanie nowych heurystyk. | Testy eksperymentalne (blind CV vs normal CV), analiza różnic w zaproszeniach. |",RECOMMENDATION / INTERPRETATION,CV; Anonimizacja usuwa bias,Brak wymaganego CV; prywatny import później,"| Usunięcie imienia, zdjęcia, wieku **zmniejsza uprzedzenia personalne**. | Doświadczenie pokazuje, że ukrywanie cech demograficznych zmniejsza podstawowe uprzedzenia. | MODERATE | Badania wskazują, że ustrukturyzowany wywiad lub anonimowe CV **wciąż nie likwidują** dyskryminacji wiekowej. | Ograniczyć pierwsze wrażenie, ale trenować rekruterów na unikanie nowych heurystyk. | Testy eksperymentalne (blind CV vs normal CV), analiza różnic w zaproszeniach. |",Profil bez CV; miejscami copy „mniej CV”,§2: dokument nigdy do firmy,YES — korekta / ograniczenie / niepotwierdzona teza,"R001: ZERO CV w procesie; przyszły import tylko prywatny R051: Imię i dowody nadal mogą być proxy; monitorować, nie przywracać danych po cichu",FOUNDER DECISION,GDPR REVIEW,ACCEPT WITH MODIFICATION,"03,05,06,07",R001;R051
EB-0113-01,EB,17,113,FARO EVIDENCE BASE — 2026 / 17. Faro Claim Register,"| “Skills-first” hiring zwiększa dostęp do pracy osób bez tradycyjnego CV. | Metaanalizy sugerują, że testy i doświadczenie dobrze prognozują wyniki pracy, więc osoby bez dyplomu mogą być efektywnie oceniane. | MODERATE | OECD zwraca uwagę, że samo odrzucenie dyplomu nie wystarczy, potrzebne dodatkowe mechanizmy. | Wprowadzić training dla firm (jak czytać profile skills-first). | Pilotaże z firmami rekrutującymi młodych i starszych, analiza retencji. |",RECOMMENDATION / INTERPRETATION,CV; Powód odrzucenia,Brak wymaganego CV; prywatny import później,"| “Skills-first” hiring zwiększa dostęp do pracy osób bez tradycyjnego CV. | Metaanalizy sugerują, że testy i doświadczenie dobrze prognozują wyniki pracy, więc osoby bez dyplomu mogą być efektywnie oceniane. | MODERATE | OECD zwraca uwagę, że samo odrzucenie dyplomu nie wystarczy, potrzebne dodatkowe mechanizmy. | Wprowadzić training dla firm (jak czytać profile skills-first). | Pilotaże z firmami rekrutującymi młodych i starszych, analiza retencji. |",Profil bez CV; miejscami copy „mniej CV”,§2: dokument nigdy do firmy,YES — korekta / ograniczenie / niepotwierdzona teza,R001: ZERO CV w procesie; przyszły import tylko prywatny R015: ReasonCode oraz requirementId przy porównaniu; brak fikcyjnego braku kompetencji,FOUNDER DECISION,GDPR REVIEW,ACCEPT WITH MODIFICATION,"03,05,06,07",R001;R015
EB-0114-01,EB,17,114,FARO EVIDENCE BASE — 2026 / 17. Faro Claim Register,"| Brak „ogólnego score” (np. *Potential Score 83%*), tylko kompetencje: | Psychologia potwierdza, że procentowe podsumowania mogą wzmacniać efekt potwierdzenia i nie pokazują hierarchii braków. | HYPOTEZA | Brak empirycznych danych, czy ocena szczegółowa jest lepsza; wiele systemów talentowych i tak daje ogólną zgodność. | Im większa przejrzystość (rozkład kompetencji), tym lepiej. | Badanie, czy kandydaci/firma wolą ogólny wynik czy breakdown. |",UNVERIFIED EMPIRICAL CLAIM,Global person score; Ranking wyników rekrutacji,Zakaz,"| Brak „ogólnego score” (np. *Potential Score 83%*), tylko kompetencje: | Psychologia potwierdza, że procentowe podsumowania mogą wzmacniać efekt potwierdzenia i nie pokazują hierarchii braków. | HYPOTEZA | Brak empirycznych danych, czy ocena szczegółowa jest lepsza; wiele systemów talentowych i tak daje ogólną zgodność. | Im większa przejrzystość (rozkład kompetencji), tym lepiej. | Badanie, czy kandydaci/firma wolą ogólny wynik czy breakdown. |",Unclear process score,"§7,30,35 zakaz",YES — korekta / ograniczenie / niepotwierdzona teza,QUARANTINE CLAIM: brak cytowalnej bibliografii/próby/metody; nie używać liczby jako faktu Faro. R059: Brak Potential/Life/global ranking; lokalne wyniki testu dozwolone warunkowo R030: Tylko porównywalne wersje i rubryki jednej rekrutacji; człowiek decyduje,FOUNDER DECISION,AI/GDPR REVIEW,TEST FIRST,"03,10,20",R059;R030
EB-0115-01,EB,17,115,FARO EVIDENCE BASE — 2026 / 17. Faro Claim Register,"| Pracodawcy wskazują powód odrzucenia – zwiększa postrzeganą sprawiedliwość. | Badanie Barattucci et al. pokazuje, że **terminowe** odrzucenia poprawiają satysfakcję i intencje reapply. | MODERATE | Nie ma bezpośrednich badań o treści uzasadnień; ludzie mogą dawać generyczne powody bez wartości. | Struktura feedbacku musi być konkretna, aby służyła rozwojowi. | Testy z różną ilością informacji (trafne vs generyczne uzasadnienia) i pomiar reakcji kandydatów. |",RECOMMENDATION / INTERPRETATION,Powód odrzucenia,Ustrukturyzowany powód,"| Pracodawcy wskazują powód odrzucenia – zwiększa postrzeganą sprawiedliwość. | Badanie Barattucci et al. pokazuje, że **terminowe** odrzucenia poprawiają satysfakcję i intencje reapply. | MODERATE | Nie ma bezpośrednich badań o treści uzasadnień; ludzie mogą dawać generyczne powody bez wartości. | Struktura feedbacku musi być konkretna, aby służyła rozwojowi. | Testy z różną ilością informacji (trafne vs generyczne uzasadnienia) i pomiar reakcji kandydatów. |",Useful rejection,§15: konkretne wymaganie,NO — zachowanie/doprecyzowanie,R015: ReasonCode oraz requirementId przy porównaniu; brak fikcyjnego braku kompetencji,FOUNDER DECISION; skuteczność HYPOTHESIS,EQUALITY/GDPR REVIEW,ACCEPT WITH MODIFICATION,"06,11",R015
EB-0116-01,EB,17,116,FARO EVIDENCE BASE — 2026 / 17. Faro Claim Register,"| Kandydat widzi **ile zarobi netto** i **ile zostanie po koszcie dojazdu** – to pomaga w decyzji. | Przeglądy HR i badania zachowań konsumentów sugerują, że jawność płac i całkowitych kosztów motywują do aplikacji. | MODERATE | Nie znaleziono badań pokazujących efekty prezentacji netto vs brutto vs dojazd. | Możliwość porównania ofert pod względem realnego dochodu może zwiększyć dopasowanie do preferencji. | Eksperymenty użytkowników z interfejsem (jak różna prezentacja wynagrodzenia wpływa na wybór oferty). |",RECOMMENDATION / INTERPRETATION,Netto engine; Routing/tariff,Niepełny,"| Kandydat widzi **ile zarobi netto** i **ile zostanie po koszcie dojazdu** – to pomaga w decyzji. | Przeglądy HR i badania zachowań konsumentów sugerują, że jawność płac i całkowitych kosztów motywują do aplikacji. | MODERATE | Nie znaleziono badań pokazujących efekty prezentacji netto vs brutto vs dojazd. | Możliwość porównania ofert pod względem realnego dochodu może zwiększyć dopasowanie do preferencji. | Eksperymenty użytkowników z interfejsem (jak różna prezentacja wynagrodzenia wpływa na wybór oferty). |",Versioned rules,§49: netto nie własnością oferty,NO — zachowanie/doprecyzowanie,"R049: Scenariusz użytkownika + wersja prawa + zakres niepewności R048: Nieznana taryfa=null, nie0; transitFare nie zawsze dostępne",FOUNDER DECISION; podatki REVIEW,TAX GATE,ACCEPT WITH MODIFICATION,13,R049;R048
EB-0117-01,EB,17,117,FARO EVIDENCE BASE — 2026 / 17. Faro Claim Register,"| Przejrzysty proces (etapy, czas, feedback) **podnosi zaufanie i zaangażowanie kandydatów**. | Kandydaci oceniają firmy po doświadczeniu rekrutacyjnym (71%) – przejrzystość poprawia satysfakcję. | MODERATE | Brak danych, czy pełna transparentność (np. czas zaakceptowania itp.) zwiększa liczbę aplikacji. | Transparentne dane w ofertach powinny zwiększyć liczbę i jakość aplikujących. | A/B test ofert (z pełnymi parametrami procesu vs bez) i pomiar konwersji. |",UNVERIFIED EMPIRICAL CLAIM,Powód odrzucenia,Ustrukturyzowany powód,"| Przejrzysty proces (etapy, czas, feedback) **podnosi zaufanie i zaangażowanie kandydatów**. | Kandydaci oceniają firmy po doświadczeniu rekrutacyjnym (71%) – przejrzystość poprawia satysfakcję. | MODERATE | Brak danych, czy pełna transparentność (np. czas zaakceptowania itp.) zwiększa liczbę aplikacji. | Transparentne dane w ofertach powinny zwiększyć liczbę i jakość aplikujących. | A/B test ofert (z pełnymi parametrami procesu vs bez) i pomiar konwersji. |",Useful rejection,§15: konkretne wymaganie,NO — zachowanie/doprecyzowanie,QUARANTINE CLAIM: brak cytowalnej bibliografii/próby/metody; nie używać liczby jako faktu Faro. R015: ReasonCode oraz requirementId przy porównaniu; brak fikcyjnego braku kompetencji,FOUNDER DECISION; skuteczność HYPOTHESIS,EQUALITY/GDPR REVIEW,TEST FIRST,"06,11",R015
EB-0120-01,EB,18,120,FARO EVIDENCE BASE — 2026 / 18. Faro Risk Register,Kluczowe ryzyka i wnioski:,RECOMMENDATION / INTERPRETATION,Global person score,Zakaz,Kluczowe ryzyka i wnioski:,Unclear process score,"§7,30,35 zakaz",YES — korekta / ograniczenie / niepotwierdzona teza,R059: Brak Potential/Life/global ranking; lokalne wyniki testu dozwolone warunkowo,FOUNDER DECISION,AI/GDPR REVIEW,REJECT — FOUNDER DECISION,"03,10,20",R059
EB-0122-01,EB,18,122,FARO EVIDENCE BASE — 2026 / 18. Faro Risk Register,"- **Assessment staje się nowym CV:** Jeśli firmy zaczną traktować wynik testu Faro jako ostateczny certyfikat, funkcja skills-first zredukuje się do kolejnego punktowego rankingu. *Konsekwencja:* kandydaci mogą ubiegać się tylko o testy, a nie realne projekty. *Mitigacja:* zapewnić, by oceny były używane tylko w kontekście konkretnej rekrutacji (nie uniwersalny „paszport Faro”). *Potrzeba:* pilotaż i monitoring wykorzystania ocen.",RECOMMENDATION / INTERPRETATION,Skills wallet; CV; Ranking wyników rekrutacji; Assessment Center,Dowody przenośne później; expiry,"- **Assessment staje się nowym CV:** Jeśli firmy zaczną traktować wynik testu Faro jako ostateczny certyfikat, funkcja skills-first zredukuje się do kolejnego punktowego rankingu. *Konsekwencja:* kandydaci mogą ubiegać się tylko o testy, a nie realne projekty. *Mitigacja:* zapewnić, by oceny były używane tylko w kontekście konkretnej rekrutacji (nie uniwersalny „paszport Faro”). *Potrzeba:* pilotaż i monitoring wykorzystania ocen.",Portable assessment credentials,§31: Faro standard reusable za zgodą,YES — korekta / ograniczenie / niepotwierdzona teza,R031: Standardowy zakres/wynik/data/wersja; company result nie jest certyfikatem Faro R001: ZERO CV w procesie; przyszły import tylko prywatny R030: Tylko porównywalne wersje i rubryki jednej rekrutacji; człowiek decyduje R026: Timer serwerowy od jawnego Start; deadline niezależny,FOUNDER DECISION; EVIDENCE CONFLICT,GDPR/IP REVIEW,ACCEPT WITH MODIFICATION,"08,10",R031;R001;R030;R026
EB-0124-01,EB,18,124,FARO EVIDENCE BASE — 2026 / 18. Faro Risk Register,"- **AI utrwala bias:** Jeśli AI generuje quizy i ocenia odpowiedzi bez ludzkiego nadzoru, może powielać uprzedzenia. *Przykład:* algorytm może przyznawać więcej punktów za sposób pisania typowy dla pewnej grupy. *Mitigacja:* każda generacja pytań i kryteriów musi być audytowana (różnorodność zespołu projektowego, testy na różnych grupach). *Status:* *Test-first* – do czasu audytów modelu.",RECOMMENDATION / INTERPRETATION,Assessment Center,Wersjonowane zadania,"- **AI utrwala bias:** Jeśli AI generuje quizy i ocenia odpowiedzi bez ludzkiego nadzoru, może powielać uprzedzenia. *Przykład:* algorytm może przyznawać więcej punktów za sposób pisania typowy dla pewnej grupy. *Mitigacja:* każda generacja pytań i kryteriów musi być audytowana (różnorodność zespołu projektowego, testy na różnych grupach). *Status:* *Test-first* – do czasu audytów modelu.",Short/accessible/reusable,"§26: typ, liczba, limit, termin przed Start",NO — zachowanie/doprecyzowanie,R026: Timer serwerowy od jawnego Start; deadline niezależny,FOUNDER DECISION,AI/GDPR/EQUALITY REVIEW,ACCEPT WITH MODIFICATION,10,R026
EB-0126-01,EB,18,126,FARO EVIDENCE BASE — 2026 / 18. Faro Risk Register,"- **Firmy nie chcą feedbacku:** Z praktyki (79% firm nie ma procedury feedbacku) wynika, że wielu pracodawców może ignorować obowiązek podawania powodów. *Skutek:* Faro musi wymuszać proces – np. nie pozwalając przejść dalej bez uzupełnienia pola „powód odrzucenia”. *Potrzebne działania:* komunikacja i szkolenia dla firm (pokazać, że jest to w ich interesie).",UNVERIFIED EMPIRICAL CLAIM,Powód odrzucenia,Ustrukturyzowany powód,"- **Firmy nie chcą feedbacku:** Z praktyki (79% firm nie ma procedury feedbacku) wynika, że wielu pracodawców może ignorować obowiązek podawania powodów. *Skutek:* Faro musi wymuszać proces – np. nie pozwalając przejść dalej bez uzupełnienia pola „powód odrzucenia”. *Potrzebne działania:* komunikacja i szkolenia dla firm (pokazać, że jest to w ich interesie).",Useful rejection,§15: konkretne wymaganie,NO — zachowanie/doprecyzowanie,QUARANTINE CLAIM: brak cytowalnej bibliografii/próby/metody; nie używać liczby jako faktu Faro. R015: ReasonCode oraz requirementId przy porównaniu; brak fikcyjnego braku kompetencji,FOUNDER DECISION; skuteczność HYPOTHESIS,EQUALITY/GDPR REVIEW,TEST FIRST,"06,11",R015
EB-0128-01,EB,18,128,FARO EVIDENCE BASE — 2026 / 18. Faro Risk Register,"- **Kandydaci fałszują kompetencje:** Przy samodzielnym uzupełnianiu „umiejętności” pojawia się pokusa zawyżenia kwalifikacji. *Mitigacja:* system weryfikacji (np. dowody wideo, zadanie próbne, rekomendacje) oraz losowe audyty twierdzeń. *Status:* *Modyfikować* (zabezpieczenia i weryfikacja).",RECOMMENDATION / INTERPRETATION,Global person score,Zakaz,"- **Kandydaci fałszują kompetencje:** Przy samodzielnym uzupełnianiu „umiejętności” pojawia się pokusa zawyżenia kwalifikacji. *Mitigacja:* system weryfikacji (np. dowody wideo, zadanie próbne, rekomendacje) oraz losowe audyty twierdzeń. *Status:* *Modyfikować* (zabezpieczenia i weryfikacja).",Unclear process score,"§7,30,35 zakaz",YES — korekta / ograniczenie / niepotwierdzona teza,R059: Brak Potential/Life/global ranking; lokalne wyniki testu dozwolone warunkowo,FOUNDER DECISION,AI/GDPR REVIEW,REJECT — FOUNDER DECISION,"03,10,20",R059
EB-0130-01,EB,18,130,FARO EVIDENCE BASE — 2026 / 18. Faro Risk Register,"- **Firmy omijają Faro – komunikacja poza platformą:** Jeżeli platforma wymaga ukrycia danych kontaktowych do momentu zaakceptowania, pracodawcy mogą próbować ominąć to (np. prosić o przesłanie maila zewnętrznego). *Mitigacja:* edukacja firm, jasne regulacje. *Ryzyko:* umiarkowane. *Działanie:* monitorowanie wzorców zachowań (czy firmy masowo pomijają blokady).",RECOMMENDATION / INTERPRETATION,Global person score,Zakaz,"- **Firmy omijają Faro – komunikacja poza platformą:** Jeżeli platforma wymaga ukrycia danych kontaktowych do momentu zaakceptowania, pracodawcy mogą próbować ominąć to (np. prosić o przesłanie maila zewnętrznego). *Mitigacja:* edukacja firm, jasne regulacje. *Ryzyko:* umiarkowane. *Działanie:* monitorowanie wzorców zachowań (czy firmy masowo pomijają blokady).",Unclear process score,"§7,30,35 zakaz",YES — korekta / ograniczenie / niepotwierdzona teza,R059: Brak Potential/Life/global ranking; lokalne wyniki testu dozwolone warunkowo,FOUNDER DECISION,AI/GDPR REVIEW,REJECT — FOUNDER DECISION,"03,10,20",R059
EB-0132-01,EB,18,132,FARO EVIDENCE BASE — 2026 / 18. Faro Risk Register,"- **Masowe odrzucanie („strike lists”):** Możliwość hurtowego odrzucania kandydatów (np. przez „luki” w profilu) bez spojrzenia na cały potencjał. *Mitigacja:* zaoferowanie narzędzi typu “co jeżeli” pokazujących, co tracą odrzucone osoby, oraz zachęty do indywidualnej oceny (np. gamifikacja procesu oceny). *Status:* *Monitorować*.",RECOMMENDATION / INTERPRETATION,Powód odrzucenia,Ustrukturyzowany powód,"- **Masowe odrzucanie („strike lists”):** Możliwość hurtowego odrzucania kandydatów (np. przez „luki” w profilu) bez spojrzenia na cały potencjał. *Mitigacja:* zaoferowanie narzędzi typu “co jeżeli” pokazujących, co tracą odrzucone osoby, oraz zachęty do indywidualnej oceny (np. gamifikacja procesu oceny). *Status:* *Monitorować*.",Useful rejection,§15: konkretne wymaganie,NO — zachowanie/doprecyzowanie,R015: ReasonCode oraz requirementId przy porównaniu; brak fikcyjnego braku kompetencji,FOUNDER DECISION; skuteczność HYPOTHESIS,EQUALITY/GDPR REVIEW,ACCEPT WITH MODIFICATION,"06,11",R015
EB-0134-01,EB,18,134,FARO EVIDENCE BASE — 2026 / 18. Faro Risk Register,"- **Anonymous profile – obniżona konwersja:** Brak zdjęcia i podstawowych danych w pierwszej fazie może odstraszać pracodawców (mniej aplikacji do otwartych ofert?). *Mitigacja:* testować (A/B) wersje z mniej lub bardziej „anonimowym” profilem, zbierać statystyki. *Status:* *Test-first*.",RECOMMENDATION / INTERPRETATION,Anonimizacja usuwa bias,Nie gwarantowana,"- **Anonymous profile – obniżona konwersja:** Brak zdjęcia i podstawowych danych w pierwszej fazie może odstraszać pracodawców (mniej aplikacji do otwartych ofert?). *Mitigacja:* testować (A/B) wersje z mniej lub bardziej „anonimowym” profilem, zbierać statystyki. *Status:* *Test-first*.",Częściowa anonimowość,"§3,4 zamknięte",YES — korekta / ograniczenie / niepotwierdzona teza,"R051: Imię i dowody nadal mogą być proxy; monitorować, nie przywracać danych po cichu",S11 experiment; generalizacja LIMITED,FAIRNESS REVIEW,TEST FIRST,"05,21",R051
EB-0136-01,EB,18,136,FARO EVIDENCE BASE — 2026 / 18. Faro Risk Register,"- **Nadużycie „wymagań MUST HAVE”:** Jeśli firmy zaznaczają zbyt wiele warunków „must have”, system Faro może automatycznie odrzucać kandydatów nadmiernie ostro. *Mitigacja:* limit „must have”, zachęcanie do oznaczania wielu warunków jako „dobrze mieć” lub „nauczymy”. *Status:* *Modyfikować* (nadproporcjonalne wymagania zniechęcają kandydatów, warto edukować o różnicach żelaznych vs „optymalnych” umiejętności).",RECOMMENDATION / INTERPRETATION,Requirement quality checker; Nauczymy Cię; Powód odrzucenia,Podpowiedzi kreatora,"- **Nadużycie „wymagań MUST HAVE”:** Jeśli firmy zaznaczają zbyt wiele warunków „must have”, system Faro może automatycznie odrzucać kandydatów nadmiernie ostro. *Mitigacja:* limit „must have”, zachęcanie do oznaczania wielu warunków jako „dobrze mieć” lub „nauczymy”. *Status:* *Modyfikować* (nadproporcjonalne wymagania zniechęcają kandydatów, warto edukować o różnicach żelaznych vs „optymalnych” umiejętności).",AI checker,"Rozróżnienie MUST/NICE/TEACH, bez liczbowego limitu",YES — korekta / ograniczenie / niepotwierdzona teza,R061: Proste uzasadnienie wymogu w core; osobny AI checker FUTURE R009: Nauka nie jest blokadą; firma opisuje realną pomoc R015: ReasonCode oraz requirementId przy porównaniu; brak fikcyjnego braku kompetencji,HYPOTHESIS,EQUALITY REVIEW,FUTURE RESEARCH,"20,21",R061;R009;R015
EB-0138-01,EB,18,138,FARO EVIDENCE BASE — 2026 / 18. Faro Risk Register,"- **Ranking automatyzuje dyskryminację:** Jeżeli ranking nie uwzględni mechanizmów wyrównawczych (np. ponowne ocenianie sprawnych w teście AI, ale luki w tradycyjnej edukacji), może wręcz pogłębiać nierówności. *Mitigacja:* wprowadzić kontrolę jakości rankingu (np. analiza złapanych false negatives: kandydatów wyjętych niepotrzebnie). *Status:* *Test-first* (weryfikować, czy ranking nie faworyzuje niezauważalnie danych profili).",RECOMMENDATION / INTERPRETATION,Ranking wyników rekrutacji,Ostrożność wobec % ludzi,"- **Ranking automatyzuje dyskryminację:** Jeżeli ranking nie uwzględni mechanizmów wyrównawczych (np. ponowne ocenianie sprawnych w teście AI, ale luki w tradycyjnej edukacji), może wręcz pogłębiać nierówności. *Mitigacja:* wprowadzić kontrolę jakości rankingu (np. analiza złapanych false negatives: kandydatów wyjętych niepotrzebnie). *Status:* *Test-first* (weryfikować, czy ranking nie faworyzuje niezauważalnie danych profili).",Ranking/AI ryzyko,§30: ranking wyników dozwolony,YES — korekta / ograniczenie / niepotwierdzona teza,R030: Tylko porównywalne wersje i rubryki jednej rekrutacji; człowiek decyduje,FOUNDER DECISION; EVIDENCE CONFLICT,AI/GDPR GATE,ACCEPT WITH MODIFICATION,"10,17",R030
EB-0141-01,EB,19,141,FARO EVIDENCE BASE — 2026 / 19. Rekomendowane zmiany produktu,"- **Utrzymaj:** Przejrzystość oferty (widełki, etapy, czas), formalny feedback z powodami odrzucenia, profil oparty na kompetencjach. Podstawy tych funkcji wspiera silna baza dowodowa i regulacje.",RECOMMENDATION / INTERPRETATION,Powód odrzucenia,Ustrukturyzowany powód,"- **Utrzymaj:** Przejrzystość oferty (widełki, etapy, czas), formalny feedback z powodami odrzucenia, profil oparty na kompetencjach. Podstawy tych funkcji wspiera silna baza dowodowa i regulacje.",Useful rejection,§15: konkretne wymaganie,NO — zachowanie/doprecyzowanie,R015: ReasonCode oraz requirementId przy porównaniu; brak fikcyjnego braku kompetencji,FOUNDER DECISION; skuteczność HYPOTHESIS,EQUALITY/GDPR REVIEW,ACCEPT WITH MODIFICATION,"06,11",R015
EB-0142-01,EB,19,142,FARO EVIDENCE BASE — 2026 / 19. Rekomendowane zmiany produktu,"- **Modyfikuj:** Układ profilu – rozbudować wizualizację umiejętności tak, by nie przytłaczać. Dodaj mechanizmy weryfikacji deklaracji (np. rekomendacje, linki do portfolio) – małe ryzyko manipulacji. Blokady w rankingu (np. zbyt wiele „must have”) – dodać ostrzeżenia i limit, by nie eliminować nadmiernie.",RECOMMENDATION / INTERPRETATION,Ranking wyników rekrutacji; Źródła kompetencji,Ostrożność wobec % ludzi,"- **Modyfikuj:** Układ profilu – rozbudować wizualizację umiejętności tak, by nie przytłaczać. Dodaj mechanizmy weryfikacji deklaracji (np. rekomendacje, linki do portfolio) – małe ryzyko manipulacji. Blokady w rankingu (np. zbyt wiele „must have”) – dodać ostrzeżenia i limit, by nie eliminować nadmiernie.",Ranking/AI ryzyko,§30: ranking wyników dozwolony,YES — korekta / ograniczenie / niepotwierdzona teza,R030: Tylko porównywalne wersje i rubryki jednej rekrutacji; człowiek decyduje R006: Nie zrównywać automatycznie hobby i pracy; nie dyskwalifikować hobby,FOUNDER DECISION; EVIDENCE CONFLICT,AI/GDPR GATE,ACCEPT WITH MODIFICATION,"10,17",R030;R006
EB-0143-01,EB,19,143,FARO EVIDENCE BASE — 2026 / 19. Rekomendowane zmiany produktu,"- **Testuj najpierw:** Ranking kandydatów – wymagany jest pilotaż z prawdziwymi rekrutacjami, aby upewnić się, że model nie tworzy niezamierzonych odchyleń. Funkcje „Droga do pracy” i „Dlaczego widzę tę ofertę” – sprawdzić, czy rzeczywiście motywują kandydatów i czy treść wyjaśnień jest zrozumiała. AI do generowania/oceny testów – wdrożyć tylko w kontrolowanym środowisku, sprawdzać dokładność.",RECOMMENDATION / INTERPRETATION,Ranking wyników rekrutacji,Ostrożność wobec % ludzi,"- **Testuj najpierw:** Ranking kandydatów – wymagany jest pilotaż z prawdziwymi rekrutacjami, aby upewnić się, że model nie tworzy niezamierzonych odchyleń. Funkcje „Droga do pracy” i „Dlaczego widzę tę ofertę” – sprawdzić, czy rzeczywiście motywują kandydatów i czy treść wyjaśnień jest zrozumiała. AI do generowania/oceny testów – wdrożyć tylko w kontrolowanym środowisku, sprawdzać dokładność.",Ranking/AI ryzyko,§30: ranking wyników dozwolony,YES — korekta / ograniczenie / niepotwierdzona teza,R030: Tylko porównywalne wersje i rubryki jednej rekrutacji; człowiek decyduje,FOUNDER DECISION; EVIDENCE CONFLICT,AI/GDPR GATE,ACCEPT WITH MODIFICATION,"10,17",R030
EB-0144-01,EB,19,144,FARO EVIDENCE BASE — 2026 / 19. Rekomendowane zmiany produktu,"- **Usuń (REMOVE):** Nie zaleca się żadnej funkcji zgodnej z wizją Faro – proponowany model wydaje się spójny i pozytywnie podparty badaniami. Największe obawy dotyczą raczej tego, *jak* funkcje wdrożyć, a nie *czy* je wprowadzać. Wyjątkowo – płatna subskrypcja kandydata nie wchodzi w obecny model i powinna zostać wycofana z rozważań (brak dowodów na potrzebę lub akceptację takiego rozwiązania w Polsce).",RECOMMENDATION / INTERPRETATION,Candidate subscription; Employer monetization,Zablokowane prawnie,"- **Usuń (REMOVE):** Nie zaleca się żadnej funkcji zgodnej z wizją Faro – proponowany model wydaje się spójny i pozytywnie podparty badaniami. Największe obawy dotyczą raczej tego, *jak* funkcje wdrożyć, a nie *czy* je wprowadzać. Wyjątkowo – płatna subskrypcja kandydata nie wchodzi w obecny model i powinna zostać wycofana z rozważań (brak dowodów na potrzebę lub akceptację takiego rozwiązania w Polsce).",Możliwe przyszłe narzędzia,§38: nie obecny model,YES — korekta / ograniczenie / niepotwierdzona teza,"R035: Brak roadmapy i checkout kandydata R034: P5 narzędzia po walidacji, nie zasoby lepszych kandydatów",FOUNDER DECISION,FUTURE SEPARATE LEGAL REVIEW,REJECT — FOUNDER DECISION,20,R035;R034
EB-0147-01,EB,20,147,FARO EVIDENCE BASE — 2026 / 20. Potrzebne eksperymenty,"- **Pilotaże rankingów i AI:** Współpraca z kilkoma firmami pilotażowymi, które zgodzą się użyć Faro Ranking w procesie rekrutacji. Porównanie wyników (skuteczność zatrudnienia, różnorodność przyjętych) z dotychczasową metodą.",RECOMMENDATION / INTERPRETATION,Ranking wyników rekrutacji,Ostrożność wobec % ludzi,"- **Pilotaże rankingów i AI:** Współpraca z kilkoma firmami pilotażowymi, które zgodzą się użyć Faro Ranking w procesie rekrutacji. Porównanie wyników (skuteczność zatrudnienia, różnorodność przyjętych) z dotychczasową metodą.",Ranking/AI ryzyko,§30: ranking wyników dozwolony,YES — korekta / ograniczenie / niepotwierdzona teza,R030: Tylko porównywalne wersje i rubryki jednej rekrutacji; człowiek decyduje,FOUNDER DECISION; EVIDENCE CONFLICT,AI/GDPR GATE,ACCEPT WITH MODIFICATION,"10,17",R030
EB-0148-01,EB,20,148,FARO EVIDENCE BASE — 2026 / 20. Potrzebne eksperymenty,"- **Test formatów feedbacku:** Przesłanie różnym grupom kandydatów wzorców odpowiedzi odmownych (z różną ilością informacji) i mierzenie ich reakcji (ankieta satysfakcji, skłonność do ponownej aplikacji).",RECOMMENDATION / INTERPRETATION,Powód odrzucenia,Ustrukturyzowany powód,"- **Test formatów feedbacku:** Przesłanie różnym grupom kandydatów wzorców odpowiedzi odmownych (z różną ilością informacji) i mierzenie ich reakcji (ankieta satysfakcji, skłonność do ponownej aplikacji).",Useful rejection,§15: konkretne wymaganie,NO — zachowanie/doprecyzowanie,R015: ReasonCode oraz requirementId przy porównaniu; brak fikcyjnego braku kompetencji,FOUNDER DECISION; skuteczność HYPOTHESIS,EQUALITY/GDPR REVIEW,ACCEPT WITH MODIFICATION,"06,11",R015
EB-0149-01,EB,20,149,FARO EVIDENCE BASE — 2026 / 20. Potrzebne eksperymenty,"- **A/B test transparentności:** Publikowanie ofert Faro z pełną informacją (wynagrodzenie, etapy) vs minimalistyczną wersją i pomiar różnicy w liczbie i jakości aplikacji.",RECOMMENDATION / INTERPRETATION,Marketing eksperymenty,Warianty obietnicy,"- **A/B test transparentności:** Publikowanie ofert Faro z pełną informacją (wynagrodzenie, etapy) vs minimalistyczną wersją i pomiar różnicy w liczbie i jakości aplikacji.",8–12landingów,"§2–4,13,43 zamknięte",YES — korekta / ograniczenie / niepotwierdzona teza,R067: Testować układ i zrozumienie; nie łamać NO CV/salary/privacy w live A/B,FOUNDER DECISION,EXPERIMENT REVIEW,ACCEPT WITH MODIFICATION,"15,21",R067
EB-0150-01,EB,20,150,FARO EVIDENCE BASE — 2026 / 20. Potrzebne eksperymenty,"- **Ocena efektów „Drogi do pracy”:** Udostępnienie w profilu Faro sekcji pokazującej lukę kwalifikacyjną i firmowe możliwości nauki – mierzyć, czy użytkownicy faktycznie korzystają z tej informacji (click-through) i czy wzrasta ich aktywność.",RECOMMENDATION / INTERPRETATION,Marketing eksperymenty,Warianty obietnicy,"- **Ocena efektów „Drogi do pracy”:** Udostępnienie w profilu Faro sekcji pokazującej lukę kwalifikacyjną i firmowe możliwości nauki – mierzyć, czy użytkownicy faktycznie korzystają z tej informacji (click-through) i czy wzrasta ich aktywność.",8–12landingów,"§2–4,13,43 zamknięte",YES — korekta / ograniczenie / niepotwierdzona teza,R067: Testować układ i zrozumienie; nie łamać NO CV/salary/privacy w live A/B,FOUNDER DECISION,EXPERIMENT REVIEW,ACCEPT WITH MODIFICATION,"15,21",R067
EB-0151-01,EB,20,151,FARO EVIDENCE BASE — 2026 / 20. Potrzebne eksperymenty,"- **Symulacja dojazdów:** Porównać decyzje kandydatów, jeśli widzą zaawansowaną symulację kosztów dojazdu (np. kalkulator połączeń komunikacyjnych) z grupą kontrolną bez tych danych.",RECOMMENDATION / INTERPRETATION,Routing/tariff,Koszty nie gotowe,"- **Symulacja dojazdów:** Porównać decyzje kandydatów, jeśli widzą zaawansowaną symulację kosztów dojazdu (np. kalkulator połączeń komunikacyjnych) z grupą kontrolną bez tych danych.",Osobne źródła i fallback,§48: warstwy oddzielne,NO — zachowanie/doprecyzowanie,"R048: Nieznana taryfa=null, nie0; transitFare nie zawsze dostępne",PRIMARY DOC S08,LICENSE REVIEW,ACCEPT WITH MODIFICATION,13,R048
EB-0154-01,EB,21,154,FARO EVIDENCE BASE — 2026 / 21. Podsumowanie końcowe,"Faro w założeniu wychodzi naprzeciw realnym problemom rekrutacji (transparencja, brak CV, feedback), na które wskazują badania rynku polskiego.",RECOMMENDATION / INTERPRETATION,CV; Powód odrzucenia,Brak wymaganego CV; prywatny import później,"Faro w założeniu wychodzi naprzeciw realnym problemom rekrutacji (transparencja, brak CV, feedback), na które wskazują badania rynku polskiego.",Profil bez CV; miejscami copy „mniej CV”,§2: dokument nigdy do firmy,YES — korekta / ograniczenie / niepotwierdzona teza,R001: ZERO CV w procesie; przyszły import tylko prywatny R015: ReasonCode oraz requirementId przy porównaniu; brak fikcyjnego braku kompetencji,FOUNDER DECISION,GDPR REVIEW,ACCEPT WITH MODIFICATION,"03,05,06,07",R001;R015
EB-0154-02,EB,21,154,FARO EVIDENCE BASE — 2026 / 21. Podsumowanie końcowe,"Nie istnieją jednak uniwersalne „dowody na Faro” – należy pilnie przetestować, czy proponowane rozwiązania faktycznie spełniają oczekiwania w praktyce i nie wprowadzają nowych uprzedzeń.",RECOMMENDATION / INTERPRETATION,MVP vs wizja,Wąski pilot,"Nie istnieją jednak uniwersalne „dowody na Faro” – należy pilnie przetestować, czy proponowane rozwiązania faktycznie spełniają oczekiwania w praktyce i nie wprowadzają nowych uprzedzeń.",Wiele utilities jednocześnie,§57 nie wszystkoMVP,NO — zachowanie/doprecyzowanie,"R071: MVP proces i jawność; economics,wallet,assessment etapami bez usuwania z wizji",FOUNDER DECISION; sequencing proposal,GATES PER MODULE,ACCEPT WITH MODIFICATION,"18,19",R071
EB-0154-03,EB,21,154,FARO EVIDENCE BASE — 2026 / 21. Podsumowanie końcowe,"Zalecany model rozwoju to iteracyjne testowanie najważniejszych funkcji (ranking, testy AI, komunikacja zwrotna) przy jednoczesnym monitoringu wyników.",RECOMMENDATION / INTERPRETATION,Ranking wyników rekrutacji,Ostrożność wobec % ludzi,"Zalecany model rozwoju to iteracyjne testowanie najważniejszych funkcji (ranking, testy AI, komunikacja zwrotna) przy jednoczesnym monitoringu wyników.",Ranking/AI ryzyko,§30: ranking wyników dozwolony,YES — korekta / ograniczenie / niepotwierdzona teza,R030: Tylko porównywalne wersje i rubryki jednej rekrutacji; człowiek decyduje,FOUNDER DECISION; EVIDENCE CONFLICT,AI/GDPR GATE,ACCEPT WITH MODIFICATION,"10,17",R030
EB-0154-04,EB,21,154,FARO EVIDENCE BASE — 2026 / 21. Podsumowanie końcowe,"Na podstawie dotychczasowej wiedzy **KEEP**: profil kompetencji bez CV, transparentne wynagrodzenia i etapy.",RECOMMENDATION / INTERPRETATION,CV,Brak wymaganego CV; prywatny import później,"Na podstawie dotychczasowej wiedzy **KEEP**: profil kompetencji bez CV, transparentne wynagrodzenia i etapy.",Profil bez CV; miejscami copy „mniej CV”,§2: dokument nigdy do firmy,YES — korekta / ograniczenie / niepotwierdzona teza,R001: ZERO CV w procesie; przyszły import tylko prywatny,FOUNDER DECISION,GDPR REVIEW,ACCEPT WITH MODIFICATION,"03,05,06,07",R001
EB-0154-05,EB,21,154,FARO EVIDENCE BASE — 2026 / 21. Podsumowanie końcowe,"**MODIFY**: narzędzia do weryfikacji deklaracji kandydata, limity wymagań MUST HAVE.",RECOMMENDATION / INTERPRETATION,Requirement quality checker,Podpowiedzi kreatora,"**MODIFY**: narzędzia do weryfikacji deklaracji kandydata, limity wymagań MUST HAVE.",AI checker,"Rozróżnienie MUST/NICE/TEACH, bez liczbowego limitu",YES — korekta / ograniczenie / niepotwierdzona teza,R061: Proste uzasadnienie wymogu w core; osobny AI checker FUTURE,HYPOTHESIS,EQUALITY REVIEW,FUTURE RESEARCH,"20,21",R061
EB-0154-06,EB,21,154,FARO EVIDENCE BASE — 2026 / 21. Podsumowanie końcowe,"**TEST FIRST**: automatyczne systemy scoringu i rekomendacji, drzewo „Droga do pracy”.",RECOMMENDATION / INTERPRETATION,Ranking wyników rekrutacji,Ostrożność wobec % ludzi,"**TEST FIRST**: automatyczne systemy scoringu i rekomendacji, drzewo „Droga do pracy”.",Ranking/AI ryzyko,§30: ranking wyników dozwolony,YES — korekta / ograniczenie / niepotwierdzona teza,R030: Tylko porównywalne wersje i rubryki jednej rekrutacji; człowiek decyduje,FOUNDER DECISION; EVIDENCE CONFLICT,AI/GDPR GATE,ACCEPT WITH MODIFICATION,"10,17",R030
EB-0154-07,EB,21,154,FARO EVIDENCE BASE — 2026 / 21. Podsumowanie końcowe,**REMOVE**: płatna subskrypcja kandydata.,RECOMMENDATION / INTERPRETATION,Candidate subscription; Employer monetization,Zablokowane prawnie,**REMOVE**: płatna subskrypcja kandydata.,Możliwe przyszłe narzędzia,§38: nie obecny model,YES — korekta / ograniczenie / niepotwierdzona teza,"R035: Brak roadmapy i checkout kandydata R034: P5 narzędzia po walidacji, nie zasoby lepszych kandydatów",FOUNDER DECISION,FUTURE SEPARATE LEGAL REVIEW,REJECT — FOUNDER DECISION,20,R035;R034
EB-0154-08,EB,21,154,FARO EVIDENCE BASE — 2026 / 21. Podsumowanie końcowe,"Ostatecznie, model Faro ma duży potencjał poprawy systemu rekrutacji, ale kluczowe jest, by opierał się na dowodach i stał się elastycznym narzędziem – a nie arbitralnym autorytetem – wspierającym zarówno kandydatów, jak i firmy w uczciwym dopasowaniu.",RECOMMENDATION / INTERPRETATION,MVP vs wizja,Wąski pilot,"Ostatecznie, model Faro ma duży potencjał poprawy systemu rekrutacji, ale kluczowe jest, by opierał się na dowodach i stał się elastycznym narzędziem – a nie arbitralnym autorytetem – wspierającym zarówno kandydatów, jak i firmy w uczciwym dopasowaniu.",Wiele utilities jednocześnie,§57 nie wszystkoMVP,NO — zachowanie/doprecyzowanie,"R071: MVP proces i jawność; economics,wallet,assessment etapami bez usuwania z wizji",FOUNDER DECISION; sequencing proposal,GATES PER MODULE,ACCEPT WITH MODIFICATION,"18,19",R071
WEB-0002-01,WEB,1,2,FARO — CURRENT MARKET & WEB INTELLIGENCE REPORT,**Polska | stan researchu: 16 września 2026 r.**,RECOMMENDATION / INTERPRETATION,MVP vs wizja,Wąski pilot,Iteracyjne testy,**Polska | stan researchu: 16 września 2026 r.**,§57 nie wszystkoMVP,NO — zachowanie/doprecyzowanie,"R071: MVP proces i jawność; economics,wallet,assessment etapami bez usuwania z wizji",FOUNDER DECISION; sequencing proposal,GATES PER MODULE,ACCEPT WITH MODIFICATION,"18,19",R071
WEB-0004-01,WEB,1,4,FARO — CURRENT MARKET & WEB INTELLIGENCE REPORT,"Zakres tego raportu to bieżący rynek, konkurencja, GTM, kanały dystrybucji, źródła danych, infrastruktura i ryzyka produktowe. Nie traktuję go jako Evidence Base ani opinii prawnej. Tam, gdzie nie znalazłem wystarczająco wiarygodnego potwierdzenia, oznaczam **NOT VERIFIED**.",RECOMMENDATION / INTERPRETATION,MVP vs wizja,Wąski pilot,Iteracyjne testy,"Zakres tego raportu to bieżący rynek, konkurencja, GTM, kanały dystrybucji, źródła danych, infrastruktura i ryzyka produktowe. Nie traktuję go jako Evidence Base ani opinii prawnej. Tam, gdzie nie znalazłem wystarczająco wiarygodnego potwierdzenia, oznaczam **NOT VERIFIED**.",§57 nie wszystkoMVP,NO — zachowanie/doprecyzowanie,"R071: MVP proces i jawność; economics,wallet,assessment etapami bez usuwania z wizji",FOUNDER DECISION; sequencing proposal,GATES PER MODULE,ACCEPT WITH MODIFICATION,"18,19",R071
WEB-0010-01,WEB,1,10,1. Executive Summary,"Najważniejszy wniosek jest taki: **Faro nie wchodzi na pusty rynek i większość jego pojedynczych mechanizmów już istnieje gdzieś na świecie.** Skills-first, blind hiring, work-sample assessments, AI matching, explainable fit, career assistants, salary transparency, candidate tracking czy automatyzacja komunikacji są już rozwijane przez różne firmy. Przewaga Faro może powstać dopiero z **integracji tych elementów w jeden polski produkt**, który zmienia logikę rekrutacji, a nie dodaje kolejną warstwę AI do CV.",RECOMMENDATION / INTERPRETATION,CV; Assessment Center,Brak wymaganego CV; prywatny import później,"Skills-first, ale CV traktowane jako jeden predyktor","Najważniejszy wniosek jest taki: **Faro nie wchodzi na pusty rynek i większość jego pojedynczych mechanizmów już istnieje gdzieś na świecie.** Skills-first, blind hiring, work-sample assessments, AI matching, explainable fit, career assistants, salary transparency, candidate tracking czy automatyzacja komunikacji są już rozwijane przez różne firmy. Przewaga Faro może powstać dopiero z **integracji tych elementów w jeden polski produkt**, który zmienia logikę rekrutacji, a nie dodaje kolejną warstwę AI do CV.",§2: dokument nigdy do firmy,YES — korekta / ograniczenie / niepotwierdzona teza,R001: ZERO CV w procesie; przyszły import tylko prywatny R026: Timer serwerowy od jawnego Start; deadline niezależny,FOUNDER DECISION,GDPR REVIEW,ACCEPT WITH MODIFICATION,"03,05,06,07",R001;R026
WEB-0012-01,WEB,1,12,1. Executive Summary,"Jednocześnie polski rynek jest bardzo dobry do testowania takiego modelu. Pracuj.pl podaje ponad **6 mln użytkowników miesięcznie**, OLX Ads deklaruje ok. **7 mln miesięcznie w kategorii Praca**, Praca.pl blisko **2 mln**, a GoWork ok. **3,5–4 mln**. To oznacza, że kandydatów nie trzeba najpierw „nauczyć szukać pracy online”; problemem Faro będzie **przechwycenie istniejącej intencji** i przekonanie użytkownika, że nowy sposób poszukiwania pracy daje mu więcej informacji i kontroli.",RECOMMENDATION / INTERPRETATION,MVP vs wizja,Wąski pilot,Iteracyjne testy,"Jednocześnie polski rynek jest bardzo dobry do testowania takiego modelu. Pracuj.pl podaje ponad **6 mln użytkowników miesięcznie**, OLX Ads deklaruje ok. **7 mln miesięcznie w kategorii Praca**, Praca.pl blisko **2 mln**, a GoWork ok. **3,5–4 mln**. To oznacza, że kandydatów nie trzeba najpierw „nauczyć szukać pracy online”; problemem Faro będzie **przechwycenie istniejącej intencji** i przekonanie użytkownika, że nowy sposób poszukiwania pracy daje mu więcej informacji i kontroli.",§57 nie wszystkoMVP,NO — zachowanie/doprecyzowanie,"R071: MVP proces i jawność; economics,wallet,assessment etapami bez usuwania z wizji",FOUNDER DECISION; sequencing proposal,GATES PER MODULE,ACCEPT WITH MODIFICATION,"18,19",R071
WEB-0014-01,WEB,1,14,1. Executive Summary,"Co szczególnie istotne: pomysł reklamowania Faro **wewnątrz lub bezpośrednio wokół miejsc, w których Polacy już szukają pracy, jest wykonalny**.",RECOMMENDATION / INTERPRETATION,MVP vs wizja,Wąski pilot,Iteracyjne testy,"Co szczególnie istotne: pomysł reklamowania Faro **wewnątrz lub bezpośrednio wokół miejsc, w których Polacy już szukają pracy, jest wykonalny**.",§57 nie wszystkoMVP,NO — zachowanie/doprecyzowanie,"R071: MVP proces i jawność; economics,wallet,assessment etapami bez usuwania z wizji",FOUNDER DECISION; sequencing proposal,GATES PER MODULE,ACCEPT WITH MODIFICATION,"18,19",R071
WEB-0014-02,WEB,1,14,1. Executive Summary,"Pracuj.pl oficjalnie oferuje display, mailing i sponsored content; OLX ma self-service display i targetowanie kategorii/fraz; Praca.pl display, mailingi i artykuły sponsorowane; JOBS.pl mailing i newsletter; RocketJobs content, display i współprace niestandardowe; Just Join IT przyjmuje zapytania reklamowe dla serwisu contentowego; Bulldogjob sprzedaje employer branding, newsletter i kampanie; Solid.jobs otwarcie zaprasza partnerów.",RECOMMENDATION / INTERPRETATION,MVP vs wizja,Wąski pilot,Iteracyjne testy,"Pracuj.pl oficjalnie oferuje display, mailing i sponsored content; OLX ma self-service display i targetowanie kategorii/fraz; Praca.pl display, mailingi i artykuły sponsorowane; JOBS.pl mailing i newsletter; RocketJobs content, display i współprace niestandardowe; Just Join IT przyjmuje zapytania reklamowe dla serwisu contentowego; Bulldogjob sprzedaje employer branding, newsletter i kampanie; Solid.jobs otwarcie zaprasza partnerów.",§57 nie wszystkoMVP,NO — zachowanie/doprecyzowanie,"R071: MVP proces i jawność; economics,wallet,assessment etapami bez usuwania z wizji",FOUNDER DECISION; sequencing proposal,GATES PER MODULE,ACCEPT WITH MODIFICATION,"18,19",R071
WEB-0014-03,WEB,1,14,1. Executive Summary,"Nie udało się natomiast potwierdzić, że każdy z nich przyjmie reklamę **bezpośredniego konkurenta typu Faro** — to wymaga osobnego RFP.",RECOMMENDATION / INTERPRETATION,Jobboard inventory/RFP,Źródła i partnerstwa opcjonalne,Brak,"Nie udało się natomiast potwierdzić, że każdy z nich przyjmie reklamę **bezpośredniego konkurenta typu Faro** — to wymaga osobnego RFP.",§40: nie główny kanał foundera,YES — korekta / ograniczenie / niepotwierdzona teza,"R038: Zachować intelligence, nie wysyłać RFP jako przyjętego działania",FOUNDER DECISION,OPTIONAL CHANNEL REVIEW,REJECT — FOUNDER DECISION,"16,20",R038
WEB-0016-01,WEB,1,16,1. Executive Summary,"Rynek sam dostarcza też argumentu za Faro. Dane Pracuj.pl za 2025 r. pokazują wzrost liczby aplikacji o 5% r/r i 20% w dwa lata; 127 tys. ofert skierowano do pracowników fizycznych, 14% do początkujących, a najważniejsze grupy obejmowały sprzedaż, pracę fizyczną, IT, obsługę klienta oraz finanse. Faro nie powinno więc powstać jako „kolejny portal dla specjalistów IT”.",RECOMMENDATION / INTERPRETATION,Początkujący,Wąski pierwszy segment,Nieformalne doświadczenie pomaga,"Rynek sam dostarcza też argumentu za Faro. Dane Pracuj.pl za 2025 r. pokazują wzrost liczby aplikacji o 5% r/r i 20% w dwa lata; 127 tys. ofert skierowano do pracowników fizycznych, 14% do początkujących, a najważniejsze grupy obejmowały sprzedaż, pracę fizyczną, IT, obsługę klienta oraz finanse. Faro nie powinno więc powstać jako „kolejny portal dla specjalistów IT”.","§8,41: inkluzywne grupy",YES — korekta / ograniczenie / niepotwierdzona teza,R008: Brak doświadczenia nie blokuje konta ani wartości; profil aspiracji dozwolony,FOUNDER DECISION,EQUALITY REVIEW,ACCEPT WITH MODIFICATION,"05,15,16",R008
WEB-0018-01,WEB,1,18,1. Executive Summary,"Drugi fundamentalny wniosek: **„transparentne wynagrodzenie” przestało być wystarczającym wyróżnikiem.** Od 24 grudnia 2025 r. kandydat w Polsce ma już otrzymywać informację o oferowanym wynagrodzeniu lub przedziale najpóźniej przed rozmową, jeżeli nie została podana wcześniej. Faro musi pójść dalej: wynagrodzenie porównywalne między umowami, szacowane netto, koszt dojazdu, czas dojazdu, kwota „po koszcie pracy dla Ciebie” i historia zmian warunków.",RECOMMENDATION / INTERPRETATION,Netto engine; Routing/tariff,Niepełny,Nie waliduje podatków,"Drugi fundamentalny wniosek: **„transparentne wynagrodzenie” przestało być wystarczającym wyróżnikiem.** Od 24 grudnia 2025 r. kandydat w Polsce ma już otrzymywać informację o oferowanym wynagrodzeniu lub przedziale najpóźniej przed rozmową, jeżeli nie została podana wcześniej. Faro musi pójść dalej: wynagrodzenie porównywalne między umowami, szacowane netto, koszt dojazdu, czas dojazdu, kwota „po koszcie pracy dla Ciebie” i historia zmian warunków.",§49: netto nie własnością oferty,NO — zachowanie/doprecyzowanie,"R049: Scenariusz użytkownika + wersja prawa + zakres niepewności R048: Nieznana taryfa=null, nie0; transitFare nie zawsze dostępne",FOUNDER DECISION; podatki REVIEW,TAX GATE,ACCEPT WITH MODIFICATION,13,R049;R048
WEB-0020-01,WEB,1,20,1. Executive Summary,"Trzeci: **Faro powinno potraktować assessment jako część infrastruktury zaufania, a nie „test przed aplikacją”.** Rynek assessmentów jest dojrzały: TestGorilla ma ponad 350 testów, Codility, HackerRank i Harver specjalizują się w role-specific evaluation, a Vervoe idzie w real-work assessment z explainable scoring. Kopiowanie modelu „każdy kandydat robi 45 minut testów przed pierwszym kontaktem” byłoby błędem.",RECOMMENDATION / INTERPRETATION,Ranking wyników rekrutacji; Assessment Center,Ostrożność wobec % ludzi,Uogólniony sprzeciw wobec rankingu,"Trzeci: **Faro powinno potraktować assessment jako część infrastruktury zaufania, a nie „test przed aplikacją”.** Rynek assessmentów jest dojrzały: TestGorilla ma ponad 350 testów, Codility, HackerRank i Harver specjalizują się w role-specific evaluation, a Vervoe idzie w real-work assessment z explainable scoring. Kopiowanie modelu „każdy kandydat robi 45 minut testów przed pierwszym kontaktem” byłoby błędem.",§30: ranking wyników dozwolony,YES — korekta / ograniczenie / niepotwierdzona teza,R030: Tylko porównywalne wersje i rubryki jednej rekrutacji; człowiek decyduje R026: Timer serwerowy od jawnego Start; deadline niezależny,FOUNDER DECISION; EVIDENCE CONFLICT,AI/GDPR GATE,ACCEPT WITH MODIFICATION,"10,17",R030;R026
WEB-0022-01,WEB,1,22,1. Executive Summary,"Czwarty: **Faro nie powinno budować ontologii kompetencji od zera.** ESCO daje europejską, wielojęzyczną klasyfikację occupations/skills i API; O*NET 31.0 jest dostępne pod CC BY 4.0; polski INFOdoradca+ ma opisy 1000 zawodów, z zadaniami i wymaganymi kompetencjami, oraz odniesienia do ESCO.",RECOMMENDATION / INTERPRETATION,ESCO; INFOdoradca/ZRK/O*NET,Mała ręczna taksonomia,Standardy potrzebne,"Czwarty: **Faro nie powinno budować ontologii kompetencji od zera.** ESCO daje europejską, wielojęzyczną klasyfikację occupations/skills i API; O*NET 31.0 jest dostępne pod CC BY 4.0; polski INFOdoradca+ ma opisy 1000 zawodów, z zadaniami i wymaganymi kompetencjami, oraz odniesienia do ESCO.",§47: nie od zera,YES — korekta / ograniczenie / niepotwierdzona teza,R046: Stabilne URI i wersja; license manifest per dataset/pillar R047: O*NET DB CC BY4 z obowiązkami; ZRK/INFO dostępność nie jest licencją,PRIMARY DATA/LICENSE S06,LICENSE GATE,ACCEPT WITH MODIFICATION,"08,17",R046;R047
WEB-0024-01,WEB,1,24,1. Executive Summary,"Piąty: **najlepszym rozwiązaniem cold-startu Faro nie jest regionalne ograniczenie produktu.** Faro powinno publicznie działać od startu w całej Polsce, ale pozyskiwać płynność w „komórkach” **zawód × lokalizacja/tryb × typ pracy**, prowadząc różne kampanie i zdobywając grupy pracodawców tam, gdzie może szybko osiągnąć realne dopasowania. Sam produkt pozostaje nationwide.",RECOMMENDATION / INTERPRETATION,Nationwide,Trójmiasto/operacje jako pierwszy rynek,Nationwide nie usuwa nierówności,"Piąty: **najlepszym rozwiązaniem cold-startu Faro nie jest regionalne ograniczenie produktu.** Faro powinno publicznie działać od startu w całej Polsce, ale pozyskiwać płynność w „komórkach” **zawód × lokalizacja/tryb × typ pracy**, prowadząc różne kampanie i zdobywając grupy pracodawców tam, gdzie może szybko osiągnąć realne dopasowania. Sam produkt pozostaje nationwide.",§39: publicznie cała Polska,YES — korekta / ograniczenie / niepotwierdzona teza,R036: Żadnego geofence; budżet kampanii można koncentrować w komórkach,FOUNDER DECISION; liquidity risk,MARKETING REVIEW,ACCEPT WITH MODIFICATION,"15,16,18",R036
WEB-0026-01,WEB,1,26,1. Executive Summary,"Największa szansa produktowa, której nie widzę dziś jako dobrze połączonego standardu w Polsce, to:",RECOMMENDATION / INTERPRETATION,MVP vs wizja,Wąski pilot,Iteracyjne testy,"Największa szansa produktowa, której nie widzę dziś jako dobrze połączonego standardu w Polsce, to:",§57 nie wszystkoMVP,NO — zachowanie/doprecyzowanie,"R071: MVP proces i jawność; economics,wallet,assessment etapami bez usuwania z wizji",FOUNDER DECISION; sequencing proposal,GATES PER MODULE,ACCEPT WITH MODIFICATION,"18,19",R071
WEB-0028-01,WEB,1,28,1. Executive Summary,> **profil kompetencji + dowody kompetencji + transferowalność + assessment + transparentna oferta + realny koszt pracy dla kandydata + kontrolowane ujawnianie tożsamości + widoczny proces + odpowiedzialność pracodawcy + konkretna rekomendacja „co dalej”.**,RECOMMENDATION / INTERPRETATION,Tożsamość pierwszego etapu; Assessment Center; AI tłumaczy doświadczenie,Pseudonim i późniejsze ujawnienie,Anonimizacja może zmniejszać bias,> **profil kompetencji + dowody kompetencji + transferowalność + assessment + transparentna oferta + realny koszt pracy dla kandydata + kontrolowane ujawnianie tożsamości + widoczny proces + odpowiedzialność pracodawcy + konkretna rekomendacja „co dalej”.**,"§3: imię dozwolone; nazwisko, zdjęcie, wiek, telefon ukryte",YES — korekta / ograniczenie / niepotwierdzona teza,R002: Serwerowa projekcja z imieniem i kontrolą ujawnienia telefonu po awansie R026: Timer serwerowy od jawnego Start; deadline niezależny R004: Proposal nie jest SkillClaim; tytuł pracy nie dowodzi wykonywania czynności,FOUNDER DECISION; skuteczność HYPOTHESIS,GDPR REVIEW,ACCEPT WITH MODIFICATION,"03,05,14",R002;R026;R004
WEB-0030-01,WEB,1,30,1. Executive Summary,To jest dużo silniejsze niż hasło „AI znajduje pracę”.,RECOMMENDATION / INTERPRETATION,MVP vs wizja,Wąski pilot,Iteracyjne testy,To jest dużo silniejsze niż hasło „AI znajduje pracę”.,§57 nie wszystkoMVP,NO — zachowanie/doprecyzowanie,"R071: MVP proces i jawność; economics,wallet,assessment etapami bez usuwania z wizji",FOUNDER DECISION; sequencing proposal,GATES PER MODULE,ACCEPT WITH MODIFICATION,"18,19",R071
WEB-0036-01,WEB,1,36,1. Executive Summary / Rejestr najważniejszych ustaleń,| FINDING | SOURCE / DATE | WHY IT MATTERS TO FARO | ACTION | CONFIDENCE |,RECOMMENDATION / INTERPRETATION,MVP vs wizja,Wąski pilot,Iteracyjne testy,| FINDING | SOURCE / DATE | WHY IT MATTERS TO FARO | ACTION | CONFIDENCE |,§57 nie wszystkoMVP,NO — zachowanie/doprecyzowanie,"R071: MVP proces i jawność; economics,wallet,assessment etapami bez usuwania z wizji",FOUNDER DECISION; sequencing proposal,GATES PER MODULE,ACCEPT WITH MODIFICATION,"18,19",R071
WEB-0038-01,WEB,1,38,1. Executive Summary / Rejestr najważniejszych ustaleń,"| Pracuj.pl ma oficjalny inventory reklamowy: display, mailing, sponsored content; >6 mln użytkowników/mies. | Pracuj.pl, dane 2025, strona aktualna 2026 | Można kupować uwagę w samym kontekście poszukiwania pracy | Poprosić o media kit + zgodę na reklamę konkurencyjnej platformy | High |",RECOMMENDATION / INTERPRETATION,Jobboard inventory/RFP,Źródła i partnerstwa opcjonalne,Brak,"| Pracuj.pl ma oficjalny inventory reklamowy: display, mailing, sponsored content; >6 mln użytkowników/mies. | Pracuj.pl, dane 2025, strona aktualna 2026 | Można kupować uwagę w samym kontekście poszukiwania pracy | Poprosić o media kit + zgodę na reklamę konkurencyjnej platformy | High |",§40: nie główny kanał foundera,YES — korekta / ograniczenie / niepotwierdzona teza,"R038: Zachować intelligence, nie wysyłać RFP jako przyjętego działania",FOUNDER DECISION,OPTIONAL CHANNEL REVIEW,REJECT — FOUNDER DECISION,"16,20",R038
WEB-0039-01,WEB,1,39,1. Executive Summary / Rejestr najważniejszych ustaleń,"| OLX Ads deklaruje 7 mln miesięcznie dla kategorii Praca i targetowanie kategorii/fraz | OLX Ads, 2026 | Bardzo silny kanał blue collar/general market | Test kategorii Praca + konkretne frazy, po akceptacji Faro jako reklamodawcy | High |",RECOMMENDATION / INTERPRETATION,MVP vs wizja,Wąski pilot,Iteracyjne testy,"| OLX Ads deklaruje 7 mln miesięcznie dla kategorii Praca i targetowanie kategorii/fraz | OLX Ads, 2026 | Bardzo silny kanał blue collar/general market | Test kategorii Praca + konkretne frazy, po akceptacji Faro jako reklamodawcy | High |",§57 nie wszystkoMVP,NO — zachowanie/doprecyzowanie,"R071: MVP proces i jawność; economics,wallet,assessment etapami bez usuwania z wizji",FOUNDER DECISION; sequencing proposal,GATES PER MODULE,ACCEPT WITH MODIFICATION,"18,19",R071
WEB-0040-01,WEB,1,40,1. Executive Summary / Rejestr najważniejszych ustaleń,| Transparentność płac jest już częściowo obowiązkiem prawnym | PIP / Dz.U. 2025 poz. 807 | Same widełki nie wystarczą jako USP | Budować „total job economics” | High |,RECOMMENDATION / INTERPRETATION,MVP vs wizja,Wąski pilot,Iteracyjne testy,| Transparentność płac jest już częściowo obowiązkiem prawnym | PIP / Dz.U. 2025 poz. 807 | Same widełki nie wystarczą jako USP | Budować „total job economics” | High |,§57 nie wszystkoMVP,NO — zachowanie/doprecyzowanie,"R071: MVP proces i jawność; economics,wallet,assessment etapami bez usuwania z wizji",FOUNDER DECISION; sequencing proposal,GATES PER MODULE,ACCEPT WITH MODIFICATION,"18,19",R071
WEB-0041-01,WEB,1,41,1. Executive Summary / Rejestr najważniejszych ustaleń,"| Annex III AI stosowany do zatrudnienia wejdzie w reżim high-risk od 2.12.2027 | KE, stan 2026 | Matching/ranking trzeba od początku projektować audytowalnie | AI governance już w MVP | High |",RECOMMENDATION / INTERPRETATION,AI Act klasyfikacja; Ranking wyników rekrutacji,Ocena modułowa,Nazywa obowiązujące prawo projektem; wszystko high-risk,"| Annex III AI stosowany do zatrudnienia wejdzie w reżim high-risk od 2.12.2027 | KE, stan 2026 | Matching/ranking trzeba od początku projektować audytowalnie | AI governance już w MVP | High |",§46: nie usuwać funkcji z powodu ryzyka,YES — korekta / ograniczenie / niepotwierdzona teza,"R041: Purpose inventory, funkcje osobno; ranking/ocena wymagają analizy high-risk R030: Tylko porównywalne wersje i rubryki jednej rekrutacji; człowiek decyduje",PRIMARY REGULATOR S04,P0 LEGAL GATE,LEGAL REVIEW,"04,10,17",R041;R030
WEB-0042-01,WEB,1,42,1. Executive Summary / Rejestr najważniejszych ustaleń,| Działalność pośrednictwa pracy wymaga KRAZ | WUP/MRPiPS | Model Faro może wejść w zakres regulowany zależnie od finalnej usługi | Formalna analiza kwalifikacji Faro przed launch | High |,RECOMMENDATION / INTERPRETATION,KRAZ,P0 legal gate,"Najprawdopodobniej nie, bezpłatne/SaaS",| Działalność pośrednictwa pracy wymaga KRAZ | WUP/MRPiPS | Model Faro może wejść w zakres regulowany zależnie od finalnej usługi | Formalna analiza kwalifikacji Faro przed launch | High |,§46: P0 gate,YES — korekta / ograniczenie / niepotwierdzona teza,R040: Nie ma zwolnienia tylko przez darmowość; kwalifikacja funkcji i wpis przed usługą jeśli wymagany,PRIMARY LAW S01,P0 LEGAL GATE,LEGAL REVIEW,"17,18",R040
WEB-0043-01,WEB,1,43,1. Executive Summary / Rejestr najważniejszych ustaleń,"| ESCO można używać jako foundation skills graph | Komisja Europejska, v1.2.1 | Nie ma sensu tworzyć własnego słownika kompetencji od zera | ESCO-first skill graph | High |",RECOMMENDATION / INTERPRETATION,ESCO,Mała ręczna taksonomia,Standardy potrzebne,"| ESCO można używać jako foundation skills graph | Komisja Europejska, v1.2.1 | Nie ma sensu tworzyć własnego słownika kompetencji od zera | ESCO-first skill graph | High |",§47: nie od zera,YES — korekta / ograniczenie / niepotwierdzona teza,R046: Stabilne URI i wersja; license manifest per dataset/pillar,PRIMARY DATA/LICENSE S06,LICENSE GATE,ACCEPT WITH MODIFICATION,"08,17",R046
WEB-0044-01,WEB,1,44,1. Executive Summary / Rejestr najważniejszych ustaleń,"| O*NET 31.0 jest CC BY 4.0 | O*NET, VIII 2026 | Można wzbogacić ESCO o activities/interests/abilities | Warstwa enrichment, nie główna polska taxonomy | High |",RECOMMENDATION / INTERPRETATION,ESCO; INFOdoradca/ZRK/O*NET,Mała ręczna taksonomia,Standardy potrzebne,"| O*NET 31.0 jest CC BY 4.0 | O*NET, VIII 2026 | Można wzbogacić ESCO o activities/interests/abilities | Warstwa enrichment, nie główna polska taxonomy | High |",§47: nie od zera,YES — korekta / ograniczenie / niepotwierdzona teza,R046: Stabilne URI i wersja; license manifest per dataset/pillar R047: O*NET DB CC BY4 z obowiązkami; ZRK/INFO dostępność nie jest licencją,PRIMARY DATA/LICENSE S06,LICENSE GATE,ACCEPT WITH MODIFICATION,"08,17",R046;R047
WEB-0045-01,WEB,1,45,1. Executive Summary / Rejestr najważniejszych ustaleń,"| Google Routes nie gwarantuje taryfy transportu dla każdej podróży | Google, 2026 | Jedno API nie rozwiąże kalkulatora dojazdu w Polsce | Routing + osobna warstwa taryf | High |",RECOMMENDATION / INTERPRETATION,Routing/tariff,Koszty nie gotowe,Dojazd ma znaczenie,"| Google Routes nie gwarantuje taryfy transportu dla każdej podróży | Google, 2026 | Jedno API nie rozwiąże kalkulatora dojazdu w Polsce | Routing + osobna warstwa taryf | High |",§48: warstwy oddzielne,NO — zachowanie/doprecyzowanie,"R048: Nieznana taryfa=null, nie0; transitFare nie zawsze dostępne",PRIMARY DOC S08,LICENSE REVIEW,ACCEPT WITH MODIFICATION,13,R048
WEB-0046-01,WEB,1,46,1. Executive Summary / Rejestr najważniejszych ustaleń,"| Google i TikTok nie mają w Polsce tych samych HEC restrictions co USA/Canada, ale wrażliwe dane nadal są ograniczane | Google/TikTok, 2026 | Nie trzeba rezygnować z performance marketingu, lecz targetowanie musi być fair | Context/intention first | Medium-High |",RECOMMENDATION / INTERPRETATION,Kategorie danych,Minimalizacja i role,Każdy wynik art9; firmy poza GDPR,"| Google i TikTok nie mają w Polsce tych samych HEC restrictions co USA/Canada, ale wrażliwe dane nadal są ograniczane | Google/TikTok, 2026 | Nie trzeba rezygnować z performance marketingu, lecz targetowanie musi być fair | Context/intention first | Medium-High |",§0 prawo nadrzędne,YES — korekta / ograniczenie / niepotwierdzona teza,R043: Zwykły wynik SQL nie staje się automatycznie art9; JDG/rekruter to także dane osobowe,GDPR; korekta EB,P0 LEGAL GATE,LEGAL REVIEW,"04,17",R043
WEB-0047-01,WEB,1,47,1. Executive Summary / Rejestr najważniejszych ustaleń,"| TikTok mocno ogranicza personalizację reklam dla <18 w EEA | TikTok, VII–VIII 2026 | Kampanie „pierwsza praca” dla nieletnich wymagają osobnej konstrukcji | Default campaign 18+ | High |",RECOMMENDATION / INTERPRETATION,Początkujący,Wąski pierwszy segment,Nieformalne doświadczenie pomaga,"| TikTok mocno ogranicza personalizację reklam dla <18 w EEA | TikTok, VII–VIII 2026 | Kampanie „pierwsza praca” dla nieletnich wymagają osobnej konstrukcji | Default campaign 18+ | High |","§8,41: inkluzywne grupy",YES — korekta / ograniczenie / niepotwierdzona teza,R008: Brak doświadczenia nie blokuje konta ani wartości; profil aspiracji dozwolony,FOUNDER DECISION,EQUALITY REVIEW,ACCEPT WITH MODIFICATION,"05,15,16",R008
WEB-0048-01,WEB,1,48,1. Executive Summary / Rejestr najważniejszych ustaleń,| Career assistants już istnieją za granicą | Jobright/Teal/Huntr | „AI career assistant” sam w sobie nie jest moat | Faro musi wygrać procesem i marketplace | High |,RECOMMENDATION / INTERPRETATION,MVP vs wizja,Wąski pilot,Iteracyjne testy,| Career assistants już istnieją za granicą | Jobright/Teal/Huntr | „AI career assistant” sam w sobie nie jest moat | Faro musi wygrać procesem i marketplace | High |,§57 nie wszystkoMVP,NO — zachowanie/doprecyzowanie,"R071: MVP proces i jawność; economics,wallet,assessment etapami bez usuwania z wizji",FOUNDER DECISION; sequencing proposal,GATES PER MODULE,ACCEPT WITH MODIFICATION,"18,19",R071
WEB-0049-01,WEB,1,49,1. Executive Summary / Rejestr najważniejszych ustaleń,"| Marketplace'y HR często pivotują/konsolidują się | Mercor, Triplebyte, Otta, Paradox | Generalist marketplace bez liquidity jest ryzykowny | Utility-first + employer seed + liquidity cells | Medium-High |",RECOMMENDATION / INTERPRETATION,Nationwide,Trójmiasto/operacje jako pierwszy rynek,Nationwide nie usuwa nierówności,"| Marketplace'y HR często pivotują/konsolidują się | Mercor, Triplebyte, Otta, Paradox | Generalist marketplace bez liquidity jest ryzykowny | Utility-first + employer seed + liquidity cells | Medium-High |",§39: publicznie cała Polska,YES — korekta / ograniczenie / niepotwierdzona teza,R036: Żadnego geofence; budżet kampanii można koncentrować w komórkach,FOUNDER DECISION; liquidity risk,MARKETING REVIEW,ACCEPT WITH MODIFICATION,"15,16,18",R036
WEB-0057-01,WEB,2,57,2. Polish Job Market Web Map / Najważniejsze miejsca,| Miejsce | Typ / audience | Skala dostępna publicznie | Główne segmenty | Reklama / partnerstwo |,MARKET CLAIM / OBSERVATION,Konkurencja/ceny/startupy,Benchmark historyczny,Przykłady bez linków,| Miejsce | Typ / audience | Skala dostępna publicznie | Główne segmenty | Reklama / partnerstwo |,"Nie kopiować, nie nowy audyt",YES — korekta / ograniczenie / niepotwierdzona teza,"MARKET INTELLIGENCE: zachować z datą, nie dowód skuteczności Faro, WTP ani potwierdzone partnerstwo. R066: Zachować intel z datą i etykietą źródła; ceny nie są WTP Faro",VENDOR CLAIM / NOT VERIFIED,LICENSE/PROCUREMENT REVIEW,TEST FIRST,"16,21",R066
WEB-0059-01,WEB,2,59,2. Polish Job Market Web Map / Najważniejsze miejsca,"| **Pracuj.pl** | General job board | >6 mln użytkowników/mies., 33,35 mln odsłon; 4,2 mln kont mailingowych — dane własne 2025 | white collar, sales, services, physical, juniors | **Display, mailing, sponsored article, reklama w ofercie**. 35 kategorii, 11 poziomów, 17 regionów. |",MARKET CLAIM / OBSERVATION,Konkurencja/ceny/startupy,Benchmark historyczny,Przykłady bez linków,"| **Pracuj.pl** | General job board | >6 mln użytkowników/mies., 33,35 mln odsłon; 4,2 mln kont mailingowych — dane własne 2025 | white collar, sales, services, physical, juniors | **Display, mailing, sponsored article, reklama w ofercie**. 35 kategorii, 11 poziomów, 17 regionów. |","Nie kopiować, nie nowy audyt",YES — korekta / ograniczenie / niepotwierdzona teza,"MARKET INTELLIGENCE: zachować z datą, nie dowód skuteczności Faro, WTP ani potwierdzone partnerstwo. R066: Zachować intel z datą i etykietą źródła; ceny nie są WTP Faro",VENDOR CLAIM / NOT VERIFIED,LICENSE/PROCUREMENT REVIEW,TEST FIRST,"16,21",R066
WEB-0060-01,WEB,2,60,2. Polish Job Market Web Map / Najważniejsze miejsca,"| **OLX Praca** | Classifieds/job marketplace | OLX podaje ok. 7 mln/mies. dla kategorii Praca | bardzo mocny blue collar, services, retail, logistics, local jobs | Self-service od 20 zł; display/premium banners, category/region/keyword targeting. |",MARKET CLAIM / OBSERVATION,Jobboard inventory/RFP,Źródła i partnerstwa opcjonalne,Brak,"| **OLX Praca** | Classifieds/job marketplace | OLX podaje ok. 7 mln/mies. dla kategorii Praca | bardzo mocny blue collar, services, retail, logistics, local jobs | Self-service od 20 zł; display/premium banners, category/region/keyword targeting. |",§40: nie główny kanał foundera,YES — korekta / ograniczenie / niepotwierdzona teza,"MARKET INTELLIGENCE: zachować z datą, nie dowód skuteczności Faro, WTP ani potwierdzone partnerstwo. R038: Zachować intelligence, nie wysyłać RFP jako przyjętego działania",FOUNDER DECISION,OPTIONAL CHANNEL REVIEW,TEST FIRST,"16,20",R038
WEB-0061-01,WEB,2,61,2. Polish Job Market Web Map / Najważniejsze miejsca,| **Indeed** | Global aggregator/search engine | Polska scale: **NOT VERIFIED** | broad | Employer branding/display istnieje globalnie; reklama konkurencyjnego job boardu w PL: **NOT VERIFIED** |,MARKET CLAIM / OBSERVATION,Konkurencja/ceny/startupy,Benchmark historyczny,Przykłady bez linków,| **Indeed** | Global aggregator/search engine | Polska scale: **NOT VERIFIED** | broad | Employer branding/display istnieje globalnie; reklama konkurencyjnego job boardu w PL: **NOT VERIFIED** |,"Nie kopiować, nie nowy audyt",YES — korekta / ograniczenie / niepotwierdzona teza,"MARKET INTELLIGENCE: zachować z datą, nie dowód skuteczności Faro, WTP ani potwierdzone partnerstwo. R066: Zachować intel z datą i etykietą źródła; ceny nie są WTP Faro",VENDOR CLAIM / NOT VERIFIED,LICENSE/PROCUREMENT REVIEW,TEST FIRST,"16,21",R066
WEB-0062-01,WEB,2,62,2. Polish Job Market Web Map / Najważniejsze miejsca,| **Jooble** | Aggregator | Globalnie deklaruje dziesiątki milionów użytkowników; Polska: **NOT VERIFIED** | broad | premium/CPC/job promotion; generic competitor advertising: **NOT VERIFIED** |,MARKET CLAIM / OBSERVATION,Konkurencja/ceny/startupy,Benchmark historyczny,Przykłady bez linków,| **Jooble** | Aggregator | Globalnie deklaruje dziesiątki milionów użytkowników; Polska: **NOT VERIFIED** | broad | premium/CPC/job promotion; generic competitor advertising: **NOT VERIFIED** |,"Nie kopiować, nie nowy audyt",YES — korekta / ograniczenie / niepotwierdzona teza,"MARKET INTELLIGENCE: zachować z datą, nie dowód skuteczności Faro, WTP ani potwierdzone partnerstwo. R066: Zachować intel z datą i etykietą źródła; ceny nie są WTP Faro",VENDOR CLAIM / NOT VERIFIED,LICENSE/PROCUREMENT REVIEW,TEST FIRST,"16,21",R066
WEB-0063-01,WEB,2,63,2. Polish Job Market Web Map / Najważniejsze miejsca,"| **GoWork** | Jobs + employer reviews | serwis deklaruje ok. 3,5–4 mln użytkowników miesięcznie, 7 mln opinii | broad, strong employer research | GoWork ADS Profile, GoWork ADS Job’s; ceny po kontakcie. |",MARKET CLAIM / OBSERVATION,Konkurencja/ceny/startupy,Benchmark historyczny,Przykłady bez linków,"| **GoWork** | Jobs + employer reviews | serwis deklaruje ok. 3,5–4 mln użytkowników miesięcznie, 7 mln opinii | broad, strong employer research | GoWork ADS Profile, GoWork ADS Job’s; ceny po kontakcie. |","Nie kopiować, nie nowy audyt",YES — korekta / ograniczenie / niepotwierdzona teza,"MARKET INTELLIGENCE: zachować z datą, nie dowód skuteczności Faro, WTP ani potwierdzone partnerstwo. R066: Zachować intel z datą i etykietą źródła; ceny nie są WTP Faro",VENDOR CLAIM / NOT VERIFIED,LICENSE/PROCUREMENT REVIEW,TEST FIRST,"16,21",R066
WEB-0064-01,WEB,2,64,2. Polish Job Market Web Map / Najważniejsze miejsca,"| **Praca.pl** | General job board | blisko 2 mln użytkowników/mies.; >12 mln PV; >1,3 mln aktywnych kont mailingowych | general | display flat fee/impressions, targeted mailing, sponsored/expert articles; `reklama@praca.pl`. |",MARKET CLAIM / OBSERVATION,Konkurencja/ceny/startupy,Benchmark historyczny,Przykłady bez linków,"| **Praca.pl** | General job board | blisko 2 mln użytkowników/mies.; >12 mln PV; >1,3 mln aktywnych kont mailingowych | general | display flat fee/impressions, targeted mailing, sponsored/expert articles; `reklama@praca.pl`. |","Nie kopiować, nie nowy audyt",YES — korekta / ograniczenie / niepotwierdzona teza,"MARKET INTELLIGENCE: zachować z datą, nie dowód skuteczności Faro, WTP ani potwierdzone partnerstwo. R066: Zachować intel z datą i etykietą źródła; ceny nie są WTP Faro",VENDOR CLAIM / NOT VERIFIED,LICENSE/PROCUREMENT REVIEW,TEST FIRST,"16,21",R066
WEB-0065-01,WEB,2,65,2. Polish Job Market Web Map / Najważniejsze miejsca,"| **Aplikuj.pl** | General job board | aktualna PL scale: **NOT VERIFIED** | general/local | bardzo interesujący program afiliacyjny/CPL; 25 zł za klienta, 2 zł rejestracja kandydata, 1 zł CV w podanych modelach. |",MARKET CLAIM / OBSERVATION,CV,Brak wymaganego CV; prywatny import później,"Skills-first, ale CV traktowane jako jeden predyktor","| **Aplikuj.pl** | General job board | aktualna PL scale: **NOT VERIFIED** | general/local | bardzo interesujący program afiliacyjny/CPL; 25 zł za klienta, 2 zł rejestracja kandydata, 1 zł CV w podanych modelach. |",§2: dokument nigdy do firmy,YES — korekta / ograniczenie / niepotwierdzona teza,"MARKET INTELLIGENCE: zachować z datą, nie dowód skuteczności Faro, WTP ani potwierdzone partnerstwo. R001: ZERO CV w procesie; przyszły import tylko prywatny",FOUNDER DECISION,GDPR REVIEW,TEST FIRST,"03,05,06,07",R001
WEB-0066-01,WEB,2,66,2. Polish Job Market Web Map / Najważniejsze miejsca,"| **JOBS.pl** | General job board | mailing >750 tys. aktualnych kont; newsletter 66 tys. | praca, szkolenia, rozwój | mailing dedykowany, banner, artykuł reklamowy; `marketing@jobs.pl`. |",MARKET CLAIM / OBSERVATION,Jobboard inventory/RFP,Źródła i partnerstwa opcjonalne,Brak,"| **JOBS.pl** | General job board | mailing >750 tys. aktualnych kont; newsletter 66 tys. | praca, szkolenia, rozwój | mailing dedykowany, banner, artykuł reklamowy; `marketing@jobs.pl`. |",§40: nie główny kanał foundera,YES — korekta / ograniczenie / niepotwierdzona teza,"MARKET INTELLIGENCE: zachować z datą, nie dowód skuteczności Faro, WTP ani potwierdzone partnerstwo. R038: Zachować intelligence, nie wysyłać RFP jako przyjętego działania",FOUNDER DECISION,OPTIONAL CHANNEL REVIEW,TEST FIRST,"16,20",R038
WEB-0067-01,WEB,2,67,2. Polish Job Market Web Map / Najważniejsze miejsca,"| **Gratka Praca** | Classifieds | current scale: **NOT VERIFIED** | broad/local | znalazłem starsze rate cards, ale aktualny 2026 media kit: **NOT VERIFIED** |",MARKET CLAIM / OBSERVATION,Konkurencja/ceny/startupy,Benchmark historyczny,Przykłady bez linków,"| **Gratka Praca** | Classifieds | current scale: **NOT VERIFIED** | broad/local | znalazłem starsze rate cards, ale aktualny 2026 media kit: **NOT VERIFIED** |","Nie kopiować, nie nowy audyt",YES — korekta / ograniczenie / niepotwierdzona teza,"MARKET INTELLIGENCE: zachować z datą, nie dowód skuteczności Faro, WTP ani potwierdzone partnerstwo. R066: Zachować intel z datą i etykietą źródła; ceny nie są WTP Faro",VENDOR CLAIM / NOT VERIFIED,LICENSE/PROCUREMENT REVIEW,TEST FIRST,"16,21",R066
WEB-0068-01,WEB,2,68,2. Polish Job Market Web Map / Najważniejsze miejsca,"| **No Fluff Jobs** | Job board, dziś znacznie szerzej niż samo IT | bieżąca witryna pokazywała >22 tys. ofert podczas scan; user reach: **NOT VERIFIED** | IT, marketing, sales, customer service, HR, engineering | publikacje 1190–2990 PLN; promocja, PPC, mailing priority, social. Generic Faro advertising: **NOT VERIFIED**. |",MARKET CLAIM / OBSERVATION,Konkurencja/ceny/startupy,Benchmark historyczny,Przykłady bez linków,"| **No Fluff Jobs** | Job board, dziś znacznie szerzej niż samo IT | bieżąca witryna pokazywała >22 tys. ofert podczas scan; user reach: **NOT VERIFIED** | IT, marketing, sales, customer service, HR, engineering | publikacje 1190–2990 PLN; promocja, PPC, mailing priority, social. Generic Faro advertising: **NOT VERIFIED**. |","Nie kopiować, nie nowy audyt",YES — korekta / ograniczenie / niepotwierdzona teza,"MARKET INTELLIGENCE: zachować z datą, nie dowód skuteczności Faro, WTP ani potwierdzone partnerstwo. R066: Zachować intel z datą i etykietą źródła; ceny nie są WTP Faro",VENDOR CLAIM / NOT VERIFIED,LICENSE/PROCUREMENT REVIEW,TEST FIRST,"16,21",R066
WEB-0069-01,WEB,2,69,2. Polish Job Market Web Map / Najważniejsze miejsca,| **Just Join IT** | tech job board/content | current reach: **NOT VERIFIED** | IT/tech | reklama w serwisie contentowym dostępna przez kontakt reklamowy. |,MARKET CLAIM / OBSERVATION,Konkurencja/ceny/startupy,Benchmark historyczny,Przykłady bez linków,| **Just Join IT** | tech job board/content | current reach: **NOT VERIFIED** | IT/tech | reklama w serwisie contentowym dostępna przez kontakt reklamowy. |,"Nie kopiować, nie nowy audyt",YES — korekta / ograniczenie / niepotwierdzona teza,"MARKET INTELLIGENCE: zachować z datą, nie dowód skuteczności Faro, WTP ani potwierdzone partnerstwo. R066: Zachować intel z datą i etykietą źródła; ceny nie są WTP Faro",VENDOR CLAIM / NOT VERIFIED,LICENSE/PROCUREMENT REVIEW,TEST FIRST,"16,21",R066
WEB-0070-01,WEB,2,70,2. Polish Job Market Web Map / Najważniejsze miejsca,"| **RocketJobs** | white-collar job board + media/community | deklaruje setki tys. white collars; FB groups >260 tys. łącznie | marketing, HR, sales, office, creative | content marketing, display, niestandardowe współprace; `sales@rocketjobs.pl`. |",MARKET CLAIM / OBSERVATION,Konkurencja/ceny/startupy,Benchmark historyczny,Przykłady bez linków,"| **RocketJobs** | white-collar job board + media/community | deklaruje setki tys. white collars; FB groups >260 tys. łącznie | marketing, HR, sales, office, creative | content marketing, display, niestandardowe współprace; `sales@rocketjobs.pl`. |","Nie kopiować, nie nowy audyt",YES — korekta / ograniczenie / niepotwierdzona teza,"MARKET INTELLIGENCE: zachować z datą, nie dowód skuteczności Faro, WTP ani potwierdzone partnerstwo. R066: Zachować intel z datą i etykietą źródła; ceny nie są WTP Faro",VENDOR CLAIM / NOT VERIFIED,LICENSE/PROCUREMENT REVIEW,TEST FIRST,"16,21",R066
WEB-0071-01,WEB,2,71,2. Polish Job Market Web Map / Najważniejsze miejsca,| **The Protocol** | tech job board | **NOT VERIFIED** | IT/tech | publiczny current media kit dla konkurencyjnej platformy: **NOT VERIFIED** |,MARKET CLAIM / OBSERVATION,Konkurencja/ceny/startupy,Benchmark historyczny,Przykłady bez linków,| **The Protocol** | tech job board | **NOT VERIFIED** | IT/tech | publiczny current media kit dla konkurencyjnej platformy: **NOT VERIFIED** |,"Nie kopiować, nie nowy audyt",YES — korekta / ograniczenie / niepotwierdzona teza,"MARKET INTELLIGENCE: zachować z datą, nie dowód skuteczności Faro, WTP ani potwierdzone partnerstwo. R066: Zachować intel z datą i etykietą źródła; ceny nie są WTP Faro",VENDOR CLAIM / NOT VERIFIED,LICENSE/PROCUREMENT REVIEW,TEST FIRST,"16,21",R066
WEB-0072-01,WEB,2,72,2. Polish Job Market Web Map / Najważniejsze miejsca,"| **Bulldogjob** | IT job board/media | aktualny audience scale: **NOT VERIFIED** | IT | employer branding, newsletter, content, social campaigns; job ads 790–2190 PLN. |",MARKET CLAIM / OBSERVATION,Konkurencja/ceny/startupy,Benchmark historyczny,Przykłady bez linków,"| **Bulldogjob** | IT job board/media | aktualny audience scale: **NOT VERIFIED** | IT | employer branding, newsletter, content, social campaigns; job ads 790–2190 PLN. |","Nie kopiować, nie nowy audyt",YES — korekta / ograniczenie / niepotwierdzona teza,"MARKET INTELLIGENCE: zachować z datą, nie dowód skuteczności Faro, WTP ani potwierdzone partnerstwo. R066: Zachować intel z datą i etykietą źródła; ceny nie są WTP Faro",VENDOR CLAIM / NOT VERIFIED,LICENSE/PROCUREMENT REVIEW,TEST FIRST,"16,21",R066
WEB-0073-01,WEB,2,73,2. Polish Job Market Web Map / Najważniejsze miejsca,| **Solid.jobs** | IT/tech | **NOT VERIFIED** | IT | partnerstwa + API; newsletter może zawierać bannery/promocje. |,MARKET CLAIM / OBSERVATION,Jobboard inventory/RFP,Źródła i partnerstwa opcjonalne,Brak,| **Solid.jobs** | IT/tech | **NOT VERIFIED** | IT | partnerstwa + API; newsletter może zawierać bannery/promocje. |,§40: nie główny kanał foundera,YES — korekta / ograniczenie / niepotwierdzona teza,"MARKET INTELLIGENCE: zachować z datą, nie dowód skuteczności Faro, WTP ani potwierdzone partnerstwo. R038: Zachować intelligence, nie wysyłać RFP jako przyjętego działania",FOUNDER DECISION,OPTIONAL CHANNEL REVIEW,TEST FIRST,"16,20",R038
WEB-0074-01,WEB,2,74,2. Polish Job Market Web Map / Najważniejsze miejsca,"| **LinkedIn** | professional network | 9,2 mln registered members in PL in late 2025; nie MAU | white collar, B2B, HR | szczególnie mocny po stronie pozyskiwania pracodawców. |",MARKET CLAIM / OBSERVATION,Konkurencja/ceny/startupy,Benchmark historyczny,Przykłady bez linków,"| **LinkedIn** | professional network | 9,2 mln registered members in PL in late 2025; nie MAU | white collar, B2B, HR | szczególnie mocny po stronie pozyskiwania pracodawców. |","Nie kopiować, nie nowy audyt",YES — korekta / ograniczenie / niepotwierdzona teza,"MARKET INTELLIGENCE: zachować z datą, nie dowód skuteczności Faro, WTP ani potwierdzone partnerstwo. R066: Zachować intel z datą i etykietą źródła; ceny nie są WTP Faro",VENDOR CLAIM / NOT VERIFIED,LICENSE/PROCUREMENT REVIEW,TEST FIRST,"16,21",R066
WEB-0075-01,WEB,2,75,2. Polish Job Market Web Map / Najważniejsze miejsca,| **Google Search** | intent engine | volume konkretnych fraz: **NOT VERIFIED** | wszystkie | kluczowy acquisition layer |,MARKET CLAIM / OBSERVATION,Konkurencja/ceny/startupy,Benchmark historyczny,Przykłady bez linków,| **Google Search** | intent engine | volume konkretnych fraz: **NOT VERIFIED** | wszystkie | kluczowy acquisition layer |,"Nie kopiować, nie nowy audyt",YES — korekta / ograniczenie / niepotwierdzona teza,"MARKET INTELLIGENCE: zachować z datą, nie dowód skuteczności Faro, WTP ani potwierdzone partnerstwo. R066: Zachować intel z datą i etykietą źródła; ceny nie są WTP Faro",VENDOR CLAIM / NOT VERIFIED,LICENSE/PROCUREMENT REVIEW,TEST FIRST,"16,21",R066
WEB-0076-01,WEB,2,76,2. Polish Job Market Web Map / Najważniejsze miejsca,"| **Facebook / grupy FB** | social/community | Facebook ad reach ok. 18,7 mln w PL late-2025 | blue collar, local, switchers, SMB | ważny organic/community + paid layer. |",MARKET CLAIM / OBSERVATION,Facebook groups,Jednokomórkowy pilot kanałów,Brak rekomendacji kanałowej,"| **Facebook / grupy FB** | social/community | Facebook ad reach ok. 18,7 mln w PL late-2025 | blue collar, local, switchers, SMB | ważny organic/community + paid layer. |",§40: grupy pracy ważny kanał startu,YES — korekta / ograniczenie / niepotwierdzona teza,"MARKET INTELLIGENCE: zachować z datą, nie dowód skuteczności Faro, WTP ani potwierdzone partnerstwo. R037: Admin-approved organic community; Meta testy; nie scraping członków",FOUNDER DECISION; CAC UNKNOWN,PKE/PLATFORM REVIEW,TEST FIRST,"15,16",R037
WEB-0077-01,WEB,2,77,2. Polish Job Market Web Map / Najważniejsze miejsca,"| **TikTok** | short video/search/discovery | ad audience 18+: ok. 12,4 mln PL late-2025 | first job, juniors, career switch | mocny discovery/education channel. |",MARKET CLAIM / OBSERVATION,Konkurencja/ceny/startupy,Benchmark historyczny,Przykłady bez linków,"| **TikTok** | short video/search/discovery | ad audience 18+: ok. 12,4 mln PL late-2025 | first job, juniors, career switch | mocny discovery/education channel. |","Nie kopiować, nie nowy audyt",YES — korekta / ograniczenie / niepotwierdzona teza,"MARKET INTELLIGENCE: zachować z datą, nie dowód skuteczności Faro, WTP ani potwierdzone partnerstwo. R066: Zachować intel z datą i etykietą źródła; ceny nie są WTP Faro",VENDOR CLAIM / NOT VERIFIED,LICENSE/PROCUREMENT REVIEW,TEST FIRST,"16,21",R066
WEB-0078-01,WEB,2,78,2. Polish Job Market Web Map / Najważniejsze miejsca,"| **YouTube** | video/search | potential ad reach 27,1 mln PL late-2025 | wszystkie | edukacja + performance + retargeting/context. |",MARKET CLAIM / OBSERVATION,Konkurencja/ceny/startupy,Benchmark historyczny,Przykłady bez linków,"| **YouTube** | video/search | potential ad reach 27,1 mln PL late-2025 | wszystkie | edukacja + performance + retargeting/context. |","Nie kopiować, nie nowy audyt",YES — korekta / ograniczenie / niepotwierdzona teza,"MARKET INTELLIGENCE: zachować z datą, nie dowód skuteczności Faro, WTP ani potwierdzone partnerstwo. R066: Zachować intel z datą i etykietą źródła; ceny nie są WTP Faro",VENDOR CLAIM / NOT VERIFIED,LICENSE/PROCUREMENT REVIEW,TEST FIRST,"16,21",R066
WEB-0080-01,WEB,2,80,2. Polish Job Market Web Map / Najważniejsze miejsca,"**Wniosek:** nie ma jednego „polskiego internetu pracy”. Kandydat magazynowy z Radomia, junior marketer, senior Java developer i osoba wracająca po przerwie mają zupełnie inne ścieżki wejścia.",MARKET CLAIM / OBSERVATION,Konkurencja/ceny/startupy,Benchmark historyczny,Przykłady bez linków,"**Wniosek:** nie ma jednego „polskiego internetu pracy”. Kandydat magazynowy z Radomia, junior marketer, senior Java developer i osoba wracająca po przerwie mają zupełnie inne ścieżki wejścia.","Nie kopiować, nie nowy audyt",YES — korekta / ograniczenie / niepotwierdzona teza,"MARKET INTELLIGENCE: zachować z datą, nie dowód skuteczności Faro, WTP ani potwierdzone partnerstwo. R066: Zachować intel z datą i etykietą źródła; ceny nie są WTP Faro",VENDOR CLAIM / NOT VERIFIED,LICENSE/PROCUREMENT REVIEW,TEST FIRST,"16,21",R066
WEB-0090-01,WEB,3,90,3. Advertising Opportunities / Najbardziej interesujące inventory dla Faro / Tier strategiczny 1,- **Pracuj.pl** — bardzo wysoki intent; display + mailing + sponsored content.,RECOMMENDATION / INTERPRETATION,Jobboard inventory/RFP,Źródła i partnerstwa opcjonalne,Brak,- **Pracuj.pl** — bardzo wysoki intent; display + mailing + sponsored content.,§40: nie główny kanał foundera,YES — korekta / ograniczenie / niepotwierdzona teza,"R038: Zachować intelligence, nie wysyłać RFP jako przyjętego działania",FOUNDER DECISION,OPTIONAL CHANNEL REVIEW,REJECT — FOUNDER DECISION,"16,20",R038
WEB-0091-01,WEB,3,91,3. Advertising Opportunities / Najbardziej interesujące inventory dla Faro / Tier strategiczny 1,- **OLX Praca** — szczególnie wartościowe dla blue collar/local/general.,RECOMMENDATION / INTERPRETATION,Jobboard inventory/RFP,Źródła i partnerstwa opcjonalne,Brak,- **OLX Praca** — szczególnie wartościowe dla blue collar/local/general.,§40: nie główny kanał foundera,YES — korekta / ograniczenie / niepotwierdzona teza,"R038: Zachować intelligence, nie wysyłać RFP jako przyjętego działania",FOUNDER DECISION,OPTIONAL CHANNEL REVIEW,REJECT — FOUNDER DECISION,"16,20",R038
WEB-0092-01,WEB,3,92,3. Advertising Opportunities / Najbardziej interesujące inventory dla Faro / Tier strategiczny 1,- **Google Search** — przechwytywanie jawnej intencji.,RECOMMENDATION / INTERPRETATION,Jobboard inventory/RFP,Źródła i partnerstwa opcjonalne,Brak,- **Google Search** — przechwytywanie jawnej intencji.,§40: nie główny kanał foundera,YES — korekta / ograniczenie / niepotwierdzona teza,"R038: Zachować intelligence, nie wysyłać RFP jako przyjętego działania",FOUNDER DECISION,OPTIONAL CHANNEL REVIEW,REJECT — FOUNDER DECISION,"16,20",R038
WEB-0093-01,WEB,3,93,3. Advertising Opportunities / Najbardziej interesujące inventory dla Faro / Tier strategiczny 1,- **Meta** — skalowanie zainteresowania i powroty.,RECOMMENDATION / INTERPRETATION,Jobboard inventory/RFP,Źródła i partnerstwa opcjonalne,Brak,- **Meta** — skalowanie zainteresowania i powroty.,§40: nie główny kanał foundera,YES — korekta / ograniczenie / niepotwierdzona teza,"R038: Zachować intelligence, nie wysyłać RFP jako przyjętego działania",FOUNDER DECISION,OPTIONAL CHANNEL REVIEW,REJECT — FOUNDER DECISION,"16,20",R038
WEB-0094-01,WEB,3,94,3. Advertising Opportunities / Najbardziej interesujące inventory dla Faro / Tier strategiczny 1,- **YouTube** — edukacja „dlaczego Faro działa inaczej”.,RECOMMENDATION / INTERPRETATION,Jobboard inventory/RFP,Źródła i partnerstwa opcjonalne,Brak,- **YouTube** — edukacja „dlaczego Faro działa inaczej”.,§40: nie główny kanał foundera,YES — korekta / ograniczenie / niepotwierdzona teza,"R038: Zachować intelligence, nie wysyłać RFP jako przyjętego działania",FOUNDER DECISION,OPTIONAL CHANNEL REVIEW,REJECT — FOUNDER DECISION,"16,20",R038
WEB-0095-01,WEB,3,95,3. Advertising Opportunities / Najbardziej interesujące inventory dla Faro / Tier strategiczny 1,"- **TikTok** — pierwsza praca, juniors, switchers.",RECOMMENDATION / INTERPRETATION,Początkujący,Wąski pierwszy segment,Nieformalne doświadczenie pomaga,"- **TikTok** — pierwsza praca, juniors, switchers.","§8,41: inkluzywne grupy",YES — korekta / ograniczenie / niepotwierdzona teza,R008: Brak doświadczenia nie blokuje konta ani wartości; profil aspiracji dozwolony,FOUNDER DECISION,EQUALITY REVIEW,ACCEPT WITH MODIFICATION,"05,15,16",R008
WEB-0096-01,WEB,3,96,3. Advertising Opportunities / Najbardziej interesujące inventory dla Faro / Tier strategiczny 1,- **RocketJobs/JustJoinIT/NFJ** — test wybranych white-collar/tech audiences.,RECOMMENDATION / INTERPRETATION,Jobboard inventory/RFP,Źródła i partnerstwa opcjonalne,Brak,- **RocketJobs/JustJoinIT/NFJ** — test wybranych white-collar/tech audiences.,§40: nie główny kanał foundera,YES — korekta / ograniczenie / niepotwierdzona teza,"R038: Zachować intelligence, nie wysyłać RFP jako przyjętego działania",FOUNDER DECISION,OPTIONAL CHANNEL REVIEW,REJECT — FOUNDER DECISION,"16,20",R038
WEB-0100-01,WEB,3,100,3. Advertising Opportunities / Najbardziej interesujące inventory dla Faro / Tier eksperymentalny,"Praca.pl, JOBS.pl, GoWork, Bulldogjob, Solid.jobs, Aplikuj.pl partnerships.",RECOMMENDATION / INTERPRETATION,Jobboard inventory/RFP,Źródła i partnerstwa opcjonalne,Brak,"Praca.pl, JOBS.pl, GoWork, Bulldogjob, Solid.jobs, Aplikuj.pl partnerships.",§40: nie główny kanał foundera,YES — korekta / ograniczenie / niepotwierdzona teza,"R038: Zachować intelligence, nie wysyłać RFP jako przyjętego działania",FOUNDER DECISION,OPTIONAL CHANNEL REVIEW,REJECT — FOUNDER DECISION,"16,20",R038
WEB-0104-01,WEB,3,104,3. Advertising Opportunities / Najbardziej interesujące inventory dla Faro / Szczególnie ciekawe kontakty,"- Praca.pl: `reklama@praca.pl`, tel. 22 567 16 12.",RECOMMENDATION / INTERPRETATION,Jobboard inventory/RFP,Źródła i partnerstwa opcjonalne,Brak,"- Praca.pl: `reklama@praca.pl`, tel. 22 567 16 12.",§40: nie główny kanał foundera,YES — korekta / ograniczenie / niepotwierdzona teza,"R038: Zachować intelligence, nie wysyłać RFP jako przyjętego działania",FOUNDER DECISION,OPTIONAL CHANNEL REVIEW,REJECT — FOUNDER DECISION,"16,20",R038
WEB-0105-01,WEB,3,105,3. Advertising Opportunities / Najbardziej interesujące inventory dla Faro / Szczególnie ciekawe kontakty,- JOBS.pl: `marketing@jobs.pl`.,RECOMMENDATION / INTERPRETATION,Jobboard inventory/RFP,Źródła i partnerstwa opcjonalne,Brak,- JOBS.pl: `marketing@jobs.pl`.,§40: nie główny kanał foundera,YES — korekta / ograniczenie / niepotwierdzona teza,"R038: Zachować intelligence, nie wysyłać RFP jako przyjętego działania",FOUNDER DECISION,OPTIONAL CHANNEL REVIEW,REJECT — FOUNDER DECISION,"16,20",R038
WEB-0106-01,WEB,3,106,3. Advertising Opportunities / Najbardziej interesujące inventory dla Faro / Szczególnie ciekawe kontakty,"- RocketJobs: `sales@rocketjobs.pl`, redakcyjnie `marketing@rocketjobs.pl`.",RECOMMENDATION / INTERPRETATION,Jobboard inventory/RFP,Źródła i partnerstwa opcjonalne,Brak,"- RocketJobs: `sales@rocketjobs.pl`, redakcyjnie `marketing@rocketjobs.pl`.",§40: nie główny kanał foundera,YES — korekta / ograniczenie / niepotwierdzona teza,"R038: Zachować intelligence, nie wysyłać RFP jako przyjętego działania",FOUNDER DECISION,OPTIONAL CHANNEL REVIEW,REJECT — FOUNDER DECISION,"16,20",R038
WEB-0107-01,WEB,3,107,3. Advertising Opportunities / Najbardziej interesujące inventory dla Faro / Szczególnie ciekawe kontakty,- Just Join IT blog: `natalia.szczerbik@justjoin.it`.,RECOMMENDATION / INTERPRETATION,Jobboard inventory/RFP,Źródła i partnerstwa opcjonalne,Brak,- Just Join IT blog: `natalia.szczerbik@justjoin.it`.,§40: nie główny kanał foundera,YES — korekta / ograniczenie / niepotwierdzona teza,"R038: Zachować intelligence, nie wysyłać RFP jako przyjętego działania",FOUNDER DECISION,OPTIONAL CHANNEL REVIEW,REJECT — FOUNDER DECISION,"16,20",R038
WEB-0108-01,WEB,3,108,3. Advertising Opportunities / Najbardziej interesujące inventory dla Faro / Szczególnie ciekawe kontakty,- Solid.jobs: `kontakt@solid.jobs`.,RECOMMENDATION / INTERPRETATION,Jobboard inventory/RFP,Źródła i partnerstwa opcjonalne,Brak,- Solid.jobs: `kontakt@solid.jobs`.,§40: nie główny kanał foundera,YES — korekta / ograniczenie / niepotwierdzona teza,"R038: Zachować intelligence, nie wysyłać RFP jako przyjętego działania",FOUNDER DECISION,OPTIONAL CHANNEL REVIEW,REJECT — FOUNDER DECISION,"16,20",R038
WEB-0112-01,WEB,3,112,3. Advertising Opportunities / Najbardziej interesujące inventory dla Faro / Krytyczna uwaga,"Dla żadnego z największych polskich job boardów nie znalazłem publicznej, wiążącej polityki mówiącej:",RECOMMENDATION / INTERPRETATION,Jobboard inventory/RFP,Źródła i partnerstwa opcjonalne,Brak,"Dla żadnego z największych polskich job boardów nie znalazłem publicznej, wiążącej polityki mówiącej:",§40: nie główny kanał foundera,YES — korekta / ograniczenie / niepotwierdzona teza,"R038: Zachować intelligence, nie wysyłać RFP jako przyjętego działania",FOUNDER DECISION,OPTIONAL CHANNEL REVIEW,REJECT — FOUNDER DECISION,"16,20",R038
WEB-0114-01,WEB,3,114,3. Advertising Opportunities / Najbardziej interesujące inventory dla Faro / Krytyczna uwaga,> „akceptujemy reklamy konkurencyjnych platform rekrutacyjnych”.,RECOMMENDATION / INTERPRETATION,Jobboard inventory/RFP,Źródła i partnerstwa opcjonalne,Brak,> „akceptujemy reklamy konkurencyjnych platform rekrutacyjnych”.,§40: nie główny kanał foundera,YES — korekta / ograniczenie / niepotwierdzona teza,"R038: Zachować intelligence, nie wysyłać RFP jako przyjętego działania",FOUNDER DECISION,OPTIONAL CHANNEL REVIEW,REJECT — FOUNDER DECISION,"16,20",R038
WEB-0116-01,WEB,3,116,3. Advertising Opportunities / Najbardziej interesujące inventory dla Faro / Krytyczna uwaga,Dlatego **COMPETITOR ACCEPTANCE = NOT VERIFIED**.,RECOMMENDATION / INTERPRETATION,Jobboard inventory/RFP,Źródła i partnerstwa opcjonalne,Brak,Dlatego **COMPETITOR ACCEPTANCE = NOT VERIFIED**.,§40: nie główny kanał foundera,YES — korekta / ograniczenie / niepotwierdzona teza,"R038: Zachować intelligence, nie wysyłać RFP jako przyjętego działania",FOUNDER DECISION,OPTIONAL CHANNEL REVIEW,REJECT — FOUNDER DECISION,"16,20",R038
WEB-0118-01,WEB,3,118,3. Advertising Opportunities / Najbardziej interesujące inventory dla Faro / Krytyczna uwaga,Pierwszą akcją zakupową Faro powinno być wysłanie jednego zunifikowanego RFP do wszystkich 15 serwisów z pytaniem o:,RECOMMENDATION / INTERPRETATION,Jobboard inventory/RFP,Źródła i partnerstwa opcjonalne,Brak,Pierwszą akcją zakupową Faro powinno być wysłanie jednego zunifikowanego RFP do wszystkich 15 serwisów z pytaniem o:,§40: nie główny kanał foundera,YES — korekta / ograniczenie / niepotwierdzona teza,"R038: Zachować intelligence, nie wysyłać RFP jako przyjętego działania",FOUNDER DECISION,OPTIONAL CHANNEL REVIEW,REJECT — FOUNDER DECISION,"16,20",R038
WEB-0120-01,WEB,3,120,3. Advertising Opportunities / Najbardziej interesujące inventory dla Faro / Krytyczna uwaga,"1. dopuszczalność reklamy platformy rekrutacyjnej,",RECOMMENDATION / INTERPRETATION,Jobboard inventory/RFP,Źródła i partnerstwa opcjonalne,Brak,"1. dopuszczalność reklamy platformy rekrutacyjnej,",§40: nie główny kanał foundera,YES — korekta / ograniczenie / niepotwierdzona teza,"R038: Zachować intelligence, nie wysyłać RFP jako przyjętego działania",FOUNDER DECISION,OPTIONAL CHANNEL REVIEW,REJECT — FOUNDER DECISION,"16,20",R038
WEB-0121-01,WEB,3,121,3. Advertising Opportunities / Najbardziej interesujące inventory dla Faro / Krytyczna uwaga,"2. display,",RECOMMENDATION / INTERPRETATION,Jobboard inventory/RFP,Źródła i partnerstwa opcjonalne,Brak,"2. display,",§40: nie główny kanał foundera,YES — korekta / ograniczenie / niepotwierdzona teza,"R038: Zachować intelligence, nie wysyłać RFP jako przyjętego działania",FOUNDER DECISION,OPTIONAL CHANNEL REVIEW,REJECT — FOUNDER DECISION,"16,20",R038
WEB-0122-01,WEB,3,122,3. Advertising Opportunities / Najbardziej interesujące inventory dla Faro / Krytyczna uwaga,"3. mailing/newsletter,",RECOMMENDATION / INTERPRETATION,Jobboard inventory/RFP,Źródła i partnerstwa opcjonalne,Brak,"3. mailing/newsletter,",§40: nie główny kanał foundera,YES — korekta / ograniczenie / niepotwierdzona teza,"R038: Zachować intelligence, nie wysyłać RFP jako przyjętego działania",FOUNDER DECISION,OPTIONAL CHANNEL REVIEW,REJECT — FOUNDER DECISION,"16,20",R038
WEB-0123-01,WEB,3,123,3. Advertising Opportunities / Najbardziej interesujące inventory dla Faro / Krytyczna uwaga,"4. sponsored content/native,",RECOMMENDATION / INTERPRETATION,Jobboard inventory/RFP,Źródła i partnerstwa opcjonalne,Brak,"4. sponsored content/native,",§40: nie główny kanał foundera,YES — korekta / ograniczenie / niepotwierdzona teza,"R038: Zachować intelligence, nie wysyłać RFP jako przyjętego działania",FOUNDER DECISION,OPTIONAL CHANNEL REVIEW,REJECT — FOUNDER DECISION,"16,20",R038
WEB-0124-01,WEB,3,124,3. Advertising Opportunities / Najbardziej interesujące inventory dla Faro / Krytyczna uwaga,"5. programmatic/private marketplace,",RECOMMENDATION / INTERPRETATION,Jobboard inventory/RFP,Źródła i partnerstwa opcjonalne,Brak,"5. programmatic/private marketplace,",§40: nie główny kanał foundera,YES — korekta / ograniczenie / niepotwierdzona teza,"R038: Zachować intelligence, nie wysyłać RFP jako przyjętego działania",FOUNDER DECISION,OPTIONAL CHANNEL REVIEW,REJECT — FOUNDER DECISION,"16,20",R038
WEB-0125-01,WEB,3,125,3. Advertising Opportunities / Najbardziej interesujące inventory dla Faro / Krytyczna uwaga,"6. audience targeting,",RECOMMENDATION / INTERPRETATION,Jobboard inventory/RFP,Źródła i partnerstwa opcjonalne,Brak,"6. audience targeting,",§40: nie główny kanał foundera,YES — korekta / ograniczenie / niepotwierdzona teza,"R038: Zachować intelligence, nie wysyłać RFP jako przyjętego działania",FOUNDER DECISION,OPTIONAL CHANNEL REVIEW,REJECT — FOUNDER DECISION,"16,20",R038
WEB-0126-01,WEB,3,126,3. Advertising Opportunities / Najbardziej interesujące inventory dla Faro / Krytyczna uwaga,"7. minimalny budżet,",RECOMMENDATION / INTERPRETATION,Jobboard inventory/RFP,Źródła i partnerstwa opcjonalne,Brak,"7. minimalny budżet,",§40: nie główny kanał foundera,YES — korekta / ograniczenie / niepotwierdzona teza,"R038: Zachować intelligence, nie wysyłać RFP jako przyjętego działania",FOUNDER DECISION,OPTIONAL CHANNEL REVIEW,REJECT — FOUNDER DECISION,"16,20",R038
WEB-0127-01,WEB,3,127,3. Advertising Opportunities / Najbardziej interesujące inventory dla Faro / Krytyczna uwaga,"8. CPM/CPC/flat fee,",RECOMMENDATION / INTERPRETATION,Jobboard inventory/RFP,Źródła i partnerstwa opcjonalne,Brak,"8. CPM/CPC/flat fee,",§40: nie główny kanał foundera,YES — korekta / ograniczenie / niepotwierdzona teza,"R038: Zachować intelligence, nie wysyłać RFP jako przyjętego działania",FOUNDER DECISION,OPTIONAL CHANNEL REVIEW,REJECT — FOUNDER DECISION,"16,20",R038
WEB-0128-01,WEB,3,128,3. Advertising Opportunities / Najbardziej interesujące inventory dla Faro / Krytyczna uwaga,"9. dostępny inventory,",RECOMMENDATION / INTERPRETATION,Jobboard inventory/RFP,Źródła i partnerstwa opcjonalne,Brak,"9. dostępny inventory,",§40: nie główny kanał foundera,YES — korekta / ograniczenie / niepotwierdzona teza,"R038: Zachować intelligence, nie wysyłać RFP jako przyjętego działania",FOUNDER DECISION,OPTIONAL CHANNEL REVIEW,REJECT — FOUNDER DECISION,"16,20",R038
WEB-0129-01,WEB,3,129,3. Advertising Opportunities / Najbardziej interesujące inventory dla Faro / Krytyczna uwaga,10. wyłączności/category conflicts.,RECOMMENDATION / INTERPRETATION,Jobboard inventory/RFP,Źródła i partnerstwa opcjonalne,Brak,10. wyłączności/category conflicts.,§40: nie główny kanał foundera,YES — korekta / ograniczenie / niepotwierdzona teza,"R038: Zachować intelligence, nie wysyłać RFP jako przyjętego działania",FOUNDER DECISION,OPTIONAL CHANNEL REVIEW,REJECT — FOUNDER DECISION,"16,20",R038
WEB-0131-01,WEB,3,131,3. Advertising Opportunities / Najbardziej interesujące inventory dla Faro / Krytyczna uwaga,"To może od razu wykryć kanały, których konkurenci Faro nie będą chcieli sprzedać.",RECOMMENDATION / INTERPRETATION,Jobboard inventory/RFP,Źródła i partnerstwa opcjonalne,Brak,"To może od razu wykryć kanały, których konkurenci Faro nie będą chcieli sprzedać.",§40: nie główny kanał foundera,YES — korekta / ograniczenie / niepotwierdzona teza,"R038: Zachować intelligence, nie wysyłać RFP jako przyjętego działania",FOUNDER DECISION,OPTIONAL CHANNEL REVIEW,REJECT — FOUNDER DECISION,"16,20",R038
WEB-0137-01,WEB,4,137,4. Candidate Acquisition,"Marketing powinien być segmentowany według **problemu użytkownika**, nie tylko stanowiska.",RECOMMENDATION / INTERPRETATION,Facebook groups,Jednokomórkowy pilot kanałów,Brak rekomendacji kanałowej,"Marketing powinien być segmentowany według **problemu użytkownika**, nie tylko stanowiska.",§40: grupy pracy ważny kanał startu,YES — korekta / ograniczenie / niepotwierdzona teza,R037: Admin-approved organic community; Meta testy; nie scraping członków,FOUNDER DECISION; CAC UNKNOWN,PKE/PLATFORM REVIEW,ACCEPT WITH MODIFICATION,"15,16",R037
WEB-0139-01,WEB,4,139,4. Candidate Acquisition,| Segment | Gdzie szukać | Najlepszy hook produktowy |,RECOMMENDATION / INTERPRETATION,Facebook groups,Jednokomórkowy pilot kanałów,Brak rekomendacji kanałowej,| Segment | Gdzie szukać | Najlepszy hook produktowy |,§40: grupy pracy ważny kanał startu,YES — korekta / ograniczenie / niepotwierdzona teza,R037: Admin-approved organic community; Meta testy; nie scraping członków,FOUNDER DECISION; CAC UNKNOWN,PKE/PLATFORM REVIEW,ACCEPT WITH MODIFICATION,"15,16",R037
WEB-0141-01,WEB,4,141,4. Candidate Acquisition,"| Pierwsza praca | TikTok, YouTube, Google, szkoły/uczelnie, RocketJobs groups, Meta | „Nie potrzebujesz idealnego CV, żeby pokazać potencjał.” |",RECOMMENDATION / INTERPRETATION,CV; Początkujący,Brak wymaganego CV; prywatny import później,"Skills-first, ale CV traktowane jako jeden predyktor","| Pierwsza praca | TikTok, YouTube, Google, szkoły/uczelnie, RocketJobs groups, Meta | „Nie potrzebujesz idealnego CV, żeby pokazać potencjał.” |",§2: dokument nigdy do firmy,YES — korekta / ograniczenie / niepotwierdzona teza,R001: ZERO CV w procesie; przyszły import tylko prywatny R008: Brak doświadczenia nie blokuje konta ani wartości; profil aspiracji dozwolony,FOUNDER DECISION,GDPR REVIEW,ACCEPT WITH MODIFICATION,"03,05,06,07",R001;R008
WEB-0142-01,WEB,4,142,4. Candidate Acquisition,"| Junior | Google, TikTok, LinkedIn, Rocket/NFJ/JJIT branżowo | skill proof, learning path, transparent requirements |",RECOMMENDATION / INTERPRETATION,Facebook groups,Jednokomórkowy pilot kanałów,Brak rekomendacji kanałowej,"| Junior | Google, TikTok, LinkedIn, Rocket/NFJ/JJIT branżowo | skill proof, learning path, transparent requirements |",§40: grupy pracy ważny kanał startu,YES — korekta / ograniczenie / niepotwierdzona teza,R037: Admin-approved organic community; Meta testy; nie scraping członków,FOUNDER DECISION; CAC UNKNOWN,PKE/PLATFORM REVIEW,ACCEPT WITH MODIFICATION,"15,16",R037
WEB-0143-01,WEB,4,143,4. Candidate Acquisition,"| Bez doświadczenia | OLX, Meta/groups, Google, TikTok | hidden skills + assessment zamiast „2 lata doświadczenia” |",RECOMMENDATION / INTERPRETATION,Assessment Center; Początkujący,Wersjonowane zadania,Walidacja i proporcjonalność,"| Bez doświadczenia | OLX, Meta/groups, Google, TikTok | hidden skills + assessment zamiast „2 lata doświadczenia” |","§26: typ, liczba, limit, termin przed Start",NO — zachowanie/doprecyzowanie,R026: Timer serwerowy od jawnego Start; deadline niezależny R008: Brak doświadczenia nie blokuje konta ani wartości; profil aspiracji dozwolony,FOUNDER DECISION,AI/GDPR/EQUALITY REVIEW,ACCEPT WITH MODIFICATION,10,R026;R008
WEB-0144-01,WEB,4,144,4. Candidate Acquisition,"| Career switch | Search, YouTube, Meta, LinkedIn | transferowalne kompetencje + role discovery |",RECOMMENDATION / INTERPRETATION,AI tłumaczy doświadczenie,Confirmed/inferred/unknown,Weryfikacja deklaracji,"| Career switch | Search, YouTube, Meta, LinkedIn | transferowalne kompetencje + role discovery |","§5,33: każda propozycja zatwierdzana",NO — zachowanie/doprecyzowanie,R004: Proposal nie jest SkillClaim; tytuł pracy nie dowodzi wykonywania czynności,FOUNDER DECISION,AI/GDPR REVIEW,ACCEPT WITH MODIFICATION,"05,08",R004
WEB-0145-01,WEB,4,145,4. Candidate Acquisition,"| Powrót po przerwie | Search, Meta, partnerzy społeczni/professional communities | aktualne kompetencje zamiast interpretowania przerwy |",RECOMMENDATION / INTERPRETATION,Facebook groups,Jednokomórkowy pilot kanałów,Brak rekomendacji kanałowej,"| Powrót po przerwie | Search, Meta, partnerzy społeczni/professional communities | aktualne kompetencje zamiast interpretowania przerwy |",§40: grupy pracy ważny kanał startu,YES — korekta / ograniczenie / niepotwierdzona teza,R037: Admin-approved organic community; Meta testy; nie scraping członków,FOUNDER DECISION; CAC UNKNOWN,PKE/PLATFORM REVIEW,ACCEPT WITH MODIFICATION,"15,16",R037
WEB-0146-01,WEB,4,146,4. Candidate Acquisition,| Częste zmiany pracy | broad social/Search | konkretne kompetencje i aktualne cele |,RECOMMENDATION / INTERPRETATION,Facebook groups,Jednokomórkowy pilot kanałów,Brak rekomendacji kanałowej,| Częste zmiany pracy | broad social/Search | konkretne kompetencje i aktualne cele |,§40: grupy pracy ważny kanał startu,YES — korekta / ograniczenie / niepotwierdzona teza,R037: Admin-approved organic community; Meta testy; nie scraping członków,FOUNDER DECISION; CAC UNKNOWN,PKE/PLATFORM REVIEW,ACCEPT WITH MODIFICATION,"15,16",R037
WEB-0147-01,WEB,4,147,4. Candidate Acquisition,"| Blue collar | OLX, GoWork, Facebook local/groups, Google | wynagrodzenie + zmiany + dojazd + szybki proces |",RECOMMENDATION / INTERPRETATION,Facebook groups; Routing/tariff,Jednokomórkowy pilot kanałów,Brak rekomendacji kanałowej,"| Blue collar | OLX, GoWork, Facebook local/groups, Google | wynagrodzenie + zmiany + dojazd + szybki proces |",§40: grupy pracy ważny kanał startu,YES — korekta / ograniczenie / niepotwierdzona teza,"R037: Admin-approved organic community; Meta testy; nie scraping członków R048: Nieznana taryfa=null, nie0; transitFare nie zawsze dostępne",FOUNDER DECISION; CAC UNKNOWN,PKE/PLATFORM REVIEW,ACCEPT WITH MODIFICATION,"15,16",R037;R048
WEB-0148-01,WEB,4,148,4. Candidate Acquisition,"| Logistyka/produkcja | OLX, FB/local, Google, partnerships | netto po dojeździe, zmiany, weekendy, start date |",RECOMMENDATION / INTERPRETATION,Netto engine,Niepełny,Nie waliduje podatków,"| Logistyka/produkcja | OLX, FB/local, Google, partnerships | netto po dojeździe, zmiany, weekendy, start date |",§49: netto nie własnością oferty,NO — zachowanie/doprecyzowanie,R049: Scenariusz użytkownika + wersja prawa + zakres niepewności,FOUNDER DECISION; podatki REVIEW,TAX GATE,ACCEPT WITH MODIFICATION,13,R049
WEB-0149-01,WEB,4,149,4. Candidate Acquisition,"| Handel/usługi | OLX, Meta, local search | grafik, lokalizacja, netto, szybki kontakt |",RECOMMENDATION / INTERPRETATION,Netto engine,Niepełny,Nie waliduje podatków,"| Handel/usługi | OLX, Meta, local search | grafik, lokalizacja, netto, szybki kontakt |",§49: netto nie własnością oferty,NO — zachowanie/doprecyzowanie,R049: Scenariusz użytkownika + wersja prawa + zakres niepewności,FOUNDER DECISION; podatki REVIEW,TAX GATE,ACCEPT WITH MODIFICATION,13,R049
WEB-0150-01,WEB,4,150,4. Candidate Acquisition,"| Administracja | Pracuj, Praca.pl, LinkedIn, Google | transparent requirements + transferability |",RECOMMENDATION / INTERPRETATION,AI tłumaczy doświadczenie,Confirmed/inferred/unknown,Weryfikacja deklaracji,"| Administracja | Pracuj, Praca.pl, LinkedIn, Google | transparent requirements + transferability |","§5,33: każda propozycja zatwierdzana",NO — zachowanie/doprecyzowanie,R004: Proposal nie jest SkillClaim; tytuł pracy nie dowodzi wykonywania czynności,FOUNDER DECISION,AI/GDPR REVIEW,ACCEPT WITH MODIFICATION,"05,08",R004
WEB-0151-01,WEB,4,151,4. Candidate Acquisition,"| IT | NFJ, JJIT, Bulldog, Solid, LinkedIn | skill evidence + technical assessments |",RECOMMENDATION / INTERPRETATION,Assessment Center,Wersjonowane zadania,Walidacja i proporcjonalność,"| IT | NFJ, JJIT, Bulldog, Solid, LinkedIn | skill evidence + technical assessments |","§26: typ, liczba, limit, termin przed Start",NO — zachowanie/doprecyzowanie,R026: Timer serwerowy od jawnego Start; deadline niezależny,FOUNDER DECISION,AI/GDPR/EQUALITY REVIEW,ACCEPT WITH MODIFICATION,10,R026
WEB-0152-01,WEB,4,152,4. Candidate Acquisition,"| Doświadczeni specjaliści | Pracuj, LinkedIn, Google/YouTube | real fit, job comparison, confidentiality |",RECOMMENDATION / INTERPRETATION,Facebook groups,Jednokomórkowy pilot kanałów,Brak rekomendacji kanałowej,"| Doświadczeni specjaliści | Pracuj, LinkedIn, Google/YouTube | real fit, job comparison, confidentiality |",§40: grupy pracy ważny kanał startu,YES — korekta / ograniczenie / niepotwierdzona teza,R037: Admin-approved organic community; Meta testy; nie scraping członków,FOUNDER DECISION; CAC UNKNOWN,PKE/PLATFORM REVIEW,ACCEPT WITH MODIFICATION,"15,16",R037
WEB-0154-01,WEB,4,154,4. Candidate Acquisition,"Ważne: **„bez CV” samo w sobie nie powinno być całą kampanią Faro.** Dla części użytkowników CV nie jest problemem. Problemem jest to, że CV redukuje ich do nazw stanowisk, firm i linearnej historii.",RECOMMENDATION / INTERPRETATION,CV,Brak wymaganego CV; prywatny import później,"Skills-first, ale CV traktowane jako jeden predyktor","Ważne: **„bez CV” samo w sobie nie powinno być całą kampanią Faro.** Dla części użytkowników CV nie jest problemem. Problemem jest to, że CV redukuje ich do nazw stanowisk, firm i linearnej historii.",§2: dokument nigdy do firmy,YES — korekta / ograniczenie / niepotwierdzona teza,R001: ZERO CV w procesie; przyszły import tylko prywatny,FOUNDER DECISION,GDPR REVIEW,ACCEPT WITH MODIFICATION,"03,05,06,07",R001
WEB-0160-01,WEB,5,160,5. Employer Acquisition,Tu Faro potrzebuje osobnego GTM.,RECOMMENDATION / INTERPRETATION,Nationwide,Trójmiasto/operacje jako pierwszy rynek,Nationwide nie usuwa nierówności,Tu Faro potrzebuje osobnego GTM.,§39: publicznie cała Polska,YES — korekta / ograniczenie / niepotwierdzona teza,R036: Żadnego geofence; budżet kampanii można koncentrować w komórkach,FOUNDER DECISION; liquidity risk,MARKETING REVIEW,ACCEPT WITH MODIFICATION,"15,16,18",R036
WEB-0164-01,WEB,5,164,5. Employer Acquisition / SME,Najlepsze kanały:,RECOMMENDATION / INTERPRETATION,Nationwide,Trójmiasto/operacje jako pierwszy rynek,Nationwide nie usuwa nierówności,Najlepsze kanały:,§39: publicznie cała Polska,YES — korekta / ograniczenie / niepotwierdzona teza,R036: Żadnego geofence; budżet kampanii można koncentrować w komórkach,FOUNDER DECISION; liquidity risk,MARKETING REVIEW,ACCEPT WITH MODIFICATION,"15,16,18",R036
WEB-0166-01,WEB,5,166,5. Employer Acquisition / SME,"- outbound owner/founder,",RECOMMENDATION / INTERPRETATION,Nationwide,Trójmiasto/operacje jako pierwszy rynek,Nationwide nie usuwa nierówności,"- outbound owner/founder,",§39: publicznie cała Polska,YES — korekta / ograniczenie / niepotwierdzona teza,R036: Żadnego geofence; budżet kampanii można koncentrować w komórkach,FOUNDER DECISION; liquidity risk,MARKETING REVIEW,ACCEPT WITH MODIFICATION,"15,16,18",R036
WEB-0167-01,WEB,5,167,5. Employer Acquisition / SME,"- lokalne organizacje biznesowe,",RECOMMENDATION / INTERPRETATION,Nationwide,Trójmiasto/operacje jako pierwszy rynek,Nationwide nie usuwa nierówności,"- lokalne organizacje biznesowe,",§39: publicznie cała Polska,YES — korekta / ograniczenie / niepotwierdzona teza,R036: Żadnego geofence; budżet kampanii można koncentrować w komórkach,FOUNDER DECISION; liquidity risk,MARKETING REVIEW,ACCEPT WITH MODIFICATION,"15,16,18",R036
WEB-0168-01,WEB,5,168,5. Employer Acquisition / SME,"- izby gospodarcze,",RECOMMENDATION / INTERPRETATION,Nationwide,Trójmiasto/operacje jako pierwszy rynek,Nationwide nie usuwa nierówności,"- izby gospodarcze,",§39: publicznie cała Polska,YES — korekta / ograniczenie / niepotwierdzona teza,R036: Żadnego geofence; budżet kampanii można koncentrować w komórkach,FOUNDER DECISION; liquidity risk,MARKETING REVIEW,ACCEPT WITH MODIFICATION,"15,16,18",R036
WEB-0169-01,WEB,5,169,5. Employer Acquisition / SME,"- LinkedIn,",RECOMMENDATION / INTERPRETATION,Nationwide,Trójmiasto/operacje jako pierwszy rynek,Nationwide nie usuwa nierówności,"- LinkedIn,",§39: publicznie cała Polska,YES — korekta / ograniczenie / niepotwierdzona teza,R036: Żadnego geofence; budżet kampanii można koncentrować w komórkach,FOUNDER DECISION; liquidity risk,MARKETING REVIEW,ACCEPT WITH MODIFICATION,"15,16,18",R036
WEB-0170-01,WEB,5,170,5. Employer Acquisition / SME,"- księgowość/payroll/HR SaaS partnerships,",RECOMMENDATION / INTERPRETATION,Nationwide,Trójmiasto/operacje jako pierwszy rynek,Nationwide nie usuwa nierówności,"- księgowość/payroll/HR SaaS partnerships,",§39: publicznie cała Polska,YES — korekta / ograniczenie / niepotwierdzona teza,R036: Żadnego geofence; budżet kampanii można koncentrować w komórkach,FOUNDER DECISION; liquidity risk,MARKETING REVIEW,ACCEPT WITH MODIFICATION,"15,16,18",R036
WEB-0171-01,WEB,5,171,5. Employer Acquisition / SME,"- programy partnerskie,",RECOMMENDATION / INTERPRETATION,Nationwide,Trójmiasto/operacje jako pierwszy rynek,Nationwide nie usuwa nierówności,"- programy partnerskie,",§39: publicznie cała Polska,YES — korekta / ograniczenie / niepotwierdzona teza,R036: Żadnego geofence; budżet kampanii można koncentrować w komórkach,FOUNDER DECISION; liquidity risk,MARKETING REVIEW,ACCEPT WITH MODIFICATION,"15,16,18",R036
WEB-0172-01,WEB,5,172,5. Employer Acquisition / SME,- „zero-cost first recruitment”.,RECOMMENDATION / INTERPRETATION,Nationwide,Trójmiasto/operacje jako pierwszy rynek,Nationwide nie usuwa nierówności,- „zero-cost first recruitment”.,§39: publicznie cała Polska,YES — korekta / ograniczenie / niepotwierdzona teza,R036: Żadnego geofence; budżet kampanii można koncentrować w komórkach,FOUNDER DECISION; liquidity risk,MARKETING REVIEW,ACCEPT WITH MODIFICATION,"15,16,18",R036
WEB-0174-01,WEB,5,174,5. Employer Acquisition / SME,"Kluczowa wartość: **mniej czasu ręcznej preselekcji + kandydaci, którzy wiedzą, na co aplikują.**",RECOMMENDATION / INTERPRETATION,Nationwide,Trójmiasto/operacje jako pierwszy rynek,Nationwide nie usuwa nierówności,"Kluczowa wartość: **mniej czasu ręcznej preselekcji + kandydaci, którzy wiedzą, na co aplikują.**",§39: publicznie cała Polska,YES — korekta / ograniczenie / niepotwierdzona teza,R036: Żadnego geofence; budżet kampanii można koncentrować w komórkach,FOUNDER DECISION; liquidity risk,MARKETING REVIEW,ACCEPT WITH MODIFICATION,"15,16,18",R036
WEB-0178-01,WEB,5,178,5. Employer Acquisition / Mid-market,"- Head of HR,",RECOMMENDATION / INTERPRETATION,Nationwide,Trójmiasto/operacje jako pierwszy rynek,Nationwide nie usuwa nierówności,"- Head of HR,",§39: publicznie cała Polska,YES — korekta / ograniczenie / niepotwierdzona teza,R036: Żadnego geofence; budżet kampanii można koncentrować w komórkach,FOUNDER DECISION; liquidity risk,MARKETING REVIEW,ACCEPT WITH MODIFICATION,"15,16,18",R036
WEB-0179-01,WEB,5,179,5. Employer Acquisition / Mid-market,"- Talent Acquisition,",RECOMMENDATION / INTERPRETATION,Nationwide,Trójmiasto/operacje jako pierwszy rynek,Nationwide nie usuwa nierówności,"- Talent Acquisition,",§39: publicznie cała Polska,YES — korekta / ograniczenie / niepotwierdzona teza,R036: Żadnego geofence; budżet kampanii można koncentrować w komórkach,FOUNDER DECISION; liquidity risk,MARKETING REVIEW,ACCEPT WITH MODIFICATION,"15,16,18",R036
WEB-0180-01,WEB,5,180,5. Employer Acquisition / Mid-market,"- HR Business Partners,",RECOMMENDATION / INTERPRETATION,Nationwide,Trójmiasto/operacje jako pierwszy rynek,Nationwide nie usuwa nierówności,"- HR Business Partners,",§39: publicznie cała Polska,YES — korekta / ograniczenie / niepotwierdzona teza,R036: Żadnego geofence; budżet kampanii można koncentrować w komórkach,FOUNDER DECISION; liquidity risk,MARKETING REVIEW,ACCEPT WITH MODIFICATION,"15,16,18",R036
WEB-0181-01,WEB,5,181,5. Employer Acquisition / Mid-market,"- Recruitment Leads,",RECOMMENDATION / INTERPRETATION,Nationwide,Trójmiasto/operacje jako pierwszy rynek,Nationwide nie usuwa nierówności,"- Recruitment Leads,",§39: publicznie cała Polska,YES — korekta / ograniczenie / niepotwierdzona teza,R036: Żadnego geofence; budżet kampanii można koncentrować w komórkach,FOUNDER DECISION; liquidity risk,MARKETING REVIEW,ACCEPT WITH MODIFICATION,"15,16,18",R036
WEB-0182-01,WEB,5,182,5. Employer Acquisition / Mid-market,- Operations/Plant/Store managers dla high-volume.,RECOMMENDATION / INTERPRETATION,Nationwide,Trójmiasto/operacje jako pierwszy rynek,Nationwide nie usuwa nierówności,- Operations/Plant/Store managers dla high-volume.,§39: publicznie cała Polska,YES — korekta / ograniczenie / niepotwierdzona teza,R036: Żadnego geofence; budżet kampanii można koncentrować w komórkach,FOUNDER DECISION; liquidity risk,MARKETING REVIEW,ACCEPT WITH MODIFICATION,"15,16,18",R036
WEB-0184-01,WEB,5,184,5. Employer Acquisition / Mid-market,"LinkedIn oferuje targetowanie m.in. po job function, seniority, company size, industry i listach konkretnych firm, co czyni go znacznie bardziej wartościowym dla B2B Faro niż dla masowego candidate acquisition.",RECOMMENDATION / INTERPRETATION,Nationwide,Trójmiasto/operacje jako pierwszy rynek,Nationwide nie usuwa nierówności,"LinkedIn oferuje targetowanie m.in. po job function, seniority, company size, industry i listach konkretnych firm, co czyni go znacznie bardziej wartościowym dla B2B Faro niż dla masowego candidate acquisition.",§39: publicznie cała Polska,YES — korekta / ograniczenie / niepotwierdzona teza,R036: Żadnego geofence; budżet kampanii można koncentrować w komórkach,FOUNDER DECISION; liquidity risk,MARKETING REVIEW,ACCEPT WITH MODIFICATION,"15,16,18",R036
WEB-0188-01,WEB,5,188,5. Employer Acquisition / Enterprise,Nie sprzedawać „job boardu”.,RECOMMENDATION / INTERPRETATION,Nationwide,Trójmiasto/operacje jako pierwszy rynek,Nationwide nie usuwa nierówności,Nie sprzedawać „job boardu”.,§39: publicznie cała Polska,YES — korekta / ograniczenie / niepotwierdzona teza,R036: Żadnego geofence; budżet kampanii można koncentrować w komórkach,FOUNDER DECISION; liquidity risk,MARKETING REVIEW,ACCEPT WITH MODIFICATION,"15,16,18",R036
WEB-0190-01,WEB,5,190,5. Employer Acquisition / Enterprise,Sprzedawać:,RECOMMENDATION / INTERPRETATION,Nationwide,Trójmiasto/operacje jako pierwszy rynek,Nationwide nie usuwa nierówności,Sprzedawać:,§39: publicznie cała Polska,YES — korekta / ograniczenie / niepotwierdzona teza,R036: Żadnego geofence; budżet kampanii można koncentrować w komórkach,FOUNDER DECISION; liquidity risk,MARKETING REVIEW,ACCEPT WITH MODIFICATION,"15,16,18",R036
WEB-0192-01,WEB,5,192,5. Employer Acquisition / Enterprise,"- structured hiring,",RECOMMENDATION / INTERPRETATION,Nationwide,Trójmiasto/operacje jako pierwszy rynek,Nationwide nie usuwa nierówności,"- structured hiring,",§39: publicznie cała Polska,YES — korekta / ograniczenie / niepotwierdzona teza,R036: Żadnego geofence; budżet kampanii można koncentrować w komórkach,FOUNDER DECISION; liquidity risk,MARKETING REVIEW,ACCEPT WITH MODIFICATION,"15,16,18",R036
WEB-0193-01,WEB,5,193,5. Employer Acquisition / Enterprise,"- candidate pipeline,",RECOMMENDATION / INTERPRETATION,Nationwide,Trójmiasto/operacje jako pierwszy rynek,Nationwide nie usuwa nierówności,"- candidate pipeline,",§39: publicznie cała Polska,YES — korekta / ograniczenie / niepotwierdzona teza,R036: Żadnego geofence; budżet kampanii można koncentrować w komórkach,FOUNDER DECISION; liquidity risk,MARKETING REVIEW,ACCEPT WITH MODIFICATION,"15,16,18",R036
WEB-0194-01,WEB,5,194,5. Employer Acquisition / Enterprise,"- skill evidence,",RECOMMENDATION / INTERPRETATION,Nationwide,Trójmiasto/operacje jako pierwszy rynek,Nationwide nie usuwa nierówności,"- skill evidence,",§39: publicznie cała Polska,YES — korekta / ograniczenie / niepotwierdzona teza,R036: Żadnego geofence; budżet kampanii można koncentrować w komórkach,FOUNDER DECISION; liquidity risk,MARKETING REVIEW,ACCEPT WITH MODIFICATION,"15,16,18",R036
WEB-0195-01,WEB,5,195,5. Employer Acquisition / Enterprise,"- configurable assessments,",RECOMMENDATION / INTERPRETATION,Assessment Center,Wersjonowane zadania,Walidacja i proporcjonalność,"- configurable assessments,","§26: typ, liczba, limit, termin przed Start",NO — zachowanie/doprecyzowanie,R026: Timer serwerowy od jawnego Start; deadline niezależny,FOUNDER DECISION,AI/GDPR/EQUALITY REVIEW,ACCEPT WITH MODIFICATION,10,R026
WEB-0196-01,WEB,5,196,5. Employer Acquisition / Enterprise,"- recruiter/hiring manager collaboration,",RECOMMENDATION / INTERPRETATION,Nationwide,Trójmiasto/operacje jako pierwszy rynek,Nationwide nie usuwa nierówności,"- recruiter/hiring manager collaboration,",§39: publicznie cała Polska,YES — korekta / ograniczenie / niepotwierdzona teza,R036: Żadnego geofence; budżet kampanii można koncentrować w komórkach,FOUNDER DECISION; liquidity risk,MARKETING REVIEW,ACCEPT WITH MODIFICATION,"15,16,18",R036
WEB-0197-01,WEB,5,197,5. Employer Acquisition / Enterprise,"- analytics,",RECOMMENDATION / INTERPRETATION,Nationwide,Trójmiasto/operacje jako pierwszy rynek,Nationwide nie usuwa nierówności,"- analytics,",§39: publicznie cała Polska,YES — korekta / ograniczenie / niepotwierdzona teza,R036: Żadnego geofence; budżet kampanii można koncentrować w komórkach,FOUNDER DECISION; liquidity risk,MARKETING REVIEW,ACCEPT WITH MODIFICATION,"15,16,18",R036
WEB-0198-01,WEB,5,198,5. Employer Acquisition / Enterprise,"- SLA/status automation,",RECOMMENDATION / INTERPRETATION,Nationwide,Trójmiasto/operacje jako pierwszy rynek,Nationwide nie usuwa nierówności,"- SLA/status automation,",§39: publicznie cała Polska,YES — korekta / ograniczenie / niepotwierdzona teza,R036: Żadnego geofence; budżet kampanii można koncentrować w komórkach,FOUNDER DECISION; liquidity risk,MARKETING REVIEW,ACCEPT WITH MODIFICATION,"15,16,18",R036
WEB-0199-01,WEB,5,199,5. Employer Acquisition / Enterprise,"- auditability,",RECOMMENDATION / INTERPRETATION,Nationwide,Trójmiasto/operacje jako pierwszy rynek,Nationwide nie usuwa nierówności,"- auditability,",§39: publicznie cała Polska,YES — korekta / ograniczenie / niepotwierdzona teza,R036: Żadnego geofence; budżet kampanii można koncentrować w komórkach,FOUNDER DECISION; liquidity risk,MARKETING REVIEW,ACCEPT WITH MODIFICATION,"15,16,18",R036
WEB-0200-01,WEB,5,200,5. Employer Acquisition / Enterprise,"- ATS/API integrations,",RECOMMENDATION / INTERPRETATION,Nationwide,Trójmiasto/operacje jako pierwszy rynek,Nationwide nie usuwa nierówności,"- ATS/API integrations,",§39: publicznie cała Polska,YES — korekta / ograniczenie / niepotwierdzona teza,R036: Żadnego geofence; budżet kampanii można koncentrować w komórkach,FOUNDER DECISION; liquidity risk,MARKETING REVIEW,ACCEPT WITH MODIFICATION,"15,16,18",R036
WEB-0201-01,WEB,5,201,5. Employer Acquisition / Enterprise,- AI governance.,RECOMMENDATION / INTERPRETATION,Nationwide,Trójmiasto/operacje jako pierwszy rynek,Nationwide nie usuwa nierówności,- AI governance.,§39: publicznie cała Polska,YES — korekta / ograniczenie / niepotwierdzona teza,R036: Żadnego geofence; budżet kampanii można koncentrować w komórkach,FOUNDER DECISION; liquidity risk,MARKETING REVIEW,ACCEPT WITH MODIFICATION,"15,16,18",R036
WEB-0205-01,WEB,5,205,5. Employer Acquisition / Konkretne kanały,"**Polskie Forum HR** prowadzi technologieHR, daneHR, eduHR i HR Tech Changer i ma bezpośredni kontakt partnerski.",RECOMMENDATION / INTERPRETATION,Nationwide,Trójmiasto/operacje jako pierwszy rynek,Nationwide nie usuwa nierówności,"**Polskie Forum HR** prowadzi technologieHR, daneHR, eduHR i HR Tech Changer i ma bezpośredni kontakt partnerski.",§39: publicznie cała Polska,YES — korekta / ograniczenie / niepotwierdzona teza,R036: Żadnego geofence; budżet kampanii można koncentrować w komórkach,FOUNDER DECISION; liquidity risk,MARKETING REVIEW,ACCEPT WITH MODIFICATION,"15,16,18",R036
WEB-0207-01,WEB,5,207,5. Employer Acquisition / Konkretne kanały,"**Rzeczpospolita HR Insights, 16 listopada 2026** jawnie zaprasza dostawców technologii HR i AI do partnerstwa.",RECOMMENDATION / INTERPRETATION,Nationwide,Trójmiasto/operacje jako pierwszy rynek,Nationwide nie usuwa nierówności,"**Rzeczpospolita HR Insights, 16 listopada 2026** jawnie zaprasza dostawców technologii HR i AI do partnerstwa.",§39: publicznie cała Polska,YES — korekta / ograniczenie / niepotwierdzona teza,R036: Żadnego geofence; budżet kampanii można koncentrować w komórkach,FOUNDER DECISION; liquidity risk,MARKETING REVIEW,ACCEPT WITH MODIFICATION,"15,16,18",R036
WEB-0209-01,WEB,5,209,5. Employer Acquisition / Konkretne kanały,"To jest bardzo konkretny, aktualny lead GTM dla Faro.",RECOMMENDATION / INTERPRETATION,Nationwide,Trójmiasto/operacje jako pierwszy rynek,Nationwide nie usuwa nierówności,"To jest bardzo konkretny, aktualny lead GTM dla Faro.",§39: publicznie cała Polska,YES — korekta / ograniczenie / niepotwierdzona teza,R036: Żadnego geofence; budżet kampanii można koncentrować w komórkach,FOUNDER DECISION; liquidity risk,MARKETING REVIEW,ACCEPT WITH MODIFICATION,"15,16,18",R036
WEB-0215-01,WEB,6,215,6. Google / Search Opportunity,Nie znalazłem wiarygodnego publicznego źródła pozwalającego podać aktualne polskie miesięczne wolumeny tych fraz.,RECOMMENDATION / INTERPRETATION,Marketing eksperymenty,Warianty obietnicy,A/B ukrywania warunków/tożsamości,Nie znalazłem wiarygodnego publicznego źródła pozwalającego podać aktualne polskie miesięczne wolumeny tych fraz.,"§2–4,13,43 zamknięte",YES — korekta / ograniczenie / niepotwierdzona teza,R067: Testować układ i zrozumienie; nie łamać NO CV/salary/privacy w live A/B,FOUNDER DECISION,EXPERIMENT REVIEW,ACCEPT WITH MODIFICATION,"15,21",R067
WEB-0217-01,WEB,6,217,6. Google / Search Opportunity,**WOLUMENY: NOT VERIFIED. Nie podaję wymyślonych liczb.**,RECOMMENDATION / INTERPRETATION,Marketing eksperymenty,Warianty obietnicy,A/B ukrywania warunków/tożsamości,**WOLUMENY: NOT VERIFIED. Nie podaję wymyślonych liczb.**,"§2–4,13,43 zamknięte",YES — korekta / ograniczenie / niepotwierdzona teza,R067: Testować układ i zrozumienie; nie łamać NO CV/salary/privacy w live A/B,FOUNDER DECISION,EXPERIMENT REVIEW,ACCEPT WITH MODIFICATION,"15,21",R067
WEB-0219-01,WEB,6,219,6. Google / Search Opportunity,Zamiast tysięcy keywordów Faro powinno zbudować klastry.,RECOMMENDATION / INTERPRETATION,Marketing eksperymenty,Warianty obietnicy,A/B ukrywania warunków/tożsamości,Zamiast tysięcy keywordów Faro powinno zbudować klastry.,"§2–4,13,43 zamknięte",YES — korekta / ograniczenie / niepotwierdzona teza,R067: Testować układ i zrozumienie; nie łamać NO CV/salary/privacy w live A/B,FOUNDER DECISION,EXPERIMENT REVIEW,ACCEPT WITH MODIFICATION,"15,21",R067
WEB-0223-01,WEB,6,223,6. Google / Search Opportunity / A. High-intent job search,`praca`,RECOMMENDATION / INTERPRETATION,Marketing eksperymenty,Warianty obietnicy,A/B ukrywania warunków/tożsamości,`praca`,"§2–4,13,43 zamknięte",YES — korekta / ograniczenie / niepotwierdzona teza,R067: Testować układ i zrozumienie; nie łamać NO CV/salary/privacy w live A/B,FOUNDER DECISION,EXPERIMENT REVIEW,ACCEPT WITH MODIFICATION,"15,21",R067
WEB-0224-01,WEB,6,224,6. Google / Search Opportunity / A. High-intent job search,`oferty pracy`,RECOMMENDATION / INTERPRETATION,Marketing eksperymenty,Warianty obietnicy,A/B ukrywania warunków/tożsamości,`oferty pracy`,"§2–4,13,43 zamknięte",YES — korekta / ograniczenie / niepotwierdzona teza,R067: Testować układ i zrozumienie; nie łamać NO CV/salary/privacy w live A/B,FOUNDER DECISION,EXPERIMENT REVIEW,ACCEPT WITH MODIFICATION,"15,21",R067
WEB-0225-01,WEB,6,225,6. Google / Search Opportunity / A. High-intent job search,`praca [miasto]`,RECOMMENDATION / INTERPRETATION,Marketing eksperymenty,Warianty obietnicy,A/B ukrywania warunków/tożsamości,`praca [miasto]`,"§2–4,13,43 zamknięte",YES — korekta / ograniczenie / niepotwierdzona teza,R067: Testować układ i zrozumienie; nie łamać NO CV/salary/privacy w live A/B,FOUNDER DECISION,EXPERIMENT REVIEW,ACCEPT WITH MODIFICATION,"15,21",R067
WEB-0226-01,WEB,6,226,6. Google / Search Opportunity / A. High-intent job search,`praca [stanowisko]`,RECOMMENDATION / INTERPRETATION,Marketing eksperymenty,Warianty obietnicy,A/B ukrywania warunków/tożsamości,`praca [stanowisko]`,"§2–4,13,43 zamknięte",YES — korekta / ograniczenie / niepotwierdzona teza,R067: Testować układ i zrozumienie; nie łamać NO CV/salary/privacy w live A/B,FOUNDER DECISION,EXPERIMENT REVIEW,ACCEPT WITH MODIFICATION,"15,21",R067
WEB-0227-01,WEB,6,227,6. Google / Search Opportunity / A. High-intent job search,`praca od zaraz`,RECOMMENDATION / INTERPRETATION,Marketing eksperymenty,Warianty obietnicy,A/B ukrywania warunków/tożsamości,`praca od zaraz`,"§2–4,13,43 zamknięte",YES — korekta / ograniczenie / niepotwierdzona teza,R067: Testować układ i zrozumienie; nie łamać NO CV/salary/privacy w live A/B,FOUNDER DECISION,EXPERIMENT REVIEW,ACCEPT WITH MODIFICATION,"15,21",R067
WEB-0228-01,WEB,6,228,6. Google / Search Opportunity / A. High-intent job search,`praca blisko mnie`,RECOMMENDATION / INTERPRETATION,Marketing eksperymenty,Warianty obietnicy,A/B ukrywania warunków/tożsamości,`praca blisko mnie`,"§2–4,13,43 zamknięte",YES — korekta / ograniczenie / niepotwierdzona teza,R067: Testować układ i zrozumienie; nie łamać NO CV/salary/privacy w live A/B,FOUNDER DECISION,EXPERIMENT REVIEW,ACCEPT WITH MODIFICATION,"15,21",R067
WEB-0232-01,WEB,6,232,6. Google / Search Opportunity / B. First-job / no-experience,`pierwsza praca`,RECOMMENDATION / INTERPRETATION,Początkujący,Wąski pierwszy segment,Nieformalne doświadczenie pomaga,`pierwsza praca`,"§8,41: inkluzywne grupy",YES — korekta / ograniczenie / niepotwierdzona teza,R008: Brak doświadczenia nie blokuje konta ani wartości; profil aspiracji dozwolony,FOUNDER DECISION,EQUALITY REVIEW,ACCEPT WITH MODIFICATION,"05,15,16",R008
WEB-0233-01,WEB,6,233,6. Google / Search Opportunity / B. First-job / no-experience,`praca bez doświadczenia`,RECOMMENDATION / INTERPRETATION,Początkujący,Wąski pierwszy segment,Nieformalne doświadczenie pomaga,`praca bez doświadczenia`,"§8,41: inkluzywne grupy",YES — korekta / ograniczenie / niepotwierdzona teza,R008: Brak doświadczenia nie blokuje konta ani wartości; profil aspiracji dozwolony,FOUNDER DECISION,EQUALITY REVIEW,ACCEPT WITH MODIFICATION,"05,15,16",R008
WEB-0234-01,WEB,6,234,6. Google / Search Opportunity / B. First-job / no-experience,`praca po liceum`,RECOMMENDATION / INTERPRETATION,Marketing eksperymenty,Warianty obietnicy,A/B ukrywania warunków/tożsamości,`praca po liceum`,"§2–4,13,43 zamknięte",YES — korekta / ograniczenie / niepotwierdzona teza,R067: Testować układ i zrozumienie; nie łamać NO CV/salary/privacy w live A/B,FOUNDER DECISION,EXPERIMENT REVIEW,ACCEPT WITH MODIFICATION,"15,21",R067
WEB-0235-01,WEB,6,235,6. Google / Search Opportunity / B. First-job / no-experience,`praca po studiach`,RECOMMENDATION / INTERPRETATION,Marketing eksperymenty,Warianty obietnicy,A/B ukrywania warunków/tożsamości,`praca po studiach`,"§2–4,13,43 zamknięte",YES — korekta / ograniczenie / niepotwierdzona teza,R067: Testować układ i zrozumienie; nie łamać NO CV/salary/privacy w live A/B,FOUNDER DECISION,EXPERIMENT REVIEW,ACCEPT WITH MODIFICATION,"15,21",R067
WEB-0236-01,WEB,6,236,6. Google / Search Opportunity / B. First-job / no-experience,`praca dla juniora`,RECOMMENDATION / INTERPRETATION,Marketing eksperymenty,Warianty obietnicy,A/B ukrywania warunków/tożsamości,`praca dla juniora`,"§2–4,13,43 zamknięte",YES — korekta / ograniczenie / niepotwierdzona teza,R067: Testować układ i zrozumienie; nie łamać NO CV/salary/privacy w live A/B,FOUNDER DECISION,EXPERIMENT REVIEW,ACCEPT WITH MODIFICATION,"15,21",R067
WEB-0237-01,WEB,6,237,6. Google / Search Opportunity / B. First-job / no-experience,`staż / praktyki`,RECOMMENDATION / INTERPRETATION,Marketing eksperymenty,Warianty obietnicy,A/B ukrywania warunków/tożsamości,`staż / praktyki`,"§2–4,13,43 zamknięte",YES — korekta / ograniczenie / niepotwierdzona teza,R067: Testować układ i zrozumienie; nie łamać NO CV/salary/privacy w live A/B,FOUNDER DECISION,EXPERIMENT REVIEW,ACCEPT WITH MODIFICATION,"15,21",R067
WEB-0241-01,WEB,6,241,6. Google / Search Opportunity / C. Career switch,`zmiana pracy`,RECOMMENDATION / INTERPRETATION,Marketing eksperymenty,Warianty obietnicy,A/B ukrywania warunków/tożsamości,`zmiana pracy`,"§2–4,13,43 zamknięte",YES — korekta / ograniczenie / niepotwierdzona teza,R067: Testować układ i zrozumienie; nie łamać NO CV/salary/privacy w live A/B,FOUNDER DECISION,EXPERIMENT REVIEW,ACCEPT WITH MODIFICATION,"15,21",R067
WEB-0242-01,WEB,6,242,6. Google / Search Opportunity / C. Career switch,`jak zmienić zawód`,RECOMMENDATION / INTERPRETATION,Marketing eksperymenty,Warianty obietnicy,A/B ukrywania warunków/tożsamości,`jak zmienić zawód`,"§2–4,13,43 zamknięte",YES — korekta / ograniczenie / niepotwierdzona teza,R067: Testować układ i zrozumienie; nie łamać NO CV/salary/privacy w live A/B,FOUNDER DECISION,EXPERIMENT REVIEW,ACCEPT WITH MODIFICATION,"15,21",R067
WEB-0243-01,WEB,6,243,6. Google / Search Opportunity / C. Career switch,`przebranżowienie`,RECOMMENDATION / INTERPRETATION,Marketing eksperymenty,Warianty obietnicy,A/B ukrywania warunków/tożsamości,`przebranżowienie`,"§2–4,13,43 zamknięte",YES — korekta / ograniczenie / niepotwierdzona teza,R067: Testować układ i zrozumienie; nie łamać NO CV/salary/privacy w live A/B,FOUNDER DECISION,EXPERIMENT REVIEW,ACCEPT WITH MODIFICATION,"15,21",R067
WEB-0244-01,WEB,6,244,6. Google / Search Opportunity / C. Career switch,`jaki zawód dla mnie`,RECOMMENDATION / INTERPRETATION,Marketing eksperymenty,Warianty obietnicy,A/B ukrywania warunków/tożsamości,`jaki zawód dla mnie`,"§2–4,13,43 zamknięte",YES — korekta / ograniczenie / niepotwierdzona teza,R067: Testować układ i zrozumienie; nie łamać NO CV/salary/privacy w live A/B,FOUNDER DECISION,EXPERIMENT REVIEW,ACCEPT WITH MODIFICATION,"15,21",R067
WEB-0245-01,WEB,6,245,6. Google / Search Opportunity / C. Career switch,`co mogę robić po [zawód]`,RECOMMENDATION / INTERPRETATION,Marketing eksperymenty,Warianty obietnicy,A/B ukrywania warunków/tożsamości,`co mogę robić po [zawód]`,"§2–4,13,43 zamknięte",YES — korekta / ograniczenie / niepotwierdzona teza,R067: Testować układ i zrozumienie; nie łamać NO CV/salary/privacy w live A/B,FOUNDER DECISION,EXPERIMENT REVIEW,ACCEPT WITH MODIFICATION,"15,21",R067
WEB-0247-01,WEB,6,247,6. Google / Search Opportunity / C. Career switch,Ta ostatnia grupa jest szczególnie wartościowa dla Faro i jego transferable-skills engine.,RECOMMENDATION / INTERPRETATION,AI tłumaczy doświadczenie,Confirmed/inferred/unknown,Weryfikacja deklaracji,Ta ostatnia grupa jest szczególnie wartościowa dla Faro i jego transferable-skills engine.,"§5,33: każda propozycja zatwierdzana",NO — zachowanie/doprecyzowanie,R004: Proposal nie jest SkillClaim; tytuł pracy nie dowodzi wykonywania czynności,FOUNDER DECISION,AI/GDPR REVIEW,ACCEPT WITH MODIFICATION,"05,08",R004
WEB-0251-01,WEB,6,251,6. Google / Search Opportunity / D. Return-to-work,`powrót do pracy po przerwie`,RECOMMENDATION / INTERPRETATION,Marketing eksperymenty,Warianty obietnicy,A/B ukrywania warunków/tożsamości,`powrót do pracy po przerwie`,"§2–4,13,43 zamknięte",YES — korekta / ograniczenie / niepotwierdzona teza,R067: Testować układ i zrozumienie; nie łamać NO CV/salary/privacy w live A/B,FOUNDER DECISION,EXPERIMENT REVIEW,ACCEPT WITH MODIFICATION,"15,21",R067
WEB-0252-01,WEB,6,252,6. Google / Search Opportunity / D. Return-to-work,`szukanie pracy po przerwie`,RECOMMENDATION / INTERPRETATION,Marketing eksperymenty,Warianty obietnicy,A/B ukrywania warunków/tożsamości,`szukanie pracy po przerwie`,"§2–4,13,43 zamknięte",YES — korekta / ograniczenie / niepotwierdzona teza,R067: Testować układ i zrozumienie; nie łamać NO CV/salary/privacy w live A/B,FOUNDER DECISION,EXPERIMENT REVIEW,ACCEPT WITH MODIFICATION,"15,21",R067
WEB-0253-01,WEB,6,253,6. Google / Search Opportunity / D. Return-to-work,`jak wrócić na rynek pracy`,RECOMMENDATION / INTERPRETATION,Marketing eksperymenty,Warianty obietnicy,A/B ukrywania warunków/tożsamości,`jak wrócić na rynek pracy`,"§2–4,13,43 zamknięte",YES — korekta / ograniczenie / niepotwierdzona teza,R067: Testować układ i zrozumienie; nie łamać NO CV/salary/privacy w live A/B,FOUNDER DECISION,EXPERIMENT REVIEW,ACCEPT WITH MODIFICATION,"15,21",R067
WEB-0257-01,WEB,6,257,6. Google / Search Opportunity / E. Work modality,`praca zdalna`,RECOMMENDATION / INTERPRETATION,Marketing eksperymenty,Warianty obietnicy,A/B ukrywania warunków/tożsamości,`praca zdalna`,"§2–4,13,43 zamknięte",YES — korekta / ograniczenie / niepotwierdzona teza,R067: Testować układ i zrozumienie; nie łamać NO CV/salary/privacy w live A/B,FOUNDER DECISION,EXPERIMENT REVIEW,ACCEPT WITH MODIFICATION,"15,21",R067
WEB-0258-01,WEB,6,258,6. Google / Search Opportunity / E. Work modality,`praca hybrydowa`,RECOMMENDATION / INTERPRETATION,Marketing eksperymenty,Warianty obietnicy,A/B ukrywania warunków/tożsamości,`praca hybrydowa`,"§2–4,13,43 zamknięte",YES — korekta / ograniczenie / niepotwierdzona teza,R067: Testować układ i zrozumienie; nie łamać NO CV/salary/privacy w live A/B,FOUNDER DECISION,EXPERIMENT REVIEW,ACCEPT WITH MODIFICATION,"15,21",R067
WEB-0259-01,WEB,6,259,6. Google / Search Opportunity / E. Work modality,`[zawód] zdalnie`,RECOMMENDATION / INTERPRETATION,Marketing eksperymenty,Warianty obietnicy,A/B ukrywania warunków/tożsamości,`[zawód] zdalnie`,"§2–4,13,43 zamknięte",YES — korekta / ograniczenie / niepotwierdzona teza,R067: Testować układ i zrozumienie; nie łamać NO CV/salary/privacy w live A/B,FOUNDER DECISION,EXPERIMENT REVIEW,ACCEPT WITH MODIFICATION,"15,21",R067
WEB-0263-01,WEB,6,263,6. Google / Search Opportunity / F. Salary,`zarobki [stanowisko]`,RECOMMENDATION / INTERPRETATION,Marketing eksperymenty,Warianty obietnicy,A/B ukrywania warunków/tożsamości,`zarobki [stanowisko]`,"§2–4,13,43 zamknięte",YES — korekta / ograniczenie / niepotwierdzona teza,R067: Testować układ i zrozumienie; nie łamać NO CV/salary/privacy w live A/B,FOUNDER DECISION,EXPERIMENT REVIEW,ACCEPT WITH MODIFICATION,"15,21",R067
WEB-0264-01,WEB,6,264,6. Google / Search Opportunity / F. Salary,`[kwota] brutto ile netto`,RECOMMENDATION / INTERPRETATION,Netto engine,Niepełny,Nie waliduje podatków,`[kwota] brutto ile netto`,§49: netto nie własnością oferty,NO — zachowanie/doprecyzowanie,R049: Scenariusz użytkownika + wersja prawa + zakres niepewności,FOUNDER DECISION; podatki REVIEW,TAX GATE,ACCEPT WITH MODIFICATION,13,R049
WEB-0265-01,WEB,6,265,6. Google / Search Opportunity / F. Salary,`wynagrodzenie [stanowisko]`,RECOMMENDATION / INTERPRETATION,Marketing eksperymenty,Warianty obietnicy,A/B ukrywania warunków/tożsamości,`wynagrodzenie [stanowisko]`,"§2–4,13,43 zamknięte",YES — korekta / ograniczenie / niepotwierdzona teza,R067: Testować układ i zrozumienie; nie łamać NO CV/salary/privacy w live A/B,FOUNDER DECISION,EXPERIMENT REVIEW,ACCEPT WITH MODIFICATION,"15,21",R067
WEB-0266-01,WEB,6,266,6. Google / Search Opportunity / F. Salary,`stawka [stanowisko]`,RECOMMENDATION / INTERPRETATION,Marketing eksperymenty,Warianty obietnicy,A/B ukrywania warunków/tożsamości,`stawka [stanowisko]`,"§2–4,13,43 zamknięte",YES — korekta / ograniczenie / niepotwierdzona teza,R067: Testować układ i zrozumienie; nie łamać NO CV/salary/privacy w live A/B,FOUNDER DECISION,EXPERIMENT REVIEW,ACCEPT WITH MODIFICATION,"15,21",R067
WEB-0268-01,WEB,6,268,6. Google / Search Opportunity / F. Salary,"To może być osobny, potężny SEO utility funnel.",RECOMMENDATION / INTERPRETATION,Marketing eksperymenty,Warianty obietnicy,A/B ukrywania warunków/tożsamości,"To może być osobny, potężny SEO utility funnel.","§2–4,13,43 zamknięte",YES — korekta / ograniczenie / niepotwierdzona teza,R067: Testować układ i zrozumienie; nie łamać NO CV/salary/privacy w live A/B,FOUNDER DECISION,EXPERIMENT REVIEW,ACCEPT WITH MODIFICATION,"15,21",R067
WEB-0272-01,WEB,6,272,6. Google / Search Opportunity / G. Commute,`koszt dojazdu do pracy`,RECOMMENDATION / INTERPRETATION,Routing/tariff,Koszty nie gotowe,Dojazd ma znaczenie,`koszt dojazdu do pracy`,§48: warstwy oddzielne,NO — zachowanie/doprecyzowanie,"R048: Nieznana taryfa=null, nie0; transitFare nie zawsze dostępne",PRIMARY DOC S08,LICENSE REVIEW,ACCEPT WITH MODIFICATION,13,R048
WEB-0273-01,WEB,6,273,6. Google / Search Opportunity / G. Commute,`ile kosztuje dojazd do pracy`,RECOMMENDATION / INTERPRETATION,Routing/tariff,Koszty nie gotowe,Dojazd ma znaczenie,`ile kosztuje dojazd do pracy`,§48: warstwy oddzielne,NO — zachowanie/doprecyzowanie,"R048: Nieznana taryfa=null, nie0; transitFare nie zawsze dostępne",PRIMARY DOC S08,LICENSE REVIEW,ACCEPT WITH MODIFICATION,13,R048
WEB-0274-01,WEB,6,274,6. Google / Search Opportunity / G. Commute,`praca [dzielnica/powiat]`,RECOMMENDATION / INTERPRETATION,Marketing eksperymenty,Warianty obietnicy,A/B ukrywania warunków/tożsamości,`praca [dzielnica/powiat]`,"§2–4,13,43 zamknięte",YES — korekta / ograniczenie / niepotwierdzona teza,R067: Testować układ i zrozumienie; nie łamać NO CV/salary/privacy w live A/B,FOUNDER DECISION,EXPERIMENT REVIEW,ACCEPT WITH MODIFICATION,"15,21",R067
WEB-0278-01,WEB,6,278,6. Google / Search Opportunity / H. Recruitment help,`rozmowa kwalifikacyjna pytania`,RECOMMENDATION / INTERPRETATION,Marketing eksperymenty,Warianty obietnicy,A/B ukrywania warunków/tożsamości,`rozmowa kwalifikacyjna pytania`,"§2–4,13,43 zamknięte",YES — korekta / ograniczenie / niepotwierdzona teza,R067: Testować układ i zrozumienie; nie łamać NO CV/salary/privacy w live A/B,FOUNDER DECISION,EXPERIMENT REVIEW,ACCEPT WITH MODIFICATION,"15,21",R067
WEB-0279-01,WEB,6,279,6. Google / Search Opportunity / H. Recruitment help,`jak przygotować się do rozmowy`,RECOMMENDATION / INTERPRETATION,Marketing eksperymenty,Warianty obietnicy,A/B ukrywania warunków/tożsamości,`jak przygotować się do rozmowy`,"§2–4,13,43 zamknięte",YES — korekta / ograniczenie / niepotwierdzona teza,R067: Testować układ i zrozumienie; nie łamać NO CV/salary/privacy w live A/B,FOUNDER DECISION,EXPERIMENT REVIEW,ACCEPT WITH MODIFICATION,"15,21",R067
WEB-0280-01,WEB,6,280,6. Google / Search Opportunity / H. Recruitment help,`test rekrutacyjny`,RECOMMENDATION / INTERPRETATION,Marketing eksperymenty,Warianty obietnicy,A/B ukrywania warunków/tożsamości,`test rekrutacyjny`,"§2–4,13,43 zamknięte",YES — korekta / ograniczenie / niepotwierdzona teza,R067: Testować układ i zrozumienie; nie łamać NO CV/salary/privacy w live A/B,FOUNDER DECISION,EXPERIMENT REVIEW,ACCEPT WITH MODIFICATION,"15,21",R067
WEB-0281-01,WEB,6,281,6. Google / Search Opportunity / H. Recruitment help,`assessment center`,RECOMMENDATION / INTERPRETATION,Assessment Center,Wersjonowane zadania,Walidacja i proporcjonalność,`assessment center`,"§26: typ, liczba, limit, termin przed Start",NO — zachowanie/doprecyzowanie,R026: Timer serwerowy od jawnego Start; deadline niezależny,FOUNDER DECISION,AI/GDPR/EQUALITY REVIEW,ACCEPT WITH MODIFICATION,10,R026
WEB-0282-01,WEB,6,282,6. Google / Search Opportunity / H. Recruitment help,`test kompetencji`,RECOMMENDATION / INTERPRETATION,Assessment Center,Wersjonowane zadania,Walidacja i proporcjonalność,`test kompetencji`,"§26: typ, liczba, limit, termin przed Start",NO — zachowanie/doprecyzowanie,R026: Timer serwerowy od jawnego Start; deadline niezależny,FOUNDER DECISION,AI/GDPR/EQUALITY REVIEW,ACCEPT WITH MODIFICATION,10,R026
WEB-0286-01,WEB,6,286,6. Google / Search Opportunity / Strategia,Nie prowadzić wszystkich fraz na homepage Faro.,RECOMMENDATION / INTERPRETATION,Marketing eksperymenty,Warianty obietnicy,A/B ukrywania warunków/tożsamości,Nie prowadzić wszystkich fraz na homepage Faro.,"§2–4,13,43 zamknięte",YES — korekta / ograniczenie / niepotwierdzona teza,R067: Testować układ i zrozumienie; nie łamać NO CV/salary/privacy w live A/B,FOUNDER DECISION,EXPERIMENT REVIEW,ACCEPT WITH MODIFICATION,"15,21",R067
WEB-0288-01,WEB,6,288,6. Google / Search Opportunity / Strategia,Tworzyć narzędziowe landing pages:,RECOMMENDATION / INTERPRETATION,Marketing eksperymenty,Warianty obietnicy,A/B ukrywania warunków/tożsamości,Tworzyć narzędziowe landing pages:,"§2–4,13,43 zamknięte",YES — korekta / ograniczenie / niepotwierdzona teza,R067: Testować układ i zrozumienie; nie łamać NO CV/salary/privacy w live A/B,FOUNDER DECISION,EXPERIMENT REVIEW,ACCEPT WITH MODIFICATION,"15,21",R067
WEB-0290-01,WEB,6,290,6. Google / Search Opportunity / Strategia,"**Brutto → netto → netto po dojeździe → oferty, które realnie poprawiają wynik.**",RECOMMENDATION / INTERPRETATION,Netto engine,Niepełny,Nie waliduje podatków,"**Brutto → netto → netto po dojeździe → oferty, które realnie poprawiają wynik.**",§49: netto nie własnością oferty,NO — zachowanie/doprecyzowanie,R049: Scenariusz użytkownika + wersja prawa + zakres niepewności,FOUNDER DECISION; podatki REVIEW,TAX GATE,ACCEPT WITH MODIFICATION,13,R049
WEB-0292-01,WEB,6,292,6. Google / Search Opportunity / Strategia,To daje Faro wartościową relację z użytkownikiem **zanim marketplace osiągnie pełną płynność**.,RECOMMENDATION / INTERPRETATION,Marketing eksperymenty,Warianty obietnicy,A/B ukrywania warunków/tożsamości,To daje Faro wartościową relację z użytkownikiem **zanim marketplace osiągnie pełną płynność**.,"§2–4,13,43 zamknięte",YES — korekta / ograniczenie / niepotwierdzona teza,R067: Testować układ i zrozumienie; nie łamać NO CV/salary/privacy w live A/B,FOUNDER DECISION,EXPERIMENT REVIEW,ACCEPT WITH MODIFICATION,"15,21",R067
WEB-0300-01,WEB,7,300,7. Social Media / Skala,"Według DataReportal dla Polski, na podstawie danych reklamowych platform z końca 2025:",RECOMMENDATION / INTERPRETATION,Facebook groups,Jednokomórkowy pilot kanałów,Brak rekomendacji kanałowej,"Według DataReportal dla Polski, na podstawie danych reklamowych platform z końca 2025:",§40: grupy pracy ważny kanał startu,YES — korekta / ograniczenie / niepotwierdzona teza,R037: Admin-approved organic community; Meta testy; nie scraping członków,FOUNDER DECISION; CAC UNKNOWN,PKE/PLATFORM REVIEW,ACCEPT WITH MODIFICATION,"15,16",R037
WEB-0302-01,WEB,7,302,7. Social Media / Skala,"- YouTube: ok. **27,1 mln** potential ad reach,",RECOMMENDATION / INTERPRETATION,Facebook groups,Jednokomórkowy pilot kanałów,Brak rekomendacji kanałowej,"- YouTube: ok. **27,1 mln** potential ad reach,",§40: grupy pracy ważny kanał startu,YES — korekta / ograniczenie / niepotwierdzona teza,R037: Admin-approved organic community; Meta testy; nie scraping członków,FOUNDER DECISION; CAC UNKNOWN,PKE/PLATFORM REVIEW,ACCEPT WITH MODIFICATION,"15,16",R037
WEB-0303-01,WEB,7,303,7. Social Media / Skala,"- Facebook: **18,7 mln**,",RECOMMENDATION / INTERPRETATION,Facebook groups,Jednokomórkowy pilot kanałów,Brak rekomendacji kanałowej,"- Facebook: **18,7 mln**,",§40: grupy pracy ważny kanał startu,YES — korekta / ograniczenie / niepotwierdzona teza,R037: Admin-approved organic community; Meta testy; nie scraping członków,FOUNDER DECISION; CAC UNKNOWN,PKE/PLATFORM REVIEW,ACCEPT WITH MODIFICATION,"15,16",R037
WEB-0304-01,WEB,7,304,7. Social Media / Skala,"- Instagram: **12,4 mln**,",RECOMMENDATION / INTERPRETATION,Facebook groups,Jednokomórkowy pilot kanałów,Brak rekomendacji kanałowej,"- Instagram: **12,4 mln**,",§40: grupy pracy ważny kanał startu,YES — korekta / ograniczenie / niepotwierdzona teza,R037: Admin-approved organic community; Meta testy; nie scraping członków,FOUNDER DECISION; CAC UNKNOWN,PKE/PLATFORM REVIEW,ACCEPT WITH MODIFICATION,"15,16",R037
WEB-0305-01,WEB,7,305,7. Social Media / Skala,"- TikTok 18+: **12,4 mln**,",RECOMMENDATION / INTERPRETATION,Facebook groups,Jednokomórkowy pilot kanałów,Brak rekomendacji kanałowej,"- TikTok 18+: **12,4 mln**,",§40: grupy pracy ważny kanał startu,YES — korekta / ograniczenie / niepotwierdzona teza,R037: Admin-approved organic community; Meta testy; nie scraping członków,FOUNDER DECISION; CAC UNKNOWN,PKE/PLATFORM REVIEW,ACCEPT WITH MODIFICATION,"15,16",R037
WEB-0306-01,WEB,7,306,7. Social Media / Skala,"- LinkedIn: **9,2 mln registered members**.",RECOMMENDATION / INTERPRETATION,Facebook groups,Jednokomórkowy pilot kanałów,Brak rekomendacji kanałowej,"- LinkedIn: **9,2 mln registered members**.",§40: grupy pracy ważny kanał startu,YES — korekta / ograniczenie / niepotwierdzona teza,R037: Admin-approved organic community; Meta testy; nie scraping członków,FOUNDER DECISION; CAC UNKNOWN,PKE/PLATFORM REVIEW,ACCEPT WITH MODIFICATION,"15,16",R037
WEB-0308-01,WEB,7,308,7. Social Media / Skala,To nie są identyczne metryki MAU i nie należy ich ze sobą mechanicznie porównywać.,RECOMMENDATION / INTERPRETATION,Facebook groups,Jednokomórkowy pilot kanałów,Brak rekomendacji kanałowej,To nie są identyczne metryki MAU i nie należy ich ze sobą mechanicznie porównywać.,§40: grupy pracy ważny kanał startu,YES — korekta / ograniczenie / niepotwierdzona teza,R037: Admin-approved organic community; Meta testy; nie scraping członków,FOUNDER DECISION; CAC UNKNOWN,PKE/PLATFORM REVIEW,ACCEPT WITH MODIFICATION,"15,16",R037
WEB-0312-01,WEB,7,312,7. Social Media / Google / YouTube,"Google klasyfikuje job search databases, recruitment services i services for job seekers jako employment. Jego najostrzejsze ograniczenia „access to opportunities” dotyczące age/gender/marital/parental/ZIP są według aktualnej dokumentacji skierowane do **USA i Kanady**, nie Polski. Google nadal ogranicza personalizację na podstawie kategorii wrażliwych i nie personalizuje reklam dla osób <18.",RECOMMENDATION / INTERPRETATION,Facebook groups,Jednokomórkowy pilot kanałów,Brak rekomendacji kanałowej,"Google klasyfikuje job search databases, recruitment services i services for job seekers jako employment. Jego najostrzejsze ograniczenia „access to opportunities” dotyczące age/gender/marital/parental/ZIP są według aktualnej dokumentacji skierowane do **USA i Kanady**, nie Polski. Google nadal ogranicza personalizację na podstawie kategorii wrażliwych i nie personalizuje reklam dla osób <18.",§40: grupy pracy ważny kanał startu,YES — korekta / ograniczenie / niepotwierdzona teza,R037: Admin-approved organic community; Meta testy; nie scraping członków,FOUNDER DECISION; CAC UNKNOWN,PKE/PLATFORM REVIEW,ACCEPT WITH MODIFICATION,"15,16",R037
WEB-0314-01,WEB,7,314,7. Social Media / Google / YouTube,"Dla Faro oznacza to: Search intent może być bardzo precyzyjny; w display/YouTube lepiej budować segmentację wokół treści, intencji i kontekstu niż cech chronionych.",RECOMMENDATION / INTERPRETATION,Facebook groups,Jednokomórkowy pilot kanałów,Brak rekomendacji kanałowej,"Dla Faro oznacza to: Search intent może być bardzo precyzyjny; w display/YouTube lepiej budować segmentację wokół treści, intencji i kontekstu niż cech chronionych.",§40: grupy pracy ważny kanał startu,YES — korekta / ograniczenie / niepotwierdzona teza,R037: Admin-approved organic community; Meta testy; nie scraping członków,FOUNDER DECISION; CAC UNKNOWN,PKE/PLATFORM REVIEW,ACCEPT WITH MODIFICATION,"15,16",R037
WEB-0318-01,WEB,7,318,7. Social Media / TikTok,TikTok HEC Special Ad Category w aktualnej dokumentacji z kwietnia 2026 dotyczy reklamodawców w USA albo kampanii kierowanych do USA/Kanady.,RECOMMENDATION / INTERPRETATION,Facebook groups,Jednokomórkowy pilot kanałów,Brak rekomendacji kanałowej,TikTok HEC Special Ad Category w aktualnej dokumentacji z kwietnia 2026 dotyczy reklamodawców w USA albo kampanii kierowanych do USA/Kanady.,§40: grupy pracy ważny kanał startu,YES — korekta / ograniczenie / niepotwierdzona teza,R037: Admin-approved organic community; Meta testy; nie scraping członków,FOUNDER DECISION; CAC UNKNOWN,PKE/PLATFORM REVIEW,ACCEPT WITH MODIFICATION,"15,16",R037
WEB-0320-01,WEB,7,320,7. Social Media / TikTok,"W EEA obowiązują natomiast mocne ograniczenia dla użytkowników poniżej 18 lat: m.in. brak detailed targeting o gender, audiences, interests/behaviors i innych sygnałach oraz brak Lead Generation w kampaniach obejmujących tę grupę.",RECOMMENDATION / INTERPRETATION,Facebook groups,Jednokomórkowy pilot kanałów,Brak rekomendacji kanałowej,"W EEA obowiązują natomiast mocne ograniczenia dla użytkowników poniżej 18 lat: m.in. brak detailed targeting o gender, audiences, interests/behaviors i innych sygnałach oraz brak Lead Generation w kampaniach obejmujących tę grupę.",§40: grupy pracy ważny kanał startu,YES — korekta / ograniczenie / niepotwierdzona teza,R037: Admin-approved organic community; Meta testy; nie scraping członków,FOUNDER DECISION; CAC UNKNOWN,PKE/PLATFORM REVIEW,ACCEPT WITH MODIFICATION,"15,16",R037
WEB-0322-01,WEB,7,322,7. Social Media / TikTok,"**Rekomendacja Faro:** większość performance acquisition na TikToku ustawić 18+, a kampanie edukacyjne do młodszych prowadzić broad/contextual.",RECOMMENDATION / INTERPRETATION,Facebook groups,Jednokomórkowy pilot kanałów,Brak rekomendacji kanałowej,"**Rekomendacja Faro:** większość performance acquisition na TikToku ustawić 18+, a kampanie edukacyjne do młodszych prowadzić broad/contextual.",§40: grupy pracy ważny kanał startu,YES — korekta / ograniczenie / niepotwierdzona teza,R037: Admin-approved organic community; Meta testy; nie scraping członków,FOUNDER DECISION; CAC UNKNOWN,PKE/PLATFORM REVIEW,ACCEPT WITH MODIFICATION,"15,16",R037
WEB-0326-01,WEB,7,326,7. Social Media / Meta,Meta historycznie rozszerzyła zabezpieczenia Housing/Employment/Credit również na UE i jej API Ad Library jawnie wyróżnia kategorię `EMPLOYMENT_ADS`.,RECOMMENDATION / INTERPRETATION,Facebook groups,Jednokomórkowy pilot kanałów,Brak rekomendacji kanałowej,Meta historycznie rozszerzyła zabezpieczenia Housing/Employment/Credit również na UE i jej API Ad Library jawnie wyróżnia kategorię `EMPLOYMENT_ADS`.,§40: grupy pracy ważny kanał startu,YES — korekta / ograniczenie / niepotwierdzona teza,R037: Admin-approved organic community; Meta testy; nie scraping członków,FOUNDER DECISION; CAC UNKNOWN,PKE/PLATFORM REVIEW,ACCEPT WITH MODIFICATION,"15,16",R037
WEB-0328-01,WEB,7,328,7. Social Media / Meta,"Dokładnej, aktualnej tabeli wszystkich opcji Ads Manager **specyficznie dla Polski** nie udało mi się potwierdzić w indeksowalnej dokumentacji Meta.",RECOMMENDATION / INTERPRETATION,Facebook groups,Jednokomórkowy pilot kanałów,Brak rekomendacji kanałowej,"Dokładnej, aktualnej tabeli wszystkich opcji Ads Manager **specyficznie dla Polski** nie udało mi się potwierdzić w indeksowalnej dokumentacji Meta.",§40: grupy pracy ważny kanał startu,YES — korekta / ograniczenie / niepotwierdzona teza,R037: Admin-approved organic community; Meta testy; nie scraping członków,FOUNDER DECISION; CAC UNKNOWN,PKE/PLATFORM REVIEW,ACCEPT WITH MODIFICATION,"15,16",R037
WEB-0330-01,WEB,7,330,7. Social Media / Meta,**Poland-specific targeting matrix: NOT VERIFIED.**,RECOMMENDATION / INTERPRETATION,Facebook groups,Jednokomórkowy pilot kanałów,Brak rekomendacji kanałowej,**Poland-specific targeting matrix: NOT VERIFIED.**,§40: grupy pracy ważny kanał startu,YES — korekta / ograniczenie / niepotwierdzona teza,R037: Admin-approved organic community; Meta testy; nie scraping członków,FOUNDER DECISION; CAC UNKNOWN,PKE/PLATFORM REVIEW,ACCEPT WITH MODIFICATION,"15,16",R037
WEB-0332-01,WEB,7,332,7. Social Media / Meta,Projekt kampanii powinien więc z góry działać przy ograniczonym demographic microtargeting:,RECOMMENDATION / INTERPRETATION,Facebook groups,Jednokomórkowy pilot kanałów,Brak rekomendacji kanałowej,Projekt kampanii powinien więc z góry działać przy ograniczonym demographic microtargeting:,§40: grupy pracy ważny kanał startu,YES — korekta / ograniczenie / niepotwierdzona teza,R037: Admin-approved organic community; Meta testy; nie scraping członków,FOUNDER DECISION; CAC UNKNOWN,PKE/PLATFORM REVIEW,ACCEPT WITH MODIFICATION,"15,16",R037
WEB-0334-01,WEB,7,334,7. Social Media / Meta,**creative segmentation > discriminatory audience segmentation.**,RECOMMENDATION / INTERPRETATION,Facebook groups,Jednokomórkowy pilot kanałów,Brak rekomendacji kanałowej,**creative segmentation > discriminatory audience segmentation.**,§40: grupy pracy ważny kanał startu,YES — korekta / ograniczenie / niepotwierdzona teza,R037: Admin-approved organic community; Meta testy; nie scraping członków,FOUNDER DECISION; CAC UNKNOWN,PKE/PLATFORM REVIEW,ACCEPT WITH MODIFICATION,"15,16",R037
WEB-0340-01,WEB,8,340,8. Competitive Landscape,"Poniższa tabela pokazuje najważniejsze klasy konkurencji, nie tylko bezpośrednich job boardów.",MARKET CLAIM / OBSERVATION,Konkurencja/ceny/startupy,Benchmark historyczny,Przykłady bez linków,"Poniższa tabela pokazuje najważniejsze klasy konkurencji, nie tylko bezpośrednich job boardów.","Nie kopiować, nie nowy audyt",YES — korekta / ograniczenie / niepotwierdzona teza,"MARKET INTELLIGENCE: zachować z datą, nie dowód skuteczności Faro, WTP ani potwierdzone partnerstwo. R066: Zachować intel z datą i etykietą źródła; ceny nie są WTP Faro",VENDOR CLAIM / NOT VERIFIED,LICENSE/PROCUREMENT REVIEW,TEST FIRST,"16,21",R066
WEB-0342-01,WEB,8,342,8. Competitive Landscape,| Produkt | Rynek / target | Model | CV | Skills / assessment | Anonymous | Salary / feedback | AI | Lekcja dla Faro |,MARKET CLAIM / OBSERVATION,CV; Anonimizacja usuwa bias; Powód odrzucenia; Assessment Center,Brak wymaganego CV; prywatny import później,"Skills-first, ale CV traktowane jako jeden predyktor",| Produkt | Rynek / target | Model | CV | Skills / assessment | Anonymous | Salary / feedback | AI | Lekcja dla Faro |,§2: dokument nigdy do firmy,YES — korekta / ograniczenie / niepotwierdzona teza,"MARKET INTELLIGENCE: zachować z datą, nie dowód skuteczności Faro, WTP ani potwierdzone partnerstwo. R001: ZERO CV w procesie; przyszły import tylko prywatny R051: Imię i dowody nadal mogą być proxy; monitorować, nie przywracać danych po cichu R015: ReasonCode oraz requirementId przy porównaniu; brak fikcyjnego braku kompetencji R026: Timer serwerowy od jawnego Start; deadline niezależny",FOUNDER DECISION,GDPR REVIEW,TEST FIRST,"03,05,06,07",R001;R051;R015;R026
WEB-0344-01,WEB,8,344,8. Competitive Landscape,| Pracuj.pl | PL general | employer paid listings + ads | często | częściowe matching | nie jako core | rosnąca transparency | tak | ogromna dystrybucja i search habit |,MARKET CLAIM / OBSERVATION,Konkurencja/ceny/startupy,Benchmark historyczny,Przykłady bez linków,| Pracuj.pl | PL general | employer paid listings + ads | często | częściowe matching | nie jako core | rosnąca transparency | tak | ogromna dystrybucja i search habit |,"Nie kopiować, nie nowy audyt",YES — korekta / ograniczenie / niepotwierdzona teza,"MARKET INTELLIGENCE: zachować z datą, nie dowód skuteczności Faro, WTP ani potwierdzone partnerstwo. R066: Zachować intel z datą i etykietą źródła; ceny nie są WTP Faro",VENDOR CLAIM / NOT VERIFIED,LICENSE/PROCUREMENT REVIEW,TEST FIRST,"16,21",R066
WEB-0345-01,WEB,8,345,8. Competitive Landscape,| OLX Praca | PL broad/local | employer/classified | zależy | słabe jako core | nie | oferta-level | częściowo | blue collar/local acquisition |,MARKET CLAIM / OBSERVATION,Konkurencja/ceny/startupy,Benchmark historyczny,Przykłady bez linków,| OLX Praca | PL broad/local | employer/classified | zależy | słabe jako core | nie | oferta-level | częściowo | blue collar/local acquisition |,"Nie kopiować, nie nowy audyt",YES — korekta / ograniczenie / niepotwierdzona teza,"MARKET INTELLIGENCE: zachować z datą, nie dowód skuteczności Faro, WTP ani potwierdzone partnerstwo. R066: Zachować intel z datą i etykietą źródła; ceny nie są WTP Faro",VENDOR CLAIM / NOT VERIFIED,LICENSE/PROCUREMENT REVIEW,TEST FIRST,"16,21",R066
WEB-0346-01,WEB,8,346,8. Competitive Landscape,| NFJ | PL/international | paid employer listing | tak/zależnie | skill-oriented IT | nie | salary core | tak | transparentny format ofert |,MARKET CLAIM / OBSERVATION,Konkurencja/ceny/startupy,Benchmark historyczny,Przykłady bez linków,| NFJ | PL/international | paid employer listing | tak/zależnie | skill-oriented IT | nie | salary core | tak | transparentny format ofert |,"Nie kopiować, nie nowy audyt",YES — korekta / ograniczenie / niepotwierdzona teza,"MARKET INTELLIGENCE: zachować z datą, nie dowód skuteczności Faro, WTP ani potwierdzone partnerstwo. R066: Zachować intel z datą i etykietą źródła; ceny nie są WTP Faro",VENDOR CLAIM / NOT VERIFIED,LICENSE/PROCUREMENT REVIEW,TEST FIRST,"16,21",R066
WEB-0347-01,WEB,8,347,8. Competitive Landscape,| JJIT | PL tech | employer listing | tak/zależnie | tech taxonomy | nie | salary strong | tak | tech community |,MARKET CLAIM / OBSERVATION,Konkurencja/ceny/startupy,Benchmark historyczny,Przykłady bez linków,| JJIT | PL tech | employer listing | tak/zależnie | tech taxonomy | nie | salary strong | tak | tech community |,"Nie kopiować, nie nowy audyt",YES — korekta / ograniczenie / niepotwierdzona teza,"MARKET INTELLIGENCE: zachować z datą, nie dowód skuteczności Faro, WTP ani potwierdzone partnerstwo. R066: Zachować intel z datą i etykietą źródła; ceny nie są WTP Faro",VENDOR CLAIM / NOT VERIFIED,LICENSE/PROCUREMENT REVIEW,TEST FIRST,"16,21",R066
WEB-0348-01,WEB,8,348,8. Competitive Landscape,| RocketJobs | PL white collar | listing/media | tak/zależnie | taxonomy | nie | salary | tak | content/community distribution |,MARKET CLAIM / OBSERVATION,Konkurencja/ceny/startupy,Benchmark historyczny,Przykłady bez linków,| RocketJobs | PL white collar | listing/media | tak/zależnie | taxonomy | nie | salary | tak | content/community distribution |,"Nie kopiować, nie nowy audyt",YES — korekta / ograniczenie / niepotwierdzona teza,"MARKET INTELLIGENCE: zachować z datą, nie dowód skuteczności Faro, WTP ani potwierdzone partnerstwo. R066: Zachować intel z datą i etykietą źródła; ceny nie są WTP Faro",VENDOR CLAIM / NOT VERIFIED,LICENSE/PROCUREMENT REVIEW,TEST FIRST,"16,21",R066
WEB-0349-01,WEB,8,349,8. Competitive Landscape,| GoWork | PL | jobs + employer reputation | zależy | nie core | nie | employer feedback | częściowo | accountability/reputation |,MARKET CLAIM / OBSERVATION,Powód odrzucenia,Ustrukturyzowany powód,Wymuszenie pola; brak dowodu jakości,| GoWork | PL | jobs + employer reputation | zależy | nie core | nie | employer feedback | częściowo | accountability/reputation |,§15: konkretne wymaganie,NO — zachowanie/doprecyzowanie,"MARKET INTELLIGENCE: zachować z datą, nie dowód skuteczności Faro, WTP ani potwierdzone partnerstwo. R015: ReasonCode oraz requirementId przy porównaniu; brak fikcyjnego braku kompetencji",FOUNDER DECISION; skuteczność HYPOTHESIS,EQUALITY/GDPR REVIEW,TEST FIRST,"06,11",R015
WEB-0350-01,WEB,8,350,8. Competitive Landscape,| TRAFFIT | PL ATS | subscription B2B | tak | AI candidate scoring | configurable data handling | process analytics | tak | Faro employer tooling benchmark |,MARKET CLAIM / OBSERVATION,Employer monetization; Ranking wyników rekrutacji,WTP i płatny pilot przed skalą,Brak rozstrzygnięcia,| TRAFFIT | PL ATS | subscription B2B | tak | AI candidate scoring | configurable data handling | process analytics | tak | Faro employer tooling benchmark |,§37: później po pozycji rynkowej,YES — korekta / ograniczenie / niepotwierdzona teza,"MARKET INTELLIGENCE: zachować z datą, nie dowód skuteczności Faro, WTP ani potwierdzone partnerstwo. R034: P5 narzędzia po walidacji, nie zasoby lepszych kandydatów R030: Tylko porównywalne wersje i rubryki jednej rekrutacji; człowiek decyduje",FOUNDER DECISION; WTP UNKNOWN,B2B TERMS REVIEW,TEST FIRST,"04,16,18",R034;R030
WEB-0351-01,WEB,8,351,8. Competitive Landscape,| Element ATS | PL ATS | subscription | tak | workflow | nie core | process | automation | SMB simplicity |,MARKET CLAIM / OBSERVATION,Employer monetization,WTP i płatny pilot przed skalą,Brak rozstrzygnięcia,| Element ATS | PL ATS | subscription | tak | workflow | nie core | process | automation | SMB simplicity |,§37: później po pozycji rynkowej,YES — korekta / ograniczenie / niepotwierdzona teza,"MARKET INTELLIGENCE: zachować z datą, nie dowód skuteczności Faro, WTP ani potwierdzone partnerstwo. R034: P5 narzędzia po walidacji, nie zasoby lepszych kandydatów",FOUNDER DECISION; WTP UNKNOWN,B2B TERMS REVIEW,TEST FIRST,"04,16,18",R034
WEB-0352-01,WEB,8,352,8. Competitive Landscape,| Greenhouse | global ATS | enterprise SaaS | tak | structured scorecards | resume anonymization | candidate surveys | tak | structured hiring + governance |,MARKET CLAIM / OBSERVATION,CV; Anonimizacja usuwa bias; Ranking wyników rekrutacji,Brak wymaganego CV; prywatny import później,"Skills-first, ale CV traktowane jako jeden predyktor",| Greenhouse | global ATS | enterprise SaaS | tak | structured scorecards | resume anonymization | candidate surveys | tak | structured hiring + governance |,§2: dokument nigdy do firmy,YES — korekta / ograniczenie / niepotwierdzona teza,"MARKET INTELLIGENCE: zachować z datą, nie dowód skuteczności Faro, WTP ani potwierdzone partnerstwo. R001: ZERO CV w procesie; przyszły import tylko prywatny R051: Imię i dowody nadal mogą być proxy; monitorować, nie przywracać danych po cichu R030: Tylko porównywalne wersje i rubryki jednej rekrutacji; człowiek decyduje",FOUNDER DECISION,GDPR REVIEW,TEST FIRST,"03,05,06,07",R001;R051;R030
WEB-0353-01,WEB,8,353,8. Competitive Landscape,| Workable | global ATS | SaaS | tak | assessments/sourcing | limited | workflow | tak | all-in-one SME recruiting |,MARKET CLAIM / OBSERVATION,Assessment Center,Wersjonowane zadania,Walidacja i proporcjonalność,| Workable | global ATS | SaaS | tak | assessments/sourcing | limited | workflow | tak | all-in-one SME recruiting |,"§26: typ, liczba, limit, termin przed Start",NO — zachowanie/doprecyzowanie,"MARKET INTELLIGENCE: zachować z datą, nie dowód skuteczności Faro, WTP ani potwierdzone partnerstwo. R026: Timer serwerowy od jawnego Start; deadline niezależny",FOUNDER DECISION,AI/GDPR/EQUALITY REVIEW,TEST FIRST,10,R026
WEB-0354-01,WEB,8,354,8. Competitive Landscape,| Applied | UK/global | structured/blind hiring | często później | **work samples first** | **tak** | structured | algorithmic support | najbliższa filozofia blind skills-first |,MARKET CLAIM / OBSERVATION,Konkurencja/ceny/startupy,Benchmark historyczny,Przykłady bez linków,| Applied | UK/global | structured/blind hiring | często później | **work samples first** | **tak** | structured | algorithmic support | najbliższa filozofia blind skills-first |,"Nie kopiować, nie nowy audyt",YES — korekta / ograniczenie / niepotwierdzona teza,"MARKET INTELLIGENCE: zachować z datą, nie dowód skuteczności Faro, WTP ani potwierdzone partnerstwo. R066: Zachować intel z datą i etykietą źródła; ceny nie są WTP Faro",VENDOR CLAIM / NOT VERIFIED,LICENSE/PROCUREMENT REVIEW,TEST FIRST,"16,21",R066
WEB-0355-01,WEB,8,355,8. Competitive Landscape,| Eightfold | global enterprise | Talent Intelligence SaaS | profile/resume | strong skills graph | nie core | internal mobility | strong AI | potencjał > job title |,MARKET CLAIM / OBSERVATION,CV,Brak wymaganego CV; prywatny import później,"Skills-first, ale CV traktowane jako jeden predyktor",| Eightfold | global enterprise | Talent Intelligence SaaS | profile/resume | strong skills graph | nie core | internal mobility | strong AI | potencjał > job title |,§2: dokument nigdy do firmy,YES — korekta / ograniczenie / niepotwierdzona teza,"MARKET INTELLIGENCE: zachować z datą, nie dowód skuteczności Faro, WTP ani potwierdzone partnerstwo. R001: ZERO CV w procesie; przyszły import tylko prywatny",FOUNDER DECISION,GDPR REVIEW,TEST FIRST,"03,05,06,07",R001
WEB-0356-01,WEB,8,356,8. Competitive Landscape,| Gloat | global enterprise | internal talent marketplace | profile | skills/aspirations | nie | career opportunity | AI | jobs + gigs + learning |,MARKET CLAIM / OBSERVATION,Konkurencja/ceny/startupy,Benchmark historyczny,Przykłady bez linków,| Gloat | global enterprise | internal talent marketplace | profile | skills/aspirations | nie | career opportunity | AI | jobs + gigs + learning |,"Nie kopiować, nie nowy audyt",YES — korekta / ograniczenie / niepotwierdzona teza,"MARKET INTELLIGENCE: zachować z datą, nie dowód skuteczności Faro, WTP ani potwierdzone partnerstwo. R066: Zachować intel z datą i etykietą źródła; ceny nie są WTP Faro",VENDOR CLAIM / NOT VERIFIED,LICENSE/PROCUREMENT REVIEW,TEST FIRST,"16,21",R066
WEB-0357-01,WEB,8,357,8. Competitive Landscape,| Fuel50 | global enterprise | talent marketplace | profile | skills architecture | nie | development | explainable AI | learning-first model |,MARKET CLAIM / OBSERVATION,Konkurencja/ceny/startupy,Benchmark historyczny,Przykłady bez linków,| Fuel50 | global enterprise | talent marketplace | profile | skills architecture | nie | development | explainable AI | learning-first model |,"Nie kopiować, nie nowy audyt",YES — korekta / ograniczenie / niepotwierdzona teza,"MARKET INTELLIGENCE: zachować z datą, nie dowód skuteczności Faro, WTP ani potwierdzone partnerstwo. R066: Zachować intel z datą i etykietą źródła; ceny nie są WTP Faro",VENDOR CLAIM / NOT VERIFIED,LICENSE/PROCUREMENT REVIEW,TEST FIRST,"16,21",R066
WEB-0358-01,WEB,8,358,8. Competitive Landscape,| TestGorilla | global assessment | subscription/credits | opcjonalnie | 350+ tests | nie | scoring | tak | modular assessment |,MARKET CLAIM / OBSERVATION,Employer monetization; Ranking wyników rekrutacji; Assessment Center,WTP i płatny pilot przed skalą,Brak rozstrzygnięcia,| TestGorilla | global assessment | subscription/credits | opcjonalnie | 350+ tests | nie | scoring | tak | modular assessment |,§37: później po pozycji rynkowej,YES — korekta / ograniczenie / niepotwierdzona teza,"MARKET INTELLIGENCE: zachować z datą, nie dowód skuteczności Faro, WTP ani potwierdzone partnerstwo. R034: P5 narzędzia po walidacji, nie zasoby lepszych kandydatów R030: Tylko porównywalne wersje i rubryki jednej rekrutacji; człowiek decyduje R026: Timer serwerowy od jawnego Start; deadline niezależny",FOUNDER DECISION; WTP UNKNOWN,B2B TERMS REVIEW,TEST FIRST,"04,16,18",R034;R030;R026
WEB-0359-01,WEB,8,359,8. Competitive Landscape,| HackerRank | global tech | SaaS | poza core | coding/AI assessments | nie | scores | tak | real skill evidence |,MARKET CLAIM / OBSERVATION,Ranking wyników rekrutacji; Assessment Center,Ostrożność wobec % ludzi,Uogólniony sprzeciw wobec rankingu,| HackerRank | global tech | SaaS | poza core | coding/AI assessments | nie | scores | tak | real skill evidence |,§30: ranking wyników dozwolony,YES — korekta / ograniczenie / niepotwierdzona teza,"MARKET INTELLIGENCE: zachować z datą, nie dowód skuteczności Faro, WTP ani potwierdzone partnerstwo. R030: Tylko porównywalne wersje i rubryki jednej rekrutacji; człowiek decyduje R026: Timer serwerowy od jawnego Start; deadline niezależny",FOUNDER DECISION; EVIDENCE CONFLICT,AI/GDPR GATE,TEST FIRST,"10,17",R030;R026
WEB-0360-01,WEB,8,360,8. Competitive Landscape,| Codility | global tech | SaaS | poza core | technical assessments | nie | scores | AI | anti-leak/integrity |,MARKET CLAIM / OBSERVATION,Ranking wyników rekrutacji; Assessment Center,Ostrożność wobec % ludzi,Uogólniony sprzeciw wobec rankingu,| Codility | global tech | SaaS | poza core | technical assessments | nie | scores | AI | anti-leak/integrity |,§30: ranking wyników dozwolony,YES — korekta / ograniczenie / niepotwierdzona teza,"MARKET INTELLIGENCE: zachować z datą, nie dowód skuteczności Faro, WTP ani potwierdzone partnerstwo. R030: Tylko porównywalne wersje i rubryki jednej rekrutacji; człowiek decyduje R026: Timer serwerowy od jawnego Start; deadline niezależny",FOUNDER DECISION; EVIDENCE CONFLICT,AI/GDPR GATE,TEST FIRST,"10,17",R030;R026
WEB-0361-01,WEB,8,361,8. Competitive Landscape,| Harver | global high-volume | enterprise | nie musi być core | predictive assessment | nie | fit | tak | high-volume role matching |,MARKET CLAIM / OBSERVATION,Assessment Center,Wersjonowane zadania,Walidacja i proporcjonalność,| Harver | global high-volume | enterprise | nie musi być core | predictive assessment | nie | fit | tak | high-volume role matching |,"§26: typ, liczba, limit, termin przed Start",NO — zachowanie/doprecyzowanie,"MARKET INTELLIGENCE: zachować z datą, nie dowód skuteczności Faro, WTP ani potwierdzone partnerstwo. R026: Timer serwerowy od jawnego Start; deadline niezależny",FOUNDER DECISION,AI/GDPR/EQUALITY REVIEW,TEST FIRST,10,R026
WEB-0362-01,WEB,8,362,8. Competitive Landscape,| Jobright | US/global | candidate AI assistant | profile/resume | match/gaps | nie | match explanations | **tak** | explainable career assistance już istnieje |,MARKET CLAIM / OBSERVATION,CV,Brak wymaganego CV; prywatny import później,"Skills-first, ale CV traktowane jako jeden predyktor",| Jobright | US/global | candidate AI assistant | profile/resume | match/gaps | nie | match explanations | **tak** | explainable career assistance już istnieje |,§2: dokument nigdy do firmy,YES — korekta / ograniczenie / niepotwierdzona teza,"MARKET INTELLIGENCE: zachować z datą, nie dowód skuteczności Faro, WTP ani potwierdzone partnerstwo. R001: ZERO CV w procesie; przyszły import tylko prywatny",FOUNDER DECISION,GDPR REVIEW,TEST FIRST,"03,05,06,07",R001
WEB-0363-01,WEB,8,363,8. Competitive Landscape,| Teal | US/global | freemium candidate tools | **tak** | keyword matching | nie | tracker | AI | candidate workflow |,MARKET CLAIM / OBSERVATION,Konkurencja/ceny/startupy,Benchmark historyczny,Przykłady bez linków,| Teal | US/global | freemium candidate tools | **tak** | keyword matching | nie | tracker | AI | candidate workflow |,"Nie kopiować, nie nowy audyt",YES — korekta / ograniczenie / niepotwierdzona teza,"MARKET INTELLIGENCE: zachować z datą, nie dowód skuteczności Faro, WTP ani potwierdzone partnerstwo. R066: Zachować intel z datą i etykietą źródła; ceny nie są WTP Faro",VENDOR CLAIM / NOT VERIFIED,LICENSE/PROCUREMENT REVIEW,TEST FIRST,"16,21",R066
WEB-0364-01,WEB,8,364,8. Competitive Landscape,| Huntr | US/global | freemium | tak | job match | nie | tracker | AI | application OS |,MARKET CLAIM / OBSERVATION,Konkurencja/ceny/startupy,Benchmark historyczny,Przykłady bez linków,| Huntr | US/global | freemium | tak | job match | nie | tracker | AI | application OS |,"Nie kopiować, nie nowy audyt",YES — korekta / ograniczenie / niepotwierdzona teza,"MARKET INTELLIGENCE: zachować z datą, nie dowód skuteczności Faro, WTP ani potwierdzone partnerstwo. R066: Zachować intel z datą i etykietą źródła; ceny nie są WTP Faro",VENDOR CLAIM / NOT VERIFIED,LICENSE/PROCUREMENT REVIEW,TEST FIRST,"16,21",R066
WEB-0365-01,WEB,8,365,8. Competitive Landscape,| Wellfound | global startup jobs | free core + employer paid | profile | matching | częściowo | salary/equity | tak | free core marketplace możliwy |,MARKET CLAIM / OBSERVATION,Free-first,Free core i możliwy płatny pilot,Kandydat bez opłat,| Wellfound | global startup jobs | free core + employer paid | profile | matching | częściowo | salary/equity | tak | free core marketplace możliwy |,§36: obie strony darmowe,YES — korekta / ograniczenie / niepotwierdzona teza,"MARKET INTELLIGENCE: zachować z datą, nie dowód skuteczności Faro, WTP ani potwierdzone partnerstwo. R033: Cały startowy produkt bezpłatny; zero komunikatu Free Plan",FOUNDER DECISION,TERMS REVIEW,TEST FIRST,"15,16,18",R033
WEB-0366-01,WEB,8,366,8. Competitive Landscape,| Standout | US/YC 2026 | agentic marketplace | profile | mutual assessment | **identity hidden until intro accepted** | mutual | agents | bardzo istotny emerging comparable |,MARKET CLAIM / OBSERVATION,Assessment Center,Wersjonowane zadania,Walidacja i proporcjonalność,| Standout | US/YC 2026 | agentic marketplace | profile | mutual assessment | **identity hidden until intro accepted** | mutual | agents | bardzo istotny emerging comparable |,"§26: typ, liczba, limit, termin przed Start",NO — zachowanie/doprecyzowanie,"MARKET INTELLIGENCE: zachować z datą, nie dowód skuteczności Faro, WTP ani potwierdzone partnerstwo. R026: Timer serwerowy od jawnego Start; deadline niezależny",FOUNDER DECISION,AI/GDPR/EQUALITY REVIEW,TEST FIRST,10,R026
WEB-0370-01,WEB,8,370,8. Competitive Landscape / Co Faro powinno uznać za już skomodytyzowane,Nie przedstawiałbym publicznie jako „rewolucyjnie unikalne” samych:,MARKET CLAIM / OBSERVATION,Konkurencja/ceny/startupy,Benchmark historyczny,Przykłady bez linków,Nie przedstawiałbym publicznie jako „rewolucyjnie unikalne” samych:,"Nie kopiować, nie nowy audyt",YES — korekta / ograniczenie / niepotwierdzona teza,"MARKET INTELLIGENCE: zachować z datą, nie dowód skuteczności Faro, WTP ani potwierdzone partnerstwo. R066: Zachować intel z datą i etykietą źródła; ceny nie są WTP Faro",VENDOR CLAIM / NOT VERIFIED,LICENSE/PROCUREMENT REVIEW,TEST FIRST,"16,21",R066
WEB-0372-01,WEB,8,372,8. Competitive Landscape / Co Faro powinno uznać za już skomodytyzowane,"- AI matching,",MARKET CLAIM / OBSERVATION,Konkurencja/ceny/startupy,Benchmark historyczny,Przykłady bez linków,"- AI matching,","Nie kopiować, nie nowy audyt",YES — korekta / ograniczenie / niepotwierdzona teza,"MARKET INTELLIGENCE: zachować z datą, nie dowód skuteczności Faro, WTP ani potwierdzone partnerstwo. R066: Zachować intel z datą i etykietą źródła; ceny nie są WTP Faro",VENDOR CLAIM / NOT VERIFIED,LICENSE/PROCUREMENT REVIEW,TEST FIRST,"16,21",R066
WEB-0373-01,WEB,8,373,8. Competitive Landscape / Co Faro powinno uznać za już skomodytyzowane,"- skills-first,",MARKET CLAIM / OBSERVATION,Konkurencja/ceny/startupy,Benchmark historyczny,Przykłady bez linków,"- skills-first,","Nie kopiować, nie nowy audyt",YES — korekta / ograniczenie / niepotwierdzona teza,"MARKET INTELLIGENCE: zachować z datą, nie dowód skuteczności Faro, WTP ani potwierdzone partnerstwo. R066: Zachować intel z datą i etykietą źródła; ceny nie są WTP Faro",VENDOR CLAIM / NOT VERIFIED,LICENSE/PROCUREMENT REVIEW,TEST FIRST,"16,21",R066
WEB-0374-01,WEB,8,374,8. Competitive Landscape / Co Faro powinno uznać za już skomodytyzowane,"- blind screening,",MARKET CLAIM / OBSERVATION,Konkurencja/ceny/startupy,Benchmark historyczny,Przykłady bez linków,"- blind screening,","Nie kopiować, nie nowy audyt",YES — korekta / ograniczenie / niepotwierdzona teza,"MARKET INTELLIGENCE: zachować z datą, nie dowód skuteczności Faro, WTP ani potwierdzone partnerstwo. R066: Zachować intel z datą i etykietą źródła; ceny nie są WTP Faro",VENDOR CLAIM / NOT VERIFIED,LICENSE/PROCUREMENT REVIEW,TEST FIRST,"16,21",R066
WEB-0375-01,WEB,8,375,8. Competitive Landscape / Co Faro powinno uznać za już skomodytyzowane,"- assessment,",MARKET CLAIM / OBSERVATION,Assessment Center,Wersjonowane zadania,Walidacja i proporcjonalność,"- assessment,","§26: typ, liczba, limit, termin przed Start",NO — zachowanie/doprecyzowanie,"MARKET INTELLIGENCE: zachować z datą, nie dowód skuteczności Faro, WTP ani potwierdzone partnerstwo. R026: Timer serwerowy od jawnego Start; deadline niezależny",FOUNDER DECISION,AI/GDPR/EQUALITY REVIEW,TEST FIRST,10,R026
WEB-0376-01,WEB,8,376,8. Competitive Landscape / Co Faro powinno uznać za już skomodytyzowane,"- AI resume/job assistant,",MARKET CLAIM / OBSERVATION,CV,Brak wymaganego CV; prywatny import później,"Skills-first, ale CV traktowane jako jeden predyktor","- AI resume/job assistant,",§2: dokument nigdy do firmy,YES — korekta / ograniczenie / niepotwierdzona teza,"MARKET INTELLIGENCE: zachować z datą, nie dowód skuteczności Faro, WTP ani potwierdzone partnerstwo. R001: ZERO CV w procesie; przyszły import tylko prywatny",FOUNDER DECISION,GDPR REVIEW,TEST FIRST,"03,05,06,07",R001
WEB-0377-01,WEB,8,377,8. Competitive Landscape / Co Faro powinno uznać za już skomodytyzowane,"- salary transparency,",MARKET CLAIM / OBSERVATION,Konkurencja/ceny/startupy,Benchmark historyczny,Przykłady bez linków,"- salary transparency,","Nie kopiować, nie nowy audyt",YES — korekta / ograniczenie / niepotwierdzona teza,"MARKET INTELLIGENCE: zachować z datą, nie dowód skuteczności Faro, WTP ani potwierdzone partnerstwo. R066: Zachować intel z datą i etykietą źródła; ceny nie są WTP Faro",VENDOR CLAIM / NOT VERIFIED,LICENSE/PROCUREMENT REVIEW,TEST FIRST,"16,21",R066
WEB-0378-01,WEB,8,378,8. Competitive Landscape / Co Faro powinno uznać za już skomodytyzowane,"- application tracking,",MARKET CLAIM / OBSERVATION,Konkurencja/ceny/startupy,Benchmark historyczny,Przykłady bez linków,"- application tracking,","Nie kopiować, nie nowy audyt",YES — korekta / ograniczenie / niepotwierdzona teza,"MARKET INTELLIGENCE: zachować z datą, nie dowód skuteczności Faro, WTP ani potwierdzone partnerstwo. R066: Zachować intel z datą i etykietą źródła; ceny nie są WTP Faro",VENDOR CLAIM / NOT VERIFIED,LICENSE/PROCUREMENT REVIEW,TEST FIRST,"16,21",R066
WEB-0379-01,WEB,8,379,8. Competitive Landscape / Co Faro powinno uznać za już skomodytyzowane,- structured interviews.,MARKET CLAIM / OBSERVATION,Konkurencja/ceny/startupy,Benchmark historyczny,Przykłady bez linków,- structured interviews.,"Nie kopiować, nie nowy audyt",YES — korekta / ograniczenie / niepotwierdzona teza,"MARKET INTELLIGENCE: zachować z datą, nie dowód skuteczności Faro, WTP ani potwierdzone partnerstwo. R066: Zachować intel z datą i etykietą źródła; ceny nie są WTP Faro",VENDOR CLAIM / NOT VERIFIED,LICENSE/PROCUREMENT REVIEW,TEST FIRST,"16,21",R066
WEB-0381-01,WEB,8,381,8. Competitive Landscape / Co Faro powinno uznać za już skomodytyzowane,Moat musi być systemowy.,MARKET CLAIM / OBSERVATION,Konkurencja/ceny/startupy,Benchmark historyczny,Przykłady bez linków,Moat musi być systemowy.,"Nie kopiować, nie nowy audyt",YES — korekta / ograniczenie / niepotwierdzona teza,"MARKET INTELLIGENCE: zachować z datą, nie dowód skuteczności Faro, WTP ani potwierdzone partnerstwo. R066: Zachować intel z datą i etykietą źródła; ceny nie są WTP Faro",VENDOR CLAIM / NOT VERIFIED,LICENSE/PROCUREMENT REVIEW,TEST FIRST,"16,21",R066
WEB-0387-01,WEB,9,387,9. Skills-first Products,Najciekawsze wzorce nie pochodzą wyłącznie z job boardów.,RECOMMENDATION / INTERPRETATION,Źródła kompetencji,Dowody rozdzielone,Ryzyko credentialism,Najciekawsze wzorce nie pochodzą wyłącznie z job boardów.,"§6,32: źródło, poziom, praktyka, dowód, weryfikacja",NO — zachowanie/doprecyzowanie,R006: Nie zrównywać automatycznie hobby i pracy; nie dyskwalifikować hobby,FOUNDER DECISION,FAIRNESS REVIEW,ACCEPT WITH MODIFICATION,08,R006
WEB-0389-01,WEB,9,389,9. Skills-first Products,"**Applied** jest ważne, bo stosuje anonymous application + work samples zamiast oceniania po pedigree. To bardzo blisko filozofii Faro, choć zależnie od procesu CV może pojawiać się później.",RECOMMENDATION / INTERPRETATION,CV; Anonimizacja usuwa bias,Brak wymaganego CV; prywatny import później,"Skills-first, ale CV traktowane jako jeden predyktor","**Applied** jest ważne, bo stosuje anonymous application + work samples zamiast oceniania po pedigree. To bardzo blisko filozofii Faro, choć zależnie od procesu CV może pojawiać się później.",§2: dokument nigdy do firmy,YES — korekta / ograniczenie / niepotwierdzona teza,"R001: ZERO CV w procesie; przyszły import tylko prywatny R051: Imię i dowody nadal mogą być proxy; monitorować, nie przywracać danych po cichu",FOUNDER DECISION,GDPR REVIEW,ACCEPT WITH MODIFICATION,"03,05,06,07",R001;R051
WEB-0391-01,WEB,9,391,9. Skills-first Products,"**Eightfold** pokazuje, że człowieka można modelować przez skills/capabilities/current context, a nie tylko stanowisko.",RECOMMENDATION / INTERPRETATION,Źródła kompetencji,Dowody rozdzielone,Ryzyko credentialism,"**Eightfold** pokazuje, że człowieka można modelować przez skills/capabilities/current context, a nie tylko stanowisko.","§6,32: źródło, poziom, praktyka, dowód, weryfikacja",NO — zachowanie/doprecyzowanie,R006: Nie zrównywać automatycznie hobby i pracy; nie dyskwalifikować hobby,FOUNDER DECISION,FAIRNESS REVIEW,ACCEPT WITH MODIFICATION,08,R006
WEB-0393-01,WEB,9,393,9. Skills-first Products,**Gloat/Fuel50** pokazują jeszcze ważniejszą rzecz: skill profile powinien odpowiadać nie tylko:,RECOMMENDATION / INTERPRETATION,Źródła kompetencji,Dowody rozdzielone,Ryzyko credentialism,**Gloat/Fuel50** pokazują jeszcze ważniejszą rzecz: skill profile powinien odpowiadać nie tylko:,"§6,32: źródło, poziom, praktyka, dowód, weryfikacja",NO — zachowanie/doprecyzowanie,R006: Nie zrównywać automatycznie hobby i pracy; nie dyskwalifikować hobby,FOUNDER DECISION,FAIRNESS REVIEW,ACCEPT WITH MODIFICATION,08,R006
WEB-0395-01,WEB,9,395,9. Skills-first Products,> „do jakiej pracy pasujesz?”,RECOMMENDATION / INTERPRETATION,Źródła kompetencji,Dowody rozdzielone,Ryzyko credentialism,> „do jakiej pracy pasujesz?”,"§6,32: źródło, poziom, praktyka, dowód, weryfikacja",NO — zachowanie/doprecyzowanie,R006: Nie zrównywać automatycznie hobby i pracy; nie dyskwalifikować hobby,FOUNDER DECISION,FAIRNESS REVIEW,ACCEPT WITH MODIFICATION,08,R006
WEB-0397-01,WEB,9,397,9. Skills-first Products,ale także:,RECOMMENDATION / INTERPRETATION,Źródła kompetencji,Dowody rozdzielone,Ryzyko credentialism,ale także:,"§6,32: źródło, poziom, praktyka, dowód, weryfikacja",NO — zachowanie/doprecyzowanie,R006: Nie zrównywać automatycznie hobby i pracy; nie dyskwalifikować hobby,FOUNDER DECISION,FAIRNESS REVIEW,ACCEPT WITH MODIFICATION,08,R006
WEB-0399-01,WEB,9,399,9. Skills-first Products,> „co możesz zrobić dalej?”,RECOMMENDATION / INTERPRETATION,Źródła kompetencji,Dowody rozdzielone,Ryzyko credentialism,> „co możesz zrobić dalej?”,"§6,32: źródło, poziom, praktyka, dowód, weryfikacja",NO — zachowanie/doprecyzowanie,R006: Nie zrównywać automatycznie hobby i pracy; nie dyskwalifikować hobby,FOUNDER DECISION,FAIRNESS REVIEW,ACCEPT WITH MODIFICATION,08,R006
WEB-0400-01,WEB,9,400,9. Skills-first Products,> „czego Ci brakuje?”,RECOMMENDATION / INTERPRETATION,Źródła kompetencji,Dowody rozdzielone,Ryzyko credentialism,> „czego Ci brakuje?”,"§6,32: źródło, poziom, praktyka, dowód, weryfikacja",NO — zachowanie/doprecyzowanie,R006: Nie zrównywać automatycznie hobby i pracy; nie dyskwalifikować hobby,FOUNDER DECISION,FAIRNESS REVIEW,ACCEPT WITH MODIFICATION,08,R006
WEB-0401-01,WEB,9,401,9. Skills-first Products,> „czego warto się nauczyć?”,RECOMMENDATION / INTERPRETATION,Nauczymy Cię,Growth Match,Droga do pracy hipotezą,> „czego warto się nauczyć?”,§9: MUST/NICE/WILL_TEACH,NO — zachowanie/doprecyzowanie,R009: Nauka nie jest blokadą; firma opisuje realną pomoc,FOUNDER DECISION,CLAIM ACCURACY,ACCEPT WITH MODIFICATION,"08,09",R009
WEB-0403-01,WEB,9,403,9. Skills-first Products,"To bardzo dobrze pasuje do „Faro. Wiesz, co dalej.”",RECOMMENDATION / INTERPRETATION,Źródła kompetencji,Dowody rozdzielone,Ryzyko credentialism,"To bardzo dobrze pasuje do „Faro. Wiesz, co dalej.”","§6,32: źródło, poziom, praktyka, dowód, weryfikacja",NO — zachowanie/doprecyzowanie,R006: Nie zrównywać automatycznie hobby i pracy; nie dyskwalifikować hobby,FOUNDER DECISION,FAIRNESS REVIEW,ACCEPT WITH MODIFICATION,08,R006
WEB-0407-01,WEB,9,407,9. Skills-first Products / Faro powinno więc mieć trzy warstwy skill graph,**I. deklarowane umiejętności**,RECOMMENDATION / INTERPRETATION,Źródła kompetencji,Dowody rozdzielone,Ryzyko credentialism,**I. deklarowane umiejętności**,"§6,32: źródło, poziom, praktyka, dowód, weryfikacja",NO — zachowanie/doprecyzowanie,R006: Nie zrównywać automatycznie hobby i pracy; nie dyskwalifikować hobby,FOUNDER DECISION,FAIRNESS REVIEW,ACCEPT WITH MODIFICATION,08,R006
WEB-0408-01,WEB,9,408,9. Skills-first Products / Faro powinno więc mieć trzy warstwy skill graph,„umiem X”.,RECOMMENDATION / INTERPRETATION,Źródła kompetencji,Dowody rozdzielone,Ryzyko credentialism,„umiem X”.,"§6,32: źródło, poziom, praktyka, dowód, weryfikacja",NO — zachowanie/doprecyzowanie,R006: Nie zrównywać automatycznie hobby i pracy; nie dyskwalifikować hobby,FOUNDER DECISION,FAIRNESS REVIEW,ACCEPT WITH MODIFICATION,08,R006
WEB-0410-01,WEB,9,410,9. Skills-first Products / Faro powinno więc mieć trzy warstwy skill graph,**II. inferred skills**,RECOMMENDATION / INTERPRETATION,AI tłumaczy doświadczenie,Confirmed/inferred/unknown,Weryfikacja deklaracji,**II. inferred skills**,"§5,33: każda propozycja zatwierdzana",NO — zachowanie/doprecyzowanie,R004: Proposal nie jest SkillClaim; tytuł pracy nie dowodzi wykonywania czynności,FOUNDER DECISION,AI/GDPR REVIEW,ACCEPT WITH MODIFICATION,"05,08",R004
WEB-0411-01,WEB,9,411,9. Skills-first Products / Faro powinno więc mieć trzy warstwy skill graph,„na podstawie opisanej czynności prawdopodobnie używałeś X”.,RECOMMENDATION / INTERPRETATION,Źródła kompetencji,Dowody rozdzielone,Ryzyko credentialism,„na podstawie opisanej czynności prawdopodobnie używałeś X”.,"§6,32: źródło, poziom, praktyka, dowód, weryfikacja",NO — zachowanie/doprecyzowanie,R006: Nie zrównywać automatycznie hobby i pracy; nie dyskwalifikować hobby,FOUNDER DECISION,FAIRNESS REVIEW,ACCEPT WITH MODIFICATION,08,R006
WEB-0413-01,WEB,9,413,9. Skills-first Products / Faro powinno więc mieć trzy warstwy skill graph,**III. evidenced skills**,RECOMMENDATION / INTERPRETATION,Źródła kompetencji,Dowody rozdzielone,Ryzyko credentialism,**III. evidenced skills**,"§6,32: źródło, poziom, praktyka, dowód, weryfikacja",NO — zachowanie/doprecyzowanie,R006: Nie zrównywać automatycznie hobby i pracy; nie dyskwalifikować hobby,FOUNDER DECISION,FAIRNESS REVIEW,ACCEPT WITH MODIFICATION,08,R006
WEB-0414-01,WEB,9,414,9. Skills-first Products / Faro powinno więc mieć trzy warstwy skill graph,"„X zostało potwierdzone przykładem, doświadczeniem albo assessmentem”.",RECOMMENDATION / INTERPRETATION,Assessment Center,Wersjonowane zadania,Walidacja i proporcjonalność,"„X zostało potwierdzone przykładem, doświadczeniem albo assessmentem”.","§26: typ, liczba, limit, termin przed Start",NO — zachowanie/doprecyzowanie,R026: Timer serwerowy od jawnego Start; deadline niezależny,FOUNDER DECISION,AI/GDPR/EQUALITY REVIEW,ACCEPT WITH MODIFICATION,10,R026
WEB-0416-01,WEB,9,416,9. Skills-first Products / Faro powinno więc mieć trzy warstwy skill graph,Nie wrzucałbym ich do jednego worka.,RECOMMENDATION / INTERPRETATION,Źródła kompetencji,Dowody rozdzielone,Ryzyko credentialism,Nie wrzucałbym ich do jednego worka.,"§6,32: źródło, poziom, praktyka, dowód, weryfikacja",NO — zachowanie/doprecyzowanie,R006: Nie zrównywać automatycznie hobby i pracy; nie dyskwalifikować hobby,FOUNDER DECISION,FAIRNESS REVIEW,ACCEPT WITH MODIFICATION,08,R006
WEB-0424-01,WEB,10,424,10. Assessments / Aktualny rynek,"**TestGorilla**: Free $0, Core $142/mies. przy zobowiązaniu rocznym, Plus od $400/mies.; >350 testów, AI interviews, simulations, coding, ID verification.",RECOMMENDATION / INTERPRETATION,Assessment Center,Wersjonowane zadania,Walidacja i proporcjonalność,"**TestGorilla**: Free $0, Core $142/mies. przy zobowiązaniu rocznym, Plus od $400/mies.; >350 testów, AI interviews, simulations, coding, ID verification.","§26: typ, liczba, limit, termin przed Start",NO — zachowanie/doprecyzowanie,R026: Timer serwerowy od jawnego Start; deadline niezależny,FOUNDER DECISION,AI/GDPR/EQUALITY REVIEW,ACCEPT WITH MODIFICATION,10,R026
WEB-0426-01,WEB,10,426,10. Assessments / Aktualny rynek,"W styczniu 2026 zmieniło model credits: lekkie screening workflows mogą kosztować 0 credits, skills tests 1 credit/candidate, pełniejsze evaluation więcej.",RECOMMENDATION / INTERPRETATION,Assessment Center,Wersjonowane zadania,Walidacja i proporcjonalność,"W styczniu 2026 zmieniło model credits: lekkie screening workflows mogą kosztować 0 credits, skills tests 1 credit/candidate, pełniejsze evaluation więcej.","§26: typ, liczba, limit, termin przed Start",NO — zachowanie/doprecyzowanie,R026: Timer serwerowy od jawnego Start; deadline niezależny,FOUNDER DECISION,AI/GDPR/EQUALITY REVIEW,ACCEPT WITH MODIFICATION,10,R026
WEB-0428-01,WEB,10,428,10. Assessments / Aktualny rynek,"**Codility**: Starter $1,200 rocznie / 120 invites; Scale $6,000; coding, SQL, AI skills, leakage protection, plagiarism/integrity.",RECOMMENDATION / INTERPRETATION,Assessment Center,Wersjonowane zadania,Walidacja i proporcjonalność,"**Codility**: Starter $1,200 rocznie / 120 invites; Scale $6,000; coding, SQL, AI skills, leakage protection, plagiarism/integrity.","§26: typ, liczba, limit, termin przed Start",NO — zachowanie/doprecyzowanie,R026: Timer serwerowy od jawnego Start; deadline niezależny,FOUNDER DECISION,AI/GDPR/EQUALITY REVIEW,ACCEPT WITH MODIFICATION,10,R026
WEB-0430-01,WEB,10,430,10. Assessments / Aktualny rynek,"**HackerRank**: Starter $199/mies. lub ok. $165 przy rozliczeniu rocznym; 120 assessment attempts rocznie, 2,000+ technical questions według vendor page.",RECOMMENDATION / INTERPRETATION,Assessment Center,Wersjonowane zadania,Walidacja i proporcjonalność,"**HackerRank**: Starter $199/mies. lub ok. $165 przy rozliczeniu rocznym; 120 assessment attempts rocznie, 2,000+ technical questions według vendor page.","§26: typ, liczba, limit, termin przed Start",NO — zachowanie/doprecyzowanie,R026: Timer serwerowy od jawnego Start; deadline niezależny,FOUNDER DECISION,AI/GDPR/EQUALITY REVIEW,ACCEPT WITH MODIFICATION,10,R026
WEB-0432-01,WEB,10,432,10. Assessments / Aktualny rynek,**Harver**: 900+ gotowych job profiles i deklarowane >100 mln obsłużonych kandydatów; pricing po kontakcie.,RECOMMENDATION / INTERPRETATION,Employer monetization,WTP i płatny pilot przed skalą,Brak rozstrzygnięcia,**Harver**: 900+ gotowych job profiles i deklarowane >100 mln obsłużonych kandydatów; pricing po kontakcie.,§37: później po pozycji rynkowej,YES — korekta / ograniczenie / niepotwierdzona teza,"R034: P5 narzędzia po walidacji, nie zasoby lepszych kandydatów",FOUNDER DECISION; WTP UNKNOWN,B2B TERMS REVIEW,ACCEPT WITH MODIFICATION,"04,16,18",R034
WEB-0434-01,WEB,10,434,10. Assessments / Aktualny rynek,"**Criteria**: cognitive, personality, emotional intelligence, risk, skills, adaptive/game-based assessments, candidate feedback; pricing po kontakcie.",RECOMMENDATION / INTERPRETATION,Employer monetization; Powód odrzucenia; Assessment Center,WTP i płatny pilot przed skalą,Brak rozstrzygnięcia,"**Criteria**: cognitive, personality, emotional intelligence, risk, skills, adaptive/game-based assessments, candidate feedback; pricing po kontakcie.",§37: później po pozycji rynkowej,YES — korekta / ograniczenie / niepotwierdzona teza,"R034: P5 narzędzia po walidacji, nie zasoby lepszych kandydatów R015: ReasonCode oraz requirementId przy porównaniu; brak fikcyjnego braku kompetencji R026: Timer serwerowy od jawnego Start; deadline niezależny",FOUNDER DECISION; WTP UNKNOWN,B2B TERMS REVIEW,ACCEPT WITH MODIFICATION,"04,16,18",R034;R015;R026
WEB-0436-01,WEB,10,436,10. Assessments / Aktualny rynek,**Vervoe**: real-work skills assessments z explainable/auditable AI grading.,RECOMMENDATION / INTERPRETATION,Assessment Center,Wersjonowane zadania,Walidacja i proporcjonalność,**Vervoe**: real-work skills assessments z explainable/auditable AI grading.,"§26: typ, liczba, limit, termin przed Start",NO — zachowanie/doprecyzowanie,R026: Timer serwerowy od jawnego Start; deadline niezależny,FOUNDER DECISION,AI/GDPR/EQUALITY REVIEW,ACCEPT WITH MODIFICATION,10,R026
WEB-0440-01,WEB,10,440,10. Assessments / Dobre praktyki dla Faro,Assessment powinien być:,RECOMMENDATION / INTERPRETATION,Assessment Center,Wersjonowane zadania,Walidacja i proporcjonalność,Assessment powinien być:,"§26: typ, liczba, limit, termin przed Start",NO — zachowanie/doprecyzowanie,R026: Timer serwerowy od jawnego Start; deadline niezależny,FOUNDER DECISION,AI/GDPR/EQUALITY REVIEW,ACCEPT WITH MODIFICATION,10,R026
WEB-0442-01,WEB,10,442,10. Assessments / Dobre praktyki dla Faro,"- krótki,",RECOMMENDATION / INTERPRETATION,Assessment Center,Wersjonowane zadania,Walidacja i proporcjonalność,"- krótki,","§26: typ, liczba, limit, termin przed Start",NO — zachowanie/doprecyzowanie,R026: Timer serwerowy od jawnego Start; deadline niezależny,FOUNDER DECISION,AI/GDPR/EQUALITY REVIEW,ACCEPT WITH MODIFICATION,10,R026
WEB-0443-01,WEB,10,443,10. Assessments / Dobre praktyki dla Faro,"- związany z konkretną rolą,",RECOMMENDATION / INTERPRETATION,Assessment Center,Wersjonowane zadania,Walidacja i proporcjonalność,"- związany z konkretną rolą,","§26: typ, liczba, limit, termin przed Start",NO — zachowanie/doprecyzowanie,R026: Timer serwerowy od jawnego Start; deadline niezależny,FOUNDER DECISION,AI/GDPR/EQUALITY REVIEW,ACCEPT WITH MODIFICATION,10,R026
WEB-0444-01,WEB,10,444,10. Assessments / Dobre praktyki dla Faro,"- uruchamiany dopiero, kiedy daje wartość,",RECOMMENDATION / INTERPRETATION,Assessment Center,Wersjonowane zadania,Walidacja i proporcjonalność,"- uruchamiany dopiero, kiedy daje wartość,","§26: typ, liczba, limit, termin przed Start",NO — zachowanie/doprecyzowanie,R026: Timer serwerowy od jawnego Start; deadline niezależny,FOUNDER DECISION,AI/GDPR/EQUALITY REVIEW,ACCEPT WITH MODIFICATION,10,R026
WEB-0445-01,WEB,10,445,10. Assessments / Dobre praktyki dla Faro,"- możliwy do przerwania/wznowienia,",RECOMMENDATION / INTERPRETATION,Assessment Center,Wersjonowane zadania,Walidacja i proporcjonalność,"- możliwy do przerwania/wznowienia,","§26: typ, liczba, limit, termin przed Start",NO — zachowanie/doprecyzowanie,Wznowienie po awarii bez resetu serwerowego czasu; zatrzymywanie timera nie jest przyjętą funkcją. R026: Timer serwerowy od jawnego Start; deadline niezależny,FOUNDER DECISION,AI/GDPR/EQUALITY REVIEW,TEST FIRST,10,R026
WEB-0446-01,WEB,10,446,10. Assessments / Dobre praktyki dla Faro,"- mobile friendly tam, gdzie jest to racjonalne,",RECOMMENDATION / INTERPRETATION,Assessment Center,Wersjonowane zadania,Walidacja i proporcjonalność,"- mobile friendly tam, gdzie jest to racjonalne,","§26: typ, liczba, limit, termin przed Start",NO — zachowanie/doprecyzowanie,R026: Timer serwerowy od jawnego Start; deadline niezależny,FOUNDER DECISION,AI/GDPR/EQUALITY REVIEW,ACCEPT WITH MODIFICATION,10,R026
WEB-0447-01,WEB,10,447,10. Assessments / Dobre praktyki dla Faro,"- dostępny z accommodations,",RECOMMENDATION / INTERPRETATION,Accommodations,Osobny moduł i równoważne ścieżki,Dostępność ważna,"- dostępny z accommodations,",§35: specjalny moduł nie zatwierdzony,YES — korekta / ograniczenie / niepotwierdzona teza,R054: Nie budować specjalnego modułu; podstawowa dostępność i prawny obowiązek dostosowań pozostają,FOUNDER DECISION / LEGAL CONFLICT CHECK,P0 LEGAL REVIEW,ACCEPT WITH MODIFICATION,"10,14,17,20",R054
WEB-0448-01,WEB,10,448,10. Assessments / Dobre praktyki dla Faro,"- z jawnym zakresem danych,",RECOMMENDATION / INTERPRETATION,Assessment Center,Wersjonowane zadania,Walidacja i proporcjonalność,"- z jawnym zakresem danych,","§26: typ, liczba, limit, termin przed Start",NO — zachowanie/doprecyzowanie,R026: Timer serwerowy od jawnego Start; deadline niezależny,FOUNDER DECISION,AI/GDPR/EQUALITY REVIEW,ACCEPT WITH MODIFICATION,10,R026
WEB-0449-01,WEB,10,449,10. Assessments / Dobre praktyki dla Faro,"- oceniany wg jawnego konstruktu/rubryki,",RECOMMENDATION / INTERPRETATION,Assessment Center,Wersjonowane zadania,Walidacja i proporcjonalność,"- oceniany wg jawnego konstruktu/rubryki,","§26: typ, liczba, limit, termin przed Start",NO — zachowanie/doprecyzowanie,R026: Timer serwerowy od jawnego Start; deadline niezależny,FOUNDER DECISION,AI/GDPR/EQUALITY REVIEW,ACCEPT WITH MODIFICATION,10,R026
WEB-0450-01,WEB,10,450,10. Assessments / Dobre praktyki dla Faro,"- ze wskaźnikiem pewności,",RECOMMENDATION / INTERPRETATION,Assessment Center,Wersjonowane zadania,Walidacja i proporcjonalność,"- ze wskaźnikiem pewności,","§26: typ, liczba, limit, termin przed Start",NO — zachowanie/doprecyzowanie,R026: Timer serwerowy od jawnego Start; deadline niezależny,FOUNDER DECISION,AI/GDPR/EQUALITY REVIEW,ACCEPT WITH MODIFICATION,10,R026
WEB-0451-01,WEB,10,451,10. Assessments / Dobre praktyki dla Faro,"- z możliwością human review,",RECOMMENDATION / INTERPRETATION,Assessment Center,Wersjonowane zadania,Walidacja i proporcjonalność,"- z możliwością human review,","§26: typ, liczba, limit, termin przed Start",NO — zachowanie/doprecyzowanie,R026: Timer serwerowy od jawnego Start; deadline niezależny,FOUNDER DECISION,AI/GDPR/EQUALITY REVIEW,ACCEPT WITH MODIFICATION,10,R026
WEB-0452-01,WEB,10,452,10. Assessments / Dobre praktyki dla Faro,- możliwie reusable.,RECOMMENDATION / INTERPRETATION,Skills wallet,Dowody przenośne później; expiry,§18 sprzeciw wobec uniwersalnego paszportu,- możliwie reusable.,§31: Faro standard reusable za zgodą,YES — korekta / ograniczenie / niepotwierdzona teza,R031: Standardowy zakres/wynik/data/wersja; company result nie jest certyfikatem Faro,FOUNDER DECISION; EVIDENCE CONFLICT,GDPR/IP REVIEW,ACCEPT WITH MODIFICATION,"08,10",R031
WEB-0456-01,WEB,10,456,10. Assessments / Bardzo interesująca szansa Faro,**Portable assessment passport.**,RECOMMENDATION / INTERPRETATION,Skills wallet; Assessment Center,Dowody przenośne później; expiry,§18 sprzeciw wobec uniwersalnego paszportu,**Portable assessment passport.**,§31: Faro standard reusable za zgodą,YES — korekta / ograniczenie / niepotwierdzona teza,R031: Standardowy zakres/wynik/data/wersja; company result nie jest certyfikatem Faro R026: Timer serwerowy od jawnego Start; deadline niezależny,FOUNDER DECISION; EVIDENCE CONFLICT,GDPR/IP REVIEW,ACCEPT WITH MODIFICATION,"08,10",R031;R026
WEB-0458-01,WEB,10,458,10. Assessments / Bardzo interesująca szansa Faro,Kandydat wykonał np.:,RECOMMENDATION / INTERPRETATION,Assessment Center,Wersjonowane zadania,Walidacja i proporcjonalność,Kandydat wykonał np.:,"§26: typ, liczba, limit, termin przed Start",NO — zachowanie/doprecyzowanie,R026: Timer serwerowy od jawnego Start; deadline niezależny,FOUNDER DECISION,AI/GDPR/EQUALITY REVIEW,ACCEPT WITH MODIFICATION,10,R026
WEB-0460-01,WEB,10,460,10. Assessments / Bardzo interesująca szansa Faro,`Excel — 82/100 — potwierdzone 12.09.2026 — advanced formulas / pivots`,RECOMMENDATION / INTERPRETATION,Assessment Center,Wersjonowane zadania,Walidacja i proporcjonalność,`Excel — 82/100 — potwierdzone 12.09.2026 — advanced formulas / pivots`,"§26: typ, liczba, limit, termin przed Start",NO — zachowanie/doprecyzowanie,R026: Timer serwerowy od jawnego Start; deadline niezależny,FOUNDER DECISION,AI/GDPR/EQUALITY REVIEW,ACCEPT WITH MODIFICATION,10,R026
WEB-0462-01,WEB,10,462,10. Assessments / Bardzo interesująca szansa Faro,i może użyć tego przy więcej niż jednej zgodnej rekrutacji.,RECOMMENDATION / INTERPRETATION,Assessment Center,Wersjonowane zadania,Walidacja i proporcjonalność,i może użyć tego przy więcej niż jednej zgodnej rekrutacji.,"§26: typ, liczba, limit, termin przed Start",NO — zachowanie/doprecyzowanie,R026: Timer serwerowy od jawnego Start; deadline niezależny,FOUNDER DECISION,AI/GDPR/EQUALITY REVIEW,ACCEPT WITH MODIFICATION,10,R026
WEB-0464-01,WEB,10,464,10. Assessments / Bardzo interesująca szansa Faro,Ale wynik powinien mieć:,RECOMMENDATION / INTERPRETATION,Assessment Center,Wersjonowane zadania,Walidacja i proporcjonalność,Ale wynik powinien mieć:,"§26: typ, liczba, limit, termin przed Start",NO — zachowanie/doprecyzowanie,R026: Timer serwerowy od jawnego Start; deadline niezależny,FOUNDER DECISION,AI/GDPR/EQUALITY REVIEW,ACCEPT WITH MODIFICATION,10,R026
WEB-0466-01,WEB,10,466,10. Assessments / Bardzo interesująca szansa Faro,"- wersję testu,",RECOMMENDATION / INTERPRETATION,Assessment Center,Wersjonowane zadania,Walidacja i proporcjonalność,"- wersję testu,","§26: typ, liczba, limit, termin przed Start",NO — zachowanie/doprecyzowanie,R026: Timer serwerowy od jawnego Start; deadline niezależny,FOUNDER DECISION,AI/GDPR/EQUALITY REVIEW,ACCEPT WITH MODIFICATION,10,R026
WEB-0467-01,WEB,10,467,10. Assessments / Bardzo interesująca szansa Faro,"- datę,",RECOMMENDATION / INTERPRETATION,Assessment Center,Wersjonowane zadania,Walidacja i proporcjonalność,"- datę,","§26: typ, liczba, limit, termin przed Start",NO — zachowanie/doprecyzowanie,R026: Timer serwerowy od jawnego Start; deadline niezależny,FOUNDER DECISION,AI/GDPR/EQUALITY REVIEW,ACCEPT WITH MODIFICATION,10,R026
WEB-0468-01,WEB,10,468,10. Assessments / Bardzo interesująca szansa Faro,"- zakres,",RECOMMENDATION / INTERPRETATION,Assessment Center,Wersjonowane zadania,Walidacja i proporcjonalność,"- zakres,","§26: typ, liczba, limit, termin przed Start",NO — zachowanie/doprecyzowanie,R026: Timer serwerowy od jawnego Start; deadline niezależny,FOUNDER DECISION,AI/GDPR/EQUALITY REVIEW,ACCEPT WITH MODIFICATION,10,R026
WEB-0469-01,WEB,10,469,10. Assessments / Bardzo interesująca szansa Faro,"- confidence,",RECOMMENDATION / INTERPRETATION,Assessment Center,Wersjonowane zadania,Walidacja i proporcjonalność,"- confidence,","§26: typ, liczba, limit, termin przed Start",NO — zachowanie/doprecyzowanie,R026: Timer serwerowy od jawnego Start; deadline niezależny,FOUNDER DECISION,AI/GDPR/EQUALITY REVIEW,ACCEPT WITH MODIFICATION,10,R026
WEB-0470-01,WEB,10,470,10. Assessments / Bardzo interesująca szansa Faro,"- okres ważności,",RECOMMENDATION / INTERPRETATION,Wygasanie kompetencji,Expiry dowodów12m sugerowane,Certyfikacja ryzykiem,"- okres ważności,",§35: nie feature,YES — korekta / ograniczenie / niepotwierdzona teza,R056: Data i wersja widoczne; brak automatycznej utraty skill; retention osobno,FOUNDER DECISION,RETENTION REVIEW,REJECT — FOUNDER DECISION,"08,10,20",R056
WEB-0471-01,WEB,10,471,10. Assessments / Bardzo interesująca szansa Faro,"- informację, czy assessment był proctored,",RECOMMENDATION / INTERPRETATION,Internet/AI podczas testu; Assessment Center,Proponowane pola dozwolonych narzędzi,Brak jednolitej zasady,"- informację, czy assessment był proctored,",§28: nie pokazujemy tych pól,YES — korekta / ograniczenie / niepotwierdzona teza,Nie wprowadzać obecnie pola proctoring/AI-allowed lub mechanizmu ograniczania internetu; wersja i data wyniku pozostają. R028: Brak polityk i pól tak/nie; ograniczanie narzędzi wyłącznie przyszły research R026: Timer serwerowy od jawnego Start; deadline niezależny,FOUNDER DECISION,FUTURE REVIEW,FUTURE RESEARCH,"10,20",R028;R026
WEB-0472-01,WEB,10,472,10. Assessments / Bardzo interesująca szansa Faro,- możliwość ukrycia przez użytkownika.,RECOMMENDATION / INTERPRETATION,Assessment Center,Wersjonowane zadania,Walidacja i proporcjonalność,- możliwość ukrycia przez użytkownika.,"§26: typ, liczba, limit, termin przed Start",NO — zachowanie/doprecyzowanie,R026: Timer serwerowy od jawnego Start; deadline niezależny,FOUNDER DECISION,AI/GDPR/EQUALITY REVIEW,ACCEPT WITH MODIFICATION,10,R026
WEB-0476-01,WEB,10,476,10. Assessments / Czego nie kopiować,Nie budowałbym modelu:,RECOMMENDATION / INTERPRETATION,Assessment Center,Wersjonowane zadania,Walidacja i proporcjonalność,Nie budowałbym modelu:,"§26: typ, liczba, limit, termin przed Start",NO — zachowanie/doprecyzowanie,R026: Timer serwerowy od jawnego Start; deadline niezależny,FOUNDER DECISION,AI/GDPR/EQUALITY REVIEW,ACCEPT WITH MODIFICATION,10,R026
WEB-0478-01,WEB,10,478,10. Assessments / Czego nie kopiować,"> „Zanim w ogóle powiemy Ci, czy pracodawca jest zainteresowany — zrób godzinę testów.”",RECOMMENDATION / INTERPRETATION,Assessment Center,Wersjonowane zadania,Walidacja i proporcjonalność,"> „Zanim w ogóle powiemy Ci, czy pracodawca jest zainteresowany — zrób godzinę testów.”","§26: typ, liczba, limit, termin przed Start",NO — zachowanie/doprecyzowanie,R026: Timer serwerowy od jawnego Start; deadline niezależny,FOUNDER DECISION,AI/GDPR/EQUALITY REVIEW,ACCEPT WITH MODIFICATION,10,R026
WEB-0480-01,WEB,10,480,10. Assessments / Czego nie kopiować,To generuje assessment fatigue i asymetrię procesu.,RECOMMENDATION / INTERPRETATION,Assessment Center,Wersjonowane zadania,Walidacja i proporcjonalność,To generuje assessment fatigue i asymetrię procesu.,"§26: typ, liczba, limit, termin przed Start",NO — zachowanie/doprecyzowanie,R026: Timer serwerowy od jawnego Start; deadline niezależny,FOUNDER DECISION,AI/GDPR/EQUALITY REVIEW,ACCEPT WITH MODIFICATION,10,R026
WEB-0488-01,WEB,11,488,11. Transferable Skills Data / ESCO — najlepszy fundament europejski,"ESCO to oficjalna unijna wielojęzyczna klasyfikacja umiejętności, kompetencji, kwalifikacji i zawodów. Jest dostępna w **28 językach, w tym po polsku**, jako pliki i API. Aktualna wersja widoczna podczas researchu to **v1.2.1**, ostatnia aktualizacja 10.12.2025.",RECOMMENDATION / INTERPRETATION,ESCO,Mała ręczna taksonomia,Standardy potrzebne,"ESCO to oficjalna unijna wielojęzyczna klasyfikacja umiejętności, kompetencji, kwalifikacji i zawodów. Jest dostępna w **28 językach, w tym po polsku**, jako pliki i API. Aktualna wersja widoczna podczas researchu to **v1.2.1**, ostatnia aktualizacja 10.12.2025.",§47: nie od zera,YES — korekta / ograniczenie / niepotwierdzona teza,R046: Stabilne URI i wersja; license manifest per dataset/pillar,PRIMARY DATA/LICENSE S06,LICENSE GATE,ACCEPT WITH MODIFICATION,"08,17",R046
WEB-0490-01,WEB,11,490,11. Transferable Skills Data / ESCO — najlepszy fundament europejski,ESCO udostępnia Web API oraz downloadable Local API.,RECOMMENDATION / INTERPRETATION,ESCO,Mała ręczna taksonomia,Standardy potrzebne,ESCO udostępnia Web API oraz downloadable Local API.,§47: nie od zera,YES — korekta / ograniczenie / niepotwierdzona teza,R046: Stabilne URI i wersja; license manifest per dataset/pillar,PRIMARY DATA/LICENSE S06,LICENSE GATE,ACCEPT WITH MODIFICATION,"08,17",R046
WEB-0492-01,WEB,11,492,11. Transferable Skills Data / ESCO — najlepszy fundament europejski,Software Local API używa EUPL 1.2; licencję danych trzeba traktować oddzielnie zgodnie z warunkami Komisji.,RECOMMENDATION / INTERPRETATION,ESCO,Mała ręczna taksonomia,Standardy potrzebne,Software Local API używa EUPL 1.2; licencję danych trzeba traktować oddzielnie zgodnie z warunkami Komisji.,§47: nie od zera,YES — korekta / ograniczenie / niepotwierdzona teza,R046: Stabilne URI i wersja; license manifest per dataset/pillar,PRIMARY DATA/LICENSE S06,LICENSE GATE,ACCEPT WITH MODIFICATION,"08,17",R046
WEB-0496-01,WEB,11,496,11. Transferable Skills Data / O*NET,"Obecna wersja to **31.0, August 2026**. Jest dostępna jako CSV, JSON, SQL, RDF itd. i objęta **CC BY 4.0**, z obowiązkiem atrybucji i wskazania zmian.",RECOMMENDATION / INTERPRETATION,INFOdoradca/ZRK/O*NET,Nie rdzeń,Brak,"Obecna wersja to **31.0, August 2026**. Jest dostępna jako CSV, JSON, SQL, RDF itd. i objęta **CC BY 4.0**, z obowiązkiem atrybucji i wskazania zmian.",§47: sprawdzić prawa,YES — korekta / ograniczenie / niepotwierdzona teza,R047: O*NET DB CC BY4 z obowiązkami; ZRK/INFO dostępność nie jest licencją,PRIMARY LICENSE S07; PL NOT VERIFIED,LICENSE GATE,ACCEPT WITH MODIFICATION,"08,17",R047
WEB-0498-01,WEB,11,498,11. Transferable Skills Data / O*NET,O*NET jest świetne do:,RECOMMENDATION / INTERPRETATION,INFOdoradca/ZRK/O*NET,Nie rdzeń,Brak,O*NET jest świetne do:,§47: sprawdzić prawa,YES — korekta / ograniczenie / niepotwierdzona teza,R047: O*NET DB CC BY4 z obowiązkami; ZRK/INFO dostępność nie jest licencją,PRIMARY LICENSE S07; PL NOT VERIFIED,LICENSE GATE,ACCEPT WITH MODIFICATION,"08,17",R047
WEB-0500-01,WEB,11,500,11. Transferable Skills Data / O*NET,"- work activities,",RECOMMENDATION / INTERPRETATION,INFOdoradca/ZRK/O*NET,Nie rdzeń,Brak,"- work activities,",§47: sprawdzić prawa,YES — korekta / ograniczenie / niepotwierdzona teza,R047: O*NET DB CC BY4 z obowiązkami; ZRK/INFO dostępność nie jest licencją,PRIMARY LICENSE S07; PL NOT VERIFIED,LICENSE GATE,ACCEPT WITH MODIFICATION,"08,17",R047
WEB-0501-01,WEB,11,501,11. Transferable Skills Data / O*NET,"- knowledge,",RECOMMENDATION / INTERPRETATION,INFOdoradca/ZRK/O*NET,Nie rdzeń,Brak,"- knowledge,",§47: sprawdzić prawa,YES — korekta / ograniczenie / niepotwierdzona teza,R047: O*NET DB CC BY4 z obowiązkami; ZRK/INFO dostępność nie jest licencją,PRIMARY LICENSE S07; PL NOT VERIFIED,LICENSE GATE,ACCEPT WITH MODIFICATION,"08,17",R047
WEB-0502-01,WEB,11,502,11. Transferable Skills Data / O*NET,"- abilities,",RECOMMENDATION / INTERPRETATION,INFOdoradca/ZRK/O*NET,Nie rdzeń,Brak,"- abilities,",§47: sprawdzić prawa,YES — korekta / ograniczenie / niepotwierdzona teza,R047: O*NET DB CC BY4 z obowiązkami; ZRK/INFO dostępność nie jest licencją,PRIMARY LICENSE S07; PL NOT VERIFIED,LICENSE GATE,ACCEPT WITH MODIFICATION,"08,17",R047
WEB-0503-01,WEB,11,503,11. Transferable Skills Data / O*NET,"- interests,",RECOMMENDATION / INTERPRETATION,INFOdoradca/ZRK/O*NET,Nie rdzeń,Brak,"- interests,",§47: sprawdzić prawa,YES — korekta / ograniczenie / niepotwierdzona teza,R047: O*NET DB CC BY4 z obowiązkami; ZRK/INFO dostępność nie jest licencją,PRIMARY LICENSE S07; PL NOT VERIFIED,LICENSE GATE,ACCEPT WITH MODIFICATION,"08,17",R047
WEB-0504-01,WEB,11,504,11. Transferable Skills Data / O*NET,"- work styles,",RECOMMENDATION / INTERPRETATION,INFOdoradca/ZRK/O*NET,Nie rdzeń,Brak,"- work styles,",§47: sprawdzić prawa,YES — korekta / ograniczenie / niepotwierdzona teza,R047: O*NET DB CC BY4 z obowiązkami; ZRK/INFO dostępność nie jest licencją,PRIMARY LICENSE S07; PL NOT VERIFIED,LICENSE GATE,ACCEPT WITH MODIFICATION,"08,17",R047
WEB-0505-01,WEB,11,505,11. Transferable Skills Data / O*NET,- tools/technology.,RECOMMENDATION / INTERPRETATION,INFOdoradca/ZRK/O*NET,Nie rdzeń,Brak,- tools/technology.,§47: sprawdzić prawa,YES — korekta / ograniczenie / niepotwierdzona teza,R047: O*NET DB CC BY4 z obowiązkami; ZRK/INFO dostępność nie jest licencją,PRIMARY LICENSE S07; PL NOT VERIFIED,LICENSE GATE,ACCEPT WITH MODIFICATION,"08,17",R047
WEB-0507-01,WEB,11,507,11. Transferable Skills Data / O*NET,"Ale jest amerykańskie, więc nie należy bezpośrednio kopiować occupational assumptions na Polskę.",RECOMMENDATION / INTERPRETATION,INFOdoradca/ZRK/O*NET,Nie rdzeń,Brak,"Ale jest amerykańskie, więc nie należy bezpośrednio kopiować occupational assumptions na Polskę.",§47: sprawdzić prawa,YES — korekta / ograniczenie / niepotwierdzona teza,R047: O*NET DB CC BY4 z obowiązkami; ZRK/INFO dostępność nie jest licencją,PRIMARY LICENSE S07; PL NOT VERIFIED,LICENSE GATE,ACCEPT WITH MODIFICATION,"08,17",R047
WEB-0511-01,WEB,11,511,11. Transferable Skills Data / Polska,**INFOdoradca+** ma 1000 opisów zawodów obejmujących:,RECOMMENDATION / INTERPRETATION,INFOdoradca/ZRK/O*NET,Nie rdzeń,Brak,**INFOdoradca+** ma 1000 opisów zawodów obejmujących:,§47: sprawdzić prawa,YES — korekta / ograniczenie / niepotwierdzona teza,R047: O*NET DB CC BY4 z obowiązkami; ZRK/INFO dostępność nie jest licencją,PRIMARY LICENSE S07; PL NOT VERIFIED,LICENSE GATE,ACCEPT WITH MODIFICATION,"08,17",R047
WEB-0513-01,WEB,11,513,11. Transferable Skills Data / Polska,"- zadania zawodowe,",RECOMMENDATION / INTERPRETATION,AI tłumaczy doświadczenie,Confirmed/inferred/unknown,Weryfikacja deklaracji,"- zadania zawodowe,","§5,33: każda propozycja zatwierdzana",NO — zachowanie/doprecyzowanie,R004: Proposal nie jest SkillClaim; tytuł pracy nie dowodzi wykonywania czynności,FOUNDER DECISION,AI/GDPR REVIEW,ACCEPT WITH MODIFICATION,"05,08",R004
WEB-0514-01,WEB,11,514,11. Transferable Skills Data / Polska,"- wymagane kompetencje,",RECOMMENDATION / INTERPRETATION,AI tłumaczy doświadczenie,Confirmed/inferred/unknown,Weryfikacja deklaracji,"- wymagane kompetencje,","§5,33: każda propozycja zatwierdzana",NO — zachowanie/doprecyzowanie,R004: Proposal nie jest SkillClaim; tytuł pracy nie dowodzi wykonywania czynności,FOUNDER DECISION,AI/GDPR REVIEW,ACCEPT WITH MODIFICATION,"05,08",R004
WEB-0515-01,WEB,11,515,11. Transferable Skills Data / Polska,"- rozwój,",RECOMMENDATION / INTERPRETATION,AI tłumaczy doświadczenie,Confirmed/inferred/unknown,Weryfikacja deklaracji,"- rozwój,","§5,33: każda propozycja zatwierdzana",NO — zachowanie/doprecyzowanie,R004: Proposal nie jest SkillClaim; tytuł pracy nie dowodzi wykonywania czynności,FOUNDER DECISION,AI/GDPR REVIEW,ACCEPT WITH MODIFICATION,"05,08",R004
WEB-0516-01,WEB,11,516,11. Transferable Skills Data / Polska,"- rynek pracy,",RECOMMENDATION / INTERPRETATION,AI tłumaczy doświadczenie,Confirmed/inferred/unknown,Weryfikacja deklaracji,"- rynek pracy,","§5,33: każda propozycja zatwierdzana",NO — zachowanie/doprecyzowanie,R004: Proposal nie jest SkillClaim; tytuł pracy nie dowodzi wykonywania czynności,FOUNDER DECISION,AI/GDPR REVIEW,ACCEPT WITH MODIFICATION,"05,08",R004
WEB-0517-01,WEB,11,517,11. Transferable Skills Data / Polska,- odniesienie do ESCO.,RECOMMENDATION / INTERPRETATION,ESCO,Mała ręczna taksonomia,Standardy potrzebne,- odniesienie do ESCO.,§47: nie od zera,YES — korekta / ograniczenie / niepotwierdzona teza,R046: Stabilne URI i wersja; license manifest per dataset/pillar,PRIMARY DATA/LICENSE S06,LICENSE GATE,ACCEPT WITH MODIFICATION,"08,17",R046
WEB-0519-01,WEB,11,519,11. Transferable Skills Data / Polska,**ZRK** ma publiczne API v1 dla Zintegrowanego Rejestru Kwalifikacji.,RECOMMENDATION / INTERPRETATION,INFOdoradca/ZRK/O*NET,Nie rdzeń,Brak,**ZRK** ma publiczne API v1 dla Zintegrowanego Rejestru Kwalifikacji.,§47: sprawdzić prawa,YES — korekta / ograniczenie / niepotwierdzona teza,R047: O*NET DB CC BY4 z obowiązkami; ZRK/INFO dostępność nie jest licencją,PRIMARY LICENSE S07; PL NOT VERIFIED,LICENSE GATE,ACCEPT WITH MODIFICATION,"08,17",R047
WEB-0521-01,WEB,11,521,11. Transferable Skills Data / Polska,Licencja umożliwiająca masowe komercyjne reuse wszystkich danych INFOdoradca+/ZRK w dokładnie planowanym modelu Faro:,RECOMMENDATION / INTERPRETATION,INFOdoradca/ZRK/O*NET,Nie rdzeń,Brak,Licencja umożliwiająca masowe komercyjne reuse wszystkich danych INFOdoradca+/ZRK w dokładnie planowanym modelu Faro:,§47: sprawdzić prawa,YES — korekta / ograniczenie / niepotwierdzona teza,R047: O*NET DB CC BY4 z obowiązkami; ZRK/INFO dostępność nie jest licencją,PRIMARY LICENSE S07; PL NOT VERIFIED,LICENSE GATE,ACCEPT WITH MODIFICATION,"08,17",R047
WEB-0523-01,WEB,11,523,11. Transferable Skills Data / Polska,**NOT VERIFIED.**,RECOMMENDATION / INTERPRETATION,AI tłumaczy doświadczenie,Confirmed/inferred/unknown,Weryfikacja deklaracji,**NOT VERIFIED.**,"§5,33: każda propozycja zatwierdzana",NO — zachowanie/doprecyzowanie,R004: Proposal nie jest SkillClaim; tytuł pracy nie dowodzi wykonywania czynności,FOUNDER DECISION,AI/GDPR REVIEW,ACCEPT WITH MODIFICATION,"05,08",R004
WEB-0527-01,WEB,11,527,11. Transferable Skills Data / Rekomendowana architektura,`ESCO`,RECOMMENDATION / INTERPRETATION,ESCO,Mała ręczna taksonomia,Standardy potrzebne,`ESCO`,§47: nie od zera,YES — korekta / ograniczenie / niepotwierdzona teza,R046: Stabilne URI i wersja; license manifest per dataset/pillar,PRIMARY DATA/LICENSE S06,LICENSE GATE,ACCEPT WITH MODIFICATION,"08,17",R046
WEB-0528-01,WEB,11,528,11. Transferable Skills Data / Rekomendowana architektura,↓,RECOMMENDATION / INTERPRETATION,AI tłumaczy doświadczenie,Confirmed/inferred/unknown,Weryfikacja deklaracji,↓,"§5,33: każda propozycja zatwierdzana",NO — zachowanie/doprecyzowanie,R004: Proposal nie jest SkillClaim; tytuł pracy nie dowodzi wykonywania czynności,FOUNDER DECISION,AI/GDPR REVIEW,ACCEPT WITH MODIFICATION,"05,08",R004
WEB-0529-01,WEB,11,529,11. Transferable Skills Data / Rekomendowana architektura,`Polish aliases / terminology`,RECOMMENDATION / INTERPRETATION,AI tłumaczy doświadczenie,Confirmed/inferred/unknown,Weryfikacja deklaracji,`Polish aliases / terminology`,"§5,33: każda propozycja zatwierdzana",NO — zachowanie/doprecyzowanie,R004: Proposal nie jest SkillClaim; tytuł pracy nie dowodzi wykonywania czynności,FOUNDER DECISION,AI/GDPR REVIEW,ACCEPT WITH MODIFICATION,"05,08",R004
WEB-0530-01,WEB,11,530,11. Transferable Skills Data / Rekomendowana architektura,↓,RECOMMENDATION / INTERPRETATION,AI tłumaczy doświadczenie,Confirmed/inferred/unknown,Weryfikacja deklaracji,↓,"§5,33: każda propozycja zatwierdzana",NO — zachowanie/doprecyzowanie,R004: Proposal nie jest SkillClaim; tytuł pracy nie dowodzi wykonywania czynności,FOUNDER DECISION,AI/GDPR REVIEW,ACCEPT WITH MODIFICATION,"05,08",R004
WEB-0531-01,WEB,11,531,11. Transferable Skills Data / Rekomendowana architektura,`INFOdoradca / ZRK enrichment`,RECOMMENDATION / INTERPRETATION,INFOdoradca/ZRK/O*NET,Nie rdzeń,Brak,`INFOdoradca / ZRK enrichment`,§47: sprawdzić prawa,YES — korekta / ograniczenie / niepotwierdzona teza,R047: O*NET DB CC BY4 z obowiązkami; ZRK/INFO dostępność nie jest licencją,PRIMARY LICENSE S07; PL NOT VERIFIED,LICENSE GATE,ACCEPT WITH MODIFICATION,"08,17",R047
WEB-0532-01,WEB,11,532,11. Transferable Skills Data / Rekomendowana architektura,↓,RECOMMENDATION / INTERPRETATION,AI tłumaczy doświadczenie,Confirmed/inferred/unknown,Weryfikacja deklaracji,↓,"§5,33: każda propozycja zatwierdzana",NO — zachowanie/doprecyzowanie,R004: Proposal nie jest SkillClaim; tytuł pracy nie dowodzi wykonywania czynności,FOUNDER DECISION,AI/GDPR REVIEW,ACCEPT WITH MODIFICATION,"05,08",R004
WEB-0533-01,WEB,11,533,11. Transferable Skills Data / Rekomendowana architektura,`optional O*NET mappings`,RECOMMENDATION / INTERPRETATION,INFOdoradca/ZRK/O*NET,Nie rdzeń,Brak,`optional O*NET mappings`,§47: sprawdzić prawa,YES — korekta / ograniczenie / niepotwierdzona teza,R047: O*NET DB CC BY4 z obowiązkami; ZRK/INFO dostępność nie jest licencją,PRIMARY LICENSE S07; PL NOT VERIFIED,LICENSE GATE,ACCEPT WITH MODIFICATION,"08,17",R047
WEB-0534-01,WEB,11,534,11. Transferable Skills Data / Rekomendowana architektura,↓,RECOMMENDATION / INTERPRETATION,AI tłumaczy doświadczenie,Confirmed/inferred/unknown,Weryfikacja deklaracji,↓,"§5,33: każda propozycja zatwierdzana",NO — zachowanie/doprecyzowanie,R004: Proposal nie jest SkillClaim; tytuł pracy nie dowodzi wykonywania czynności,FOUNDER DECISION,AI/GDPR REVIEW,ACCEPT WITH MODIFICATION,"05,08",R004
WEB-0535-01,WEB,11,535,11. Transferable Skills Data / Rekomendowana architektura,`Faro empirical skill graph`,RECOMMENDATION / INTERPRETATION,AI tłumaczy doświadczenie,Confirmed/inferred/unknown,Weryfikacja deklaracji,`Faro empirical skill graph`,"§5,33: każda propozycja zatwierdzana",NO — zachowanie/doprecyzowanie,R004: Proposal nie jest SkillClaim; tytuł pracy nie dowodzi wykonywania czynności,FOUNDER DECISION,AI/GDPR REVIEW,ACCEPT WITH MODIFICATION,"05,08",R004
WEB-0537-01,WEB,11,537,11. Transferable Skills Data / Rekomendowana architektura,Faro następnie może nauczyć się np.:,RECOMMENDATION / INTERPRETATION,AI tłumaczy doświadczenie,Confirmed/inferred/unknown,Weryfikacja deklaracji,Faro następnie może nauczyć się np.:,"§5,33: każda propozycja zatwierdzana",NO — zachowanie/doprecyzowanie,R004: Proposal nie jest SkillClaim; tytuł pracy nie dowodzi wykonywania czynności,FOUNDER DECISION,AI/GDPR REVIEW,ACCEPT WITH MODIFICATION,"05,08",R004
WEB-0539-01,WEB,11,539,11. Transferable Skills Data / Rekomendowana architektura,> magazynier → skanery / stock accuracy / SOP / inventory handling / tempo / safety / shift work,RECOMMENDATION / INTERPRETATION,AI tłumaczy doświadczenie,Confirmed/inferred/unknown,Weryfikacja deklaracji,> magazynier → skanery / stock accuracy / SOP / inventory handling / tempo / safety / shift work,"§5,33: każda propozycja zatwierdzana",NO — zachowanie/doprecyzowanie,R004: Proposal nie jest SkillClaim; tytuł pracy nie dowodzi wykonywania czynności,FOUNDER DECISION,AI/GDPR REVIEW,ACCEPT WITH MODIFICATION,"05,08",R004
WEB-0540-01,WEB,11,540,11. Transferable Skills Data / Rekomendowana architektura,> gastronomia → customer interaction / prioritisation / teamwork / cash handling / pressure management,RECOMMENDATION / INTERPRETATION,AI tłumaczy doświadczenie,Confirmed/inferred/unknown,Weryfikacja deklaracji,> gastronomia → customer interaction / prioritisation / teamwork / cash handling / pressure management,"§5,33: każda propozycja zatwierdzana",NO — zachowanie/doprecyzowanie,R004: Proposal nie jest SkillClaim; tytuł pracy nie dowodzi wykonywania czynności,FOUNDER DECISION,AI/GDPR REVIEW,ACCEPT WITH MODIFICATION,"05,08",R004
WEB-0541-01,WEB,11,541,11. Transferable Skills Data / Rekomendowana architektura,> opiekun klienta → CRM / conflict handling / negotiation / written communication,RECOMMENDATION / INTERPRETATION,AI tłumaczy doświadczenie,Confirmed/inferred/unknown,Weryfikacja deklaracji,> opiekun klienta → CRM / conflict handling / negotiation / written communication,"§5,33: każda propozycja zatwierdzana",NO — zachowanie/doprecyzowanie,R004: Proposal nie jest SkillClaim; tytuł pracy nie dowodzi wykonywania czynności,FOUNDER DECISION,AI/GDPR REVIEW,ACCEPT WITH MODIFICATION,"05,08",R004
WEB-0543-01,WEB,11,543,11. Transferable Skills Data / Rekomendowana architektura,Ale system powinien mówić:,RECOMMENDATION / INTERPRETATION,AI tłumaczy doświadczenie,Confirmed/inferred/unknown,Weryfikacja deklaracji,Ale system powinien mówić:,"§5,33: każda propozycja zatwierdzana",NO — zachowanie/doprecyzowanie,R004: Proposal nie jest SkillClaim; tytuł pracy nie dowodzi wykonywania czynności,FOUNDER DECISION,AI/GDPR REVIEW,ACCEPT WITH MODIFICATION,"05,08",R004
WEB-0545-01,WEB,11,545,11. Transferable Skills Data / Rekomendowana architektura,**„Na podstawie Twojego doświadczenia prawdopodobnie używałeś tych umiejętności. Potwierdź lub popraw.”**,RECOMMENDATION / INTERPRETATION,AI tłumaczy doświadczenie,Confirmed/inferred/unknown,Weryfikacja deklaracji,**„Na podstawie Twojego doświadczenia prawdopodobnie używałeś tych umiejętności. Potwierdź lub popraw.”**,"§5,33: każda propozycja zatwierdzana",NO — zachowanie/doprecyzowanie,R004: Proposal nie jest SkillClaim; tytuł pracy nie dowodzi wykonywania czynności,FOUNDER DECISION,AI/GDPR REVIEW,ACCEPT WITH MODIFICATION,"05,08",R004
WEB-0547-01,WEB,11,547,11. Transferable Skills Data / Rekomendowana architektura,Nie:,RECOMMENDATION / INTERPRETATION,AI tłumaczy doświadczenie,Confirmed/inferred/unknown,Weryfikacja deklaracji,Nie:,"§5,33: każda propozycja zatwierdzana",NO — zachowanie/doprecyzowanie,R004: Proposal nie jest SkillClaim; tytuł pracy nie dowodzi wykonywania czynności,FOUNDER DECISION,AI/GDPR REVIEW,ACCEPT WITH MODIFICATION,"05,08",R004
WEB-0549-01,WEB,11,549,11. Transferable Skills Data / Rekomendowana architektura,**„Masz tę kompetencję.”**,RECOMMENDATION / INTERPRETATION,AI tłumaczy doświadczenie,Confirmed/inferred/unknown,Weryfikacja deklaracji,**„Masz tę kompetencję.”**,"§5,33: każda propozycja zatwierdzana",NO — zachowanie/doprecyzowanie,R004: Proposal nie jest SkillClaim; tytuł pracy nie dowodzi wykonywania czynności,FOUNDER DECISION,AI/GDPR REVIEW,ACCEPT WITH MODIFICATION,"05,08",R004
WEB-0555-01,WEB,12,555,12. Commute Data Sources,"Ta funkcja jest wykonalna, ale nie jednym API.",RECOMMENDATION / INTERPRETATION,Routing/tariff,Koszty nie gotowe,Dojazd ma znaczenie,"Ta funkcja jest wykonalna, ale nie jednym API.",§48: warstwy oddzielne,NO — zachowanie/doprecyzowanie,"R048: Nieznana taryfa=null, nie0; transitFare nie zawsze dostępne",PRIMARY DOC S08,LICENSE REVIEW,ACCEPT WITH MODIFICATION,13,R048
WEB-0559-01,WEB,12,559,12. Commute Data Sources / Routing,Google Routes API daje:,RECOMMENDATION / INTERPRETATION,Routing/tariff,Koszty nie gotowe,Dojazd ma znaczenie,Google Routes API daje:,§48: warstwy oddzielne,NO — zachowanie/doprecyzowanie,"R048: Nieznana taryfa=null, nie0; transitFare nie zawsze dostępne",PRIMARY DOC S08,LICENSE REVIEW,ACCEPT WITH MODIFICATION,13,R048
WEB-0561-01,WEB,12,561,12. Commute Data Sources / Routing,"- driving,",RECOMMENDATION / INTERPRETATION,Routing/tariff,Koszty nie gotowe,Dojazd ma znaczenie,"- driving,",§48: warstwy oddzielne,NO — zachowanie/doprecyzowanie,"R048: Nieznana taryfa=null, nie0; transitFare nie zawsze dostępne",PRIMARY DOC S08,LICENSE REVIEW,ACCEPT WITH MODIFICATION,13,R048
WEB-0562-01,WEB,12,562,12. Commute Data Sources / Routing,"- transit,",RECOMMENDATION / INTERPRETATION,Routing/tariff,Koszty nie gotowe,Dojazd ma znaczenie,"- transit,",§48: warstwy oddzielne,NO — zachowanie/doprecyzowanie,"R048: Nieznana taryfa=null, nie0; transitFare nie zawsze dostępne",PRIMARY DOC S08,LICENSE REVIEW,ACCEPT WITH MODIFICATION,13,R048
WEB-0563-01,WEB,12,563,12. Commute Data Sources / Routing,"- duration,",RECOMMENDATION / INTERPRETATION,Routing/tariff,Koszty nie gotowe,Dojazd ma znaczenie,"- duration,",§48: warstwy oddzielne,NO — zachowanie/doprecyzowanie,"R048: Nieznana taryfa=null, nie0; transitFare nie zawsze dostępne",PRIMARY DOC S08,LICENSE REVIEW,ACCEPT WITH MODIFICATION,13,R048
WEB-0564-01,WEB,12,564,12. Commute Data Sources / Routing,"- distance,",RECOMMENDATION / INTERPRETATION,Routing/tariff,Koszty nie gotowe,Dojazd ma znaczenie,"- distance,",§48: warstwy oddzielne,NO — zachowanie/doprecyzowanie,"R048: Nieznana taryfa=null, nie0; transitFare nie zawsze dostępne",PRIMARY DOC S08,LICENSE REVIEW,ACCEPT WITH MODIFICATION,13,R048
WEB-0565-01,WEB,12,565,12. Commute Data Sources / Routing,"- traffic-aware routes,",RECOMMENDATION / INTERPRETATION,Routing/tariff,Koszty nie gotowe,Dojazd ma znaczenie,"- traffic-aware routes,",§48: warstwy oddzielne,NO — zachowanie/doprecyzowanie,"R048: Nieznana taryfa=null, nie0; transitFare nie zawsze dostępne",PRIMARY DOC S08,LICENSE REVIEW,ACCEPT WITH MODIFICATION,13,R048
WEB-0566-01,WEB,12,566,12. Commute Data Sources / Routing,"- transit details,",RECOMMENDATION / INTERPRETATION,Routing/tariff,Koszty nie gotowe,Dojazd ma znaczenie,"- transit details,",§48: warstwy oddzielne,NO — zachowanie/doprecyzowanie,"R048: Nieznana taryfa=null, nie0; transitFare nie zawsze dostępne",PRIMARY DOC S08,LICENSE REVIEW,ACCEPT WITH MODIFICATION,13,R048
WEB-0567-01,WEB,12,567,12. Commute Data Sources / Routing,- wybrane dodatkowe parametry.,RECOMMENDATION / INTERPRETATION,Routing/tariff,Koszty nie gotowe,Dojazd ma znaczenie,- wybrane dodatkowe parametry.,§48: warstwy oddzielne,NO — zachowanie/doprecyzowanie,"R048: Nieznana taryfa=null, nie0; transitFare nie zawsze dostępne",PRIMARY DOC S08,LICENSE REVIEW,ACCEPT WITH MODIFICATION,13,R048
WEB-0569-01,WEB,12,569,12. Commute Data Sources / Routing,"W przypadku transit może zwrócić estimated fare **tylko wtedy, gdy potrafi wyliczyć fare dla wszystkich odcinków**.",RECOMMENDATION / INTERPRETATION,Routing/tariff,Koszty nie gotowe,Dojazd ma znaczenie,"W przypadku transit może zwrócić estimated fare **tylko wtedy, gdy potrafi wyliczyć fare dla wszystkich odcinków**.",§48: warstwy oddzielne,NO — zachowanie/doprecyzowanie,"R048: Nieznana taryfa=null, nie0; transitFare nie zawsze dostępne",PRIMARY DOC S08,LICENSE REVIEW,ACCEPT WITH MODIFICATION,13,R048
WEB-0571-01,WEB,12,571,12. Commute Data Sources / Routing,To oznacza:,RECOMMENDATION / INTERPRETATION,Routing/tariff,Koszty nie gotowe,Dojazd ma znaczenie,To oznacza:,§48: warstwy oddzielne,NO — zachowanie/doprecyzowanie,"R048: Nieznana taryfa=null, nie0; transitFare nie zawsze dostępne",PRIMARY DOC S08,LICENSE REVIEW,ACCEPT WITH MODIFICATION,13,R048
WEB-0573-01,WEB,12,573,12. Commute Data Sources / Routing,"**nie wolno projektować kalkulatora Faro z założeniem, że Google zwróci cenę całej komunikacji publicznej w Polsce.**",RECOMMENDATION / INTERPRETATION,Routing/tariff,Koszty nie gotowe,Dojazd ma znaczenie,"**nie wolno projektować kalkulatora Faro z założeniem, że Google zwróci cenę całej komunikacji publicznej w Polsce.**",§48: warstwy oddzielne,NO — zachowanie/doprecyzowanie,"R048: Nieznana taryfa=null, nie0; transitFare nie zawsze dostępne",PRIMARY DOC S08,LICENSE REVIEW,ACCEPT WITH MODIFICATION,13,R048
WEB-0575-01,WEB,12,575,12. Commute Data Sources / Routing,"Google Routes jest pay-as-you-go; Compute Routes płatne per query, Route Matrix per element.",RECOMMENDATION / INTERPRETATION,Employer monetization,WTP i płatny pilot przed skalą,Brak rozstrzygnięcia,"Google Routes jest pay-as-you-go; Compute Routes płatne per query, Route Matrix per element.",§37: później po pozycji rynkowej,YES — korekta / ograniczenie / niepotwierdzona teza,"R034: P5 narzędzia po walidacji, nie zasoby lepszych kandydatów",FOUNDER DECISION; WTP UNKNOWN,B2B TERMS REVIEW,ACCEPT WITH MODIFICATION,"04,16,18",R034
WEB-0579-01,WEB,12,579,12. Commute Data Sources / Paliwo,"Najlepszy publiczny benchmark znalazłem w **European Commission Weekly Oil Bulletin**, aktualizowanym co tydzień. Ostatni dostępny podczas researchu: **10 września 2026 r.** — ceny z podatkami i bez podatków dla państw UE.",RECOMMENDATION / INTERPRETATION,Netto engine,Niepełny,Nie waliduje podatków,"Najlepszy publiczny benchmark znalazłem w **European Commission Weekly Oil Bulletin**, aktualizowanym co tydzień. Ostatni dostępny podczas researchu: **10 września 2026 r.** — ceny z podatkami i bez podatków dla państw UE.",§49: netto nie własnością oferty,NO — zachowanie/doprecyzowanie,R049: Scenariusz użytkownika + wersja prawa + zakres niepewności,FOUNDER DECISION; podatki REVIEW,TAX GATE,ACCEPT WITH MODIFICATION,13,R049
WEB-0581-01,WEB,12,581,12. Commute Data Sources / Paliwo,To dobre do nationwide benchmark.,RECOMMENDATION / INTERPRETATION,Nationwide,Trójmiasto/operacje jako pierwszy rynek,Nationwide nie usuwa nierówności,To dobre do nationwide benchmark.,§39: publicznie cała Polska,YES — korekta / ograniczenie / niepotwierdzona teza,R036: Żadnego geofence; budżet kampanii można koncentrować w komórkach,FOUNDER DECISION; liquidity risk,MARKETING REVIEW,ACCEPT WITH MODIFICATION,"15,16,18",R036
WEB-0583-01,WEB,12,583,12. Commute Data Sources / Paliwo,Nie wystarczy jednak do:,RECOMMENDATION / INTERPRETATION,Routing/tariff,Koszty nie gotowe,Dojazd ma znaczenie,Nie wystarczy jednak do:,§48: warstwy oddzielne,NO — zachowanie/doprecyzowanie,"R048: Nieznana taryfa=null, nie0; transitFare nie zawsze dostępne",PRIMARY DOC S08,LICENSE REVIEW,ACCEPT WITH MODIFICATION,13,R048
WEB-0585-01,WEB,12,585,12. Commute Data Sources / Paliwo,"- dokładnej lokalnej stacji,",RECOMMENDATION / INTERPRETATION,Routing/tariff,Koszty nie gotowe,Dojazd ma znaczenie,"- dokładnej lokalnej stacji,",§48: warstwy oddzielne,NO — zachowanie/doprecyzowanie,"R048: Nieznana taryfa=null, nie0; transitFare nie zawsze dostępne",PRIMARY DOC S08,LICENSE REVIEW,ACCEPT WITH MODIFICATION,13,R048
WEB-0586-01,WEB,12,586,12. Commute Data Sources / Paliwo,"- każdej odmiany benzyny,",RECOMMENDATION / INTERPRETATION,Routing/tariff,Koszty nie gotowe,Dojazd ma znaczenie,"- każdej odmiany benzyny,",§48: warstwy oddzielne,NO — zachowanie/doprecyzowanie,"R048: Nieznana taryfa=null, nie0; transitFare nie zawsze dostępne",PRIMARY DOC S08,LICENSE REVIEW,ACCEPT WITH MODIFICATION,13,R048
WEB-0587-01,WEB,12,587,12. Commute Data Sources / Paliwo,"- pełnego LPG/local,",RECOMMENDATION / INTERPRETATION,Routing/tariff,Koszty nie gotowe,Dojazd ma znaczenie,"- pełnego LPG/local,",§48: warstwy oddzielne,NO — zachowanie/doprecyzowanie,"R048: Nieznana taryfa=null, nie0; transitFare nie zawsze dostępne",PRIMARY DOC S08,LICENSE REVIEW,ACCEPT WITH MODIFICATION,13,R048
WEB-0588-01,WEB,12,588,12. Commute Data Sources / Paliwo,- EV charging.,RECOMMENDATION / INTERPRETATION,Routing/tariff,Koszty nie gotowe,Dojazd ma znaczenie,- EV charging.,§48: warstwy oddzielne,NO — zachowanie/doprecyzowanie,"R048: Nieznana taryfa=null, nie0; transitFare nie zawsze dostępne",PRIMARY DOC S08,LICENSE REVIEW,ACCEPT WITH MODIFICATION,13,R048
WEB-0592-01,WEB,12,592,12. Commute Data Sources / Public transport,Polska jest fragmentaryczna:,RECOMMENDATION / INTERPRETATION,Routing/tariff,Koszty nie gotowe,Dojazd ma znaczenie,Polska jest fragmentaryczna:,§48: warstwy oddzielne,NO — zachowanie/doprecyzowanie,"R048: Nieznana taryfa=null, nie0; transitFare nie zawsze dostępne",PRIMARY DOC S08,LICENSE REVIEW,ACCEPT WITH MODIFICATION,13,R048
WEB-0594-01,WEB,12,594,12. Commute Data Sources / Public transport,"- część operatorów udostępnia GTFS,",RECOMMENDATION / INTERPRETATION,Routing/tariff,Koszty nie gotowe,Dojazd ma znaczenie,"- część operatorów udostępnia GTFS,",§48: warstwy oddzielne,NO — zachowanie/doprecyzowanie,"R048: Nieznana taryfa=null, nie0; transitFare nie zawsze dostępne",PRIMARY DOC S08,LICENSE REVIEW,ACCEPT WITH MODIFICATION,13,R048
WEB-0595-01,WEB,12,595,12. Commute Data Sources / Public transport,"- część GTFS-Realtime,",RECOMMENDATION / INTERPRETATION,Routing/tariff,Koszty nie gotowe,Dojazd ma znaczenie,"- część GTFS-Realtime,",§48: warstwy oddzielne,NO — zachowanie/doprecyzowanie,"R048: Nieznana taryfa=null, nie0; transitFare nie zawsze dostępne",PRIMARY DOC S08,LICENSE REVIEW,ACCEPT WITH MODIFICATION,13,R048
WEB-0596-01,WEB,12,596,12. Commute Data Sources / Public transport,"- kolej ma osobne taryfy,",RECOMMENDATION / INTERPRETATION,Routing/tariff,Koszty nie gotowe,Dojazd ma znaczenie,"- kolej ma osobne taryfy,",§48: warstwy oddzielne,NO — zachowanie/doprecyzowanie,"R048: Nieznana taryfa=null, nie0; transitFare nie zawsze dostępne",PRIMARY DOC S08,LICENSE REVIEW,ACCEPT WITH MODIFICATION,13,R048
WEB-0597-01,WEB,12,597,12. Commute Data Sources / Public transport,"- miasta mają własne cenniki,",RECOMMENDATION / INTERPRETATION,Routing/tariff,Koszty nie gotowe,Dojazd ma znaczenie,"- miasta mają własne cenniki,",§48: warstwy oddzielne,NO — zachowanie/doprecyzowanie,"R048: Nieznana taryfa=null, nie0; transitFare nie zawsze dostępne",PRIMARY DOC S08,LICENSE REVIEW,ACCEPT WITH MODIFICATION,13,R048
WEB-0598-01,WEB,12,598,12. Commute Data Sources / Public transport,- taryfy integracyjne komplikują sytuację.,RECOMMENDATION / INTERPRETATION,Routing/tariff,Koszty nie gotowe,Dojazd ma znaczenie,- taryfy integracyjne komplikują sytuację.,§48: warstwy oddzielne,NO — zachowanie/doprecyzowanie,"R048: Nieznana taryfa=null, nie0; transitFare nie zawsze dostępne",PRIMARY DOC S08,LICENSE REVIEW,ACCEPT WITH MODIFICATION,13,R048
WEB-0600-01,WEB,12,600,12. Commute Data Sources / Public transport,Dlatego architektura powinna być:,RECOMMENDATION / INTERPRETATION,Routing/tariff,Koszty nie gotowe,Dojazd ma znaczenie,Dlatego architektura powinna być:,§48: warstwy oddzielne,NO — zachowanie/doprecyzowanie,"R048: Nieznana taryfa=null, nie0; transitFare nie zawsze dostępne",PRIMARY DOC S08,LICENSE REVIEW,ACCEPT WITH MODIFICATION,13,R048
WEB-0602-01,WEB,12,602,12. Commute Data Sources / Public transport,**routing layer**,RECOMMENDATION / INTERPRETATION,Routing/tariff,Koszty nie gotowe,Dojazd ma znaczenie,**routing layer**,§48: warstwy oddzielne,NO — zachowanie/doprecyzowanie,"R048: Nieznana taryfa=null, nie0; transitFare nie zawsze dostępne",PRIMARY DOC S08,LICENSE REVIEW,ACCEPT WITH MODIFICATION,13,R048
WEB-0603-01,WEB,12,603,12. Commute Data Sources / Public transport,+,RECOMMENDATION / INTERPRETATION,Routing/tariff,Koszty nie gotowe,Dojazd ma znaczenie,+,§48: warstwy oddzielne,NO — zachowanie/doprecyzowanie,"R048: Nieznana taryfa=null, nie0; transitFare nie zawsze dostępne",PRIMARY DOC S08,LICENSE REVIEW,ACCEPT WITH MODIFICATION,13,R048
WEB-0604-01,WEB,12,604,12. Commute Data Sources / Public transport,**tariff adapters**,RECOMMENDATION / INTERPRETATION,Routing/tariff,Koszty nie gotowe,Dojazd ma znaczenie,**tariff adapters**,§48: warstwy oddzielne,NO — zachowanie/doprecyzowanie,"R048: Nieznana taryfa=null, nie0; transitFare nie zawsze dostępne",PRIMARY DOC S08,LICENSE REVIEW,ACCEPT WITH MODIFICATION,13,R048
WEB-0605-01,WEB,12,605,12. Commute Data Sources / Public transport,+,RECOMMENDATION / INTERPRETATION,Routing/tariff,Koszty nie gotowe,Dojazd ma znaczenie,+,§48: warstwy oddzielne,NO — zachowanie/doprecyzowanie,"R048: Nieznana taryfa=null, nie0; transitFare nie zawsze dostępne",PRIMARY DOC S08,LICENSE REVIEW,ACCEPT WITH MODIFICATION,13,R048
WEB-0606-01,WEB,12,606,12. Commute Data Sources / Public transport,**rail/regional adapters**,RECOMMENDATION / INTERPRETATION,Routing/tariff,Koszty nie gotowe,Dojazd ma znaczenie,**rail/regional adapters**,§48: warstwy oddzielne,NO — zachowanie/doprecyzowanie,"R048: Nieznana taryfa=null, nie0; transitFare nie zawsze dostępne",PRIMARY DOC S08,LICENSE REVIEW,ACCEPT WITH MODIFICATION,13,R048
WEB-0607-01,WEB,12,607,12. Commute Data Sources / Public transport,+,RECOMMENDATION / INTERPRETATION,Routing/tariff,Koszty nie gotowe,Dojazd ma znaczenie,+,§48: warstwy oddzielne,NO — zachowanie/doprecyzowanie,"R048: Nieznana taryfa=null, nie0; transitFare nie zawsze dostępne",PRIMARY DOC S08,LICENSE REVIEW,ACCEPT WITH MODIFICATION,13,R048
WEB-0608-01,WEB,12,608,12. Commute Data Sources / Public transport,**fallback estimate**,RECOMMENDATION / INTERPRETATION,Routing/tariff,Koszty nie gotowe,Dojazd ma znaczenie,**fallback estimate**,§48: warstwy oddzielne,NO — zachowanie/doprecyzowanie,"R048: Nieznana taryfa=null, nie0; transitFare nie zawsze dostępne",PRIMARY DOC S08,LICENSE REVIEW,ACCEPT WITH MODIFICATION,13,R048
WEB-0610-01,WEB,12,610,12. Commute Data Sources / Public transport,Nigdy udawana jedna ogólnopolska cena.,RECOMMENDATION / INTERPRETATION,Routing/tariff,Koszty nie gotowe,Dojazd ma znaczenie,Nigdy udawana jedna ogólnopolska cena.,§48: warstwy oddzielne,NO — zachowanie/doprecyzowanie,"R048: Nieznana taryfa=null, nie0; transitFare nie zawsze dostępne",PRIMARY DOC S08,LICENSE REVIEW,ACCEPT WITH MODIFICATION,13,R048
WEB-0614-01,WEB,12,614,12. Commute Data Sources / Co pokazywać,Przykład:,RECOMMENDATION / INTERPRETATION,Routing/tariff,Koszty nie gotowe,Dojazd ma znaczenie,Przykład:,§48: warstwy oddzielne,NO — zachowanie/doprecyzowanie,"R048: Nieznana taryfa=null, nie0; transitFare nie zawsze dostępne",PRIMARY DOC S08,LICENSE REVIEW,ACCEPT WITH MODIFICATION,13,R048
WEB-0616-01,WEB,12,616,12. Commute Data Sources / Co pokazywać,**Dojazd autem — szacunek**,RECOMMENDATION / INTERPRETATION,Routing/tariff,Koszty nie gotowe,Dojazd ma znaczenie,**Dojazd autem — szacunek**,§48: warstwy oddzielne,NO — zachowanie/doprecyzowanie,"R048: Nieznana taryfa=null, nie0; transitFare nie zawsze dostępne",PRIMARY DOC S08,LICENSE REVIEW,ACCEPT WITH MODIFICATION,13,R048
WEB-0617-01,WEB,12,617,12. Commute Data Sources / Co pokazywać,- 38 km/dzień,RECOMMENDATION / INTERPRETATION,Routing/tariff,Koszty nie gotowe,Dojazd ma znaczenie,- 38 km/dzień,§48: warstwy oddzielne,NO — zachowanie/doprecyzowanie,"R048: Nieznana taryfa=null, nie0; transitFare nie zawsze dostępne",PRIMARY DOC S08,LICENSE REVIEW,ACCEPT WITH MODIFICATION,13,R048
WEB-0618-01,WEB,12,618,12. Commute Data Sources / Co pokazywać,- 21 dni pracy,RECOMMENDATION / INTERPRETATION,Routing/tariff,Koszty nie gotowe,Dojazd ma znaczenie,- 21 dni pracy,§48: warstwy oddzielne,NO — zachowanie/doprecyzowanie,"R048: Nieznana taryfa=null, nie0; transitFare nie zawsze dostępne",PRIMARY DOC S08,LICENSE REVIEW,ACCEPT WITH MODIFICATION,13,R048
WEB-0619-01,WEB,12,619,12. Commute Data Sources / Co pokazywać,"- spalanie użytkownika: 7,1 l/100 km",RECOMMENDATION / INTERPRETATION,Routing/tariff,Koszty nie gotowe,Dojazd ma znaczenie,"- spalanie użytkownika: 7,1 l/100 km",§48: warstwy oddzielne,NO — zachowanie/doprecyzowanie,"R048: Nieznana taryfa=null, nie0; transitFare nie zawsze dostępne",PRIMARY DOC S08,LICENSE REVIEW,ACCEPT WITH MODIFICATION,13,R048
WEB-0620-01,WEB,12,620,12. Commute Data Sources / Co pokazywać,"- cena paliwa: 7,89 zł/l",RECOMMENDATION / INTERPRETATION,Routing/tariff,Koszty nie gotowe,Dojazd ma znaczenie,"- cena paliwa: 7,89 zł/l",§48: warstwy oddzielne,NO — zachowanie/doprecyzowanie,"R048: Nieznana taryfa=null, nie0; transitFare nie zawsze dostępne",PRIMARY DOC S08,LICENSE REVIEW,ACCEPT WITH MODIFICATION,13,R048
WEB-0621-01,WEB,12,621,12. Commute Data Sources / Co pokazywać,- paliwo: ~471 zł/mies.,RECOMMENDATION / INTERPRETATION,Routing/tariff,Koszty nie gotowe,Dojazd ma znaczenie,- paliwo: ~471 zł/mies.,§48: warstwy oddzielne,NO — zachowanie/doprecyzowanie,"R048: Nieznana taryfa=null, nie0; transitFare nie zawsze dostępne",PRIMARY DOC S08,LICENSE REVIEW,ACCEPT WITH MODIFICATION,13,R048
WEB-0622-01,WEB,12,622,12. Commute Data Sources / Co pokazywać,- czas: ~17 h 40 min/mies.,RECOMMENDATION / INTERPRETATION,Routing/tariff,Koszty nie gotowe,Dojazd ma znaczenie,- czas: ~17 h 40 min/mies.,§48: warstwy oddzielne,NO — zachowanie/doprecyzowanie,"R048: Nieznana taryfa=null, nie0; transitFare nie zawsze dostępne",PRIMARY DOC S08,LICENSE REVIEW,ACCEPT WITH MODIFICATION,13,R048
WEB-0624-01,WEB,12,624,12. Commute Data Sources / Co pokazywać,I obok:,RECOMMENDATION / INTERPRETATION,Routing/tariff,Koszty nie gotowe,Dojazd ma znaczenie,I obok:,§48: warstwy oddzielne,NO — zachowanie/doprecyzowanie,"R048: Nieznana taryfa=null, nie0; transitFare nie zawsze dostępne",PRIMARY DOC S08,LICENSE REVIEW,ACCEPT WITH MODIFICATION,13,R048
WEB-0626-01,WEB,12,626,12. Commute Data Sources / Co pokazywać,**Źródło ceny:** data + provider.,RECOMMENDATION / INTERPRETATION,Routing/tariff,Koszty nie gotowe,Dojazd ma znaczenie,**Źródło ceny:** data + provider.,§48: warstwy oddzielne,NO — zachowanie/doprecyzowanie,"R048: Nieznana taryfa=null, nie0; transitFare nie zawsze dostępne",PRIMARY DOC S08,LICENSE REVIEW,ACCEPT WITH MODIFICATION,13,R048
WEB-0627-01,WEB,12,627,12. Commute Data Sources / Co pokazywać,**Ostatnia aktualizacja:** konkretna data.,RECOMMENDATION / INTERPRETATION,Routing/tariff,Koszty nie gotowe,Dojazd ma znaczenie,**Ostatnia aktualizacja:** konkretna data.,§48: warstwy oddzielne,NO — zachowanie/doprecyzowanie,"R048: Nieznana taryfa=null, nie0; transitFare nie zawsze dostępne",PRIMARY DOC S08,LICENSE REVIEW,ACCEPT WITH MODIFICATION,13,R048
WEB-0629-01,WEB,12,629,12. Commute Data Sources / Co pokazywać,To zwiększa zaufanie.,RECOMMENDATION / INTERPRETATION,Routing/tariff,Koszty nie gotowe,Dojazd ma znaczenie,To zwiększa zaufanie.,§48: warstwy oddzielne,NO — zachowanie/doprecyzowanie,"R048: Nieznana taryfa=null, nie0; transitFare nie zawsze dostępne",PRIMARY DOC S08,LICENSE REVIEW,ACCEPT WITH MODIFICATION,13,R048
WEB-0635-01,WEB,13,635,13. Salary / Netto Infrastructure,Faro nie powinno zapisywać wartości „netto” w ogłoszeniu jako jednej stałej.,RECOMMENDATION / INTERPRETATION,Netto engine,Niepełny,Nie waliduje podatków,Faro nie powinno zapisywać wartości „netto” w ogłoszeniu jako jednej stałej.,§49: netto nie własnością oferty,NO — zachowanie/doprecyzowanie,R049: Scenariusz użytkownika + wersja prawa + zakres niepewności,FOUNDER DECISION; podatki REVIEW,TAX GATE,ACCEPT WITH MODIFICATION,13,R049
WEB-0637-01,WEB,13,637,13. Salary / Netto Infrastructure,Powinno mieć **wersjonowany rules engine**.,RECOMMENDATION / INTERPRETATION,Netto engine,Niepełny,Nie waliduje podatków,Powinno mieć **wersjonowany rules engine**.,§49: netto nie własnością oferty,NO — zachowanie/doprecyzowanie,R049: Scenariusz użytkownika + wersja prawa + zakres niepewności,FOUNDER DECISION; podatki REVIEW,TAX GATE,ACCEPT WITH MODIFICATION,13,R049
WEB-0639-01,WEB,13,639,13. Salary / Netto Infrastructure,W 2026 skala PIT pozostaje 12% do 120 tys. zł podstawy i 32% powyżej; kwota zmniejszająca wynosi 3 600 zł.,RECOMMENDATION / INTERPRETATION,Netto engine,Niepełny,Nie waliduje podatków,W 2026 skala PIT pozostaje 12% do 120 tys. zł podstawy i 32% powyżej; kwota zmniejszająca wynosi 3 600 zł.,§49: netto nie własnością oferty,NO — zachowanie/doprecyzowanie,R049: Scenariusz użytkownika + wersja prawa + zakres niepewności,FOUNDER DECISION; podatki REVIEW,TAX GATE,ACCEPT WITH MODIFICATION,13,R049
WEB-0641-01,WEB,13,641,13. Salary / Netto Infrastructure,Do UoP trzeba brać pod uwagę m.in.:,RECOMMENDATION / INTERPRETATION,Netto engine,Niepełny,Nie waliduje podatków,Do UoP trzeba brać pod uwagę m.in.:,§49: netto nie własnością oferty,NO — zachowanie/doprecyzowanie,R049: Scenariusz użytkownika + wersja prawa + zakres niepewności,FOUNDER DECISION; podatki REVIEW,TAX GATE,ACCEPT WITH MODIFICATION,13,R049
WEB-0643-01,WEB,13,643,13. Salary / Netto Infrastructure,"- PIT-2,",RECOMMENDATION / INTERPRETATION,Netto engine,Niepełny,Nie waliduje podatków,"- PIT-2,",§49: netto nie własnością oferty,NO — zachowanie/doprecyzowanie,R049: Scenariusz użytkownika + wersja prawa + zakres niepewności,FOUNDER DECISION; podatki REVIEW,TAX GATE,ACCEPT WITH MODIFICATION,13,R049
WEB-0644-01,WEB,13,644,13. Salary / Netto Infrastructure,"- koszty uzyskania,",RECOMMENDATION / INTERPRETATION,Netto engine,Niepełny,Nie waliduje podatków,"- koszty uzyskania,",§49: netto nie własnością oferty,NO — zachowanie/doprecyzowanie,R049: Scenariusz użytkownika + wersja prawa + zakres niepewności,FOUNDER DECISION; podatki REVIEW,TAX GATE,ACCEPT WITH MODIFICATION,13,R049
WEB-0645-01,WEB,13,645,13. Salary / Netto Infrastructure,"- kilka źródeł zatrudnienia,",RECOMMENDATION / INTERPRETATION,Netto engine,Niepełny,Nie waliduje podatków,"- kilka źródeł zatrudnienia,",§49: netto nie własnością oferty,NO — zachowanie/doprecyzowanie,R049: Scenariusz użytkownika + wersja prawa + zakres niepewności,FOUNDER DECISION; podatki REVIEW,TAX GATE,ACCEPT WITH MODIFICATION,13,R049
WEB-0646-01,WEB,13,646,13. Salary / Netto Infrastructure,"- PPK,",RECOMMENDATION / INTERPRETATION,Netto engine,Niepełny,Nie waliduje podatków,"- PPK,",§49: netto nie własnością oferty,NO — zachowanie/doprecyzowanie,R049: Scenariusz użytkownika + wersja prawa + zakres niepewności,FOUNDER DECISION; podatki REVIEW,TAX GATE,ACCEPT WITH MODIFICATION,13,R049
WEB-0647-01,WEB,13,647,13. Salary / Netto Infrastructure,"- ulgi,",RECOMMENDATION / INTERPRETATION,Netto engine,Niepełny,Nie waliduje podatków,"- ulgi,",§49: netto nie własnością oferty,NO — zachowanie/doprecyzowanie,R049: Scenariusz użytkownika + wersja prawa + zakres niepewności,FOUNDER DECISION; podatki REVIEW,TAX GATE,ACCEPT WITH MODIFICATION,13,R049
WEB-0648-01,WEB,13,648,13. Salary / Netto Infrastructure,"- progi roczne,",RECOMMENDATION / INTERPRETATION,Netto engine,Niepełny,Nie waliduje podatków,"- progi roczne,",§49: netto nie własnością oferty,NO — zachowanie/doprecyzowanie,R049: Scenariusz użytkownika + wersja prawa + zakres niepewności,FOUNDER DECISION; podatki REVIEW,TAX GATE,ACCEPT WITH MODIFICATION,13,R049
WEB-0649-01,WEB,13,649,13. Salary / Netto Infrastructure,"- składki,",RECOMMENDATION / INTERPRETATION,Netto engine,Niepełny,Nie waliduje podatków,"- składki,",§49: netto nie własnością oferty,NO — zachowanie/doprecyzowanie,R049: Scenariusz użytkownika + wersja prawa + zakres niepewności,FOUNDER DECISION; podatki REVIEW,TAX GATE,ACCEPT WITH MODIFICATION,13,R049
WEB-0650-01,WEB,13,650,13. Salary / Netto Infrastructure,- miesiąc w roku.,RECOMMENDATION / INTERPRETATION,Netto engine,Niepełny,Nie waliduje podatków,- miesiąc w roku.,§49: netto nie własnością oferty,NO — zachowanie/doprecyzowanie,R049: Scenariusz użytkownika + wersja prawa + zakres niepewności,FOUNDER DECISION; podatki REVIEW,TAX GATE,ACCEPT WITH MODIFICATION,13,R049
WEB-0652-01,WEB,13,652,13. Salary / Netto Infrastructure,Zlecenie dodatkowo:,RECOMMENDATION / INTERPRETATION,Netto engine,Niepełny,Nie waliduje podatków,Zlecenie dodatkowo:,§49: netto nie własnością oferty,NO — zachowanie/doprecyzowanie,R049: Scenariusz użytkownika + wersja prawa + zakres niepewności,FOUNDER DECISION; podatki REVIEW,TAX GATE,ACCEPT WITH MODIFICATION,13,R049
WEB-0654-01,WEB,13,654,13. Salary / Netto Infrastructure,"- status studenta,",RECOMMENDATION / INTERPRETATION,Netto engine,Niepełny,Nie waliduje podatków,"- status studenta,",§49: netto nie własnością oferty,NO — zachowanie/doprecyzowanie,R049: Scenariusz użytkownika + wersja prawa + zakres niepewności,FOUNDER DECISION; podatki REVIEW,TAX GATE,ACCEPT WITH MODIFICATION,13,R049
WEB-0655-01,WEB,13,655,13. Salary / Netto Infrastructure,"- wiek,",RECOMMENDATION / INTERPRETATION,Netto engine,Niepełny,Nie waliduje podatków,"- wiek,",§49: netto nie własnością oferty,NO — zachowanie/doprecyzowanie,R049: Scenariusz użytkownika + wersja prawa + zakres niepewności,FOUNDER DECISION; podatki REVIEW,TAX GATE,ACCEPT WITH MODIFICATION,13,R049
WEB-0656-01,WEB,13,656,13. Salary / Netto Infrastructure,"- inne tytuły ubezpieczeniowe,",RECOMMENDATION / INTERPRETATION,Netto engine,Niepełny,Nie waliduje podatków,"- inne tytuły ubezpieczeniowe,",§49: netto nie własnością oferty,NO — zachowanie/doprecyzowanie,R049: Scenariusz użytkownika + wersja prawa + zakres niepewności,FOUNDER DECISION; podatki REVIEW,TAX GATE,ACCEPT WITH MODIFICATION,13,R049
WEB-0657-01,WEB,13,657,13. Salary / Netto Infrastructure,"- dobrowolne chorobowe,",RECOMMENDATION / INTERPRETATION,Netto engine,Niepełny,Nie waliduje podatków,"- dobrowolne chorobowe,",§49: netto nie własnością oferty,NO — zachowanie/doprecyzowanie,R049: Scenariusz użytkownika + wersja prawa + zakres niepewności,FOUNDER DECISION; podatki REVIEW,TAX GATE,ACCEPT WITH MODIFICATION,13,R049
WEB-0658-01,WEB,13,658,13. Salary / Netto Infrastructure,- KUP.,RECOMMENDATION / INTERPRETATION,Netto engine,Niepełny,Nie waliduje podatków,- KUP.,§49: netto nie własnością oferty,NO — zachowanie/doprecyzowanie,R049: Scenariusz użytkownika + wersja prawa + zakres niepewności,FOUNDER DECISION; podatki REVIEW,TAX GATE,ACCEPT WITH MODIFICATION,13,R049
WEB-0660-01,WEB,13,660,13. Salary / Netto Infrastructure,B2B:,RECOMMENDATION / INTERPRETATION,Netto engine,Niepełny,Nie waliduje podatków,B2B:,§49: netto nie własnością oferty,NO — zachowanie/doprecyzowanie,R049: Scenariusz użytkownika + wersja prawa + zakres niepewności,FOUNDER DECISION; podatki REVIEW,TAX GATE,ACCEPT WITH MODIFICATION,13,R049
WEB-0662-01,WEB,13,662,13. Salary / Netto Infrastructure,"- skala / liniowy / ryczałt,",RECOMMENDATION / INTERPRETATION,Netto engine,Niepełny,Nie waliduje podatków,"- skala / liniowy / ryczałt,",§49: netto nie własnością oferty,NO — zachowanie/doprecyzowanie,R049: Scenariusz użytkownika + wersja prawa + zakres niepewności,FOUNDER DECISION; podatki REVIEW,TAX GATE,ACCEPT WITH MODIFICATION,13,R049
WEB-0663-01,WEB,13,663,13. Salary / Netto Infrastructure,"- społeczny ZUS,",RECOMMENDATION / INTERPRETATION,Netto engine,Niepełny,Nie waliduje podatków,"- społeczny ZUS,",§49: netto nie własnością oferty,NO — zachowanie/doprecyzowanie,R049: Scenariusz użytkownika + wersja prawa + zakres niepewności,FOUNDER DECISION; podatki REVIEW,TAX GATE,ACCEPT WITH MODIFICATION,13,R049
WEB-0664-01,WEB,13,664,13. Salary / Netto Infrastructure,"- zdrowotna,",RECOMMENDATION / INTERPRETATION,Netto engine,Niepełny,Nie waliduje podatków,"- zdrowotna,",§49: netto nie własnością oferty,NO — zachowanie/doprecyzowanie,R049: Scenariusz użytkownika + wersja prawa + zakres niepewności,FOUNDER DECISION; podatki REVIEW,TAX GATE,ACCEPT WITH MODIFICATION,13,R049
WEB-0665-01,WEB,13,665,13. Salary / Netto Infrastructure,"- ulgi,",RECOMMENDATION / INTERPRETATION,Netto engine,Niepełny,Nie waliduje podatków,"- ulgi,",§49: netto nie własnością oferty,NO — zachowanie/doprecyzowanie,R049: Scenariusz użytkownika + wersja prawa + zakres niepewności,FOUNDER DECISION; podatki REVIEW,TAX GATE,ACCEPT WITH MODIFICATION,13,R049
WEB-0666-01,WEB,13,666,13. Salary / Netto Infrastructure,"- koszty,",RECOMMENDATION / INTERPRETATION,Netto engine,Niepełny,Nie waliduje podatków,"- koszty,",§49: netto nie własnością oferty,NO — zachowanie/doprecyzowanie,R049: Scenariusz użytkownika + wersja prawa + zakres niepewności,FOUNDER DECISION; podatki REVIEW,TAX GATE,ACCEPT WITH MODIFICATION,13,R049
WEB-0667-01,WEB,13,667,13. Salary / Netto Infrastructure,- VAT ≠ dochód.,RECOMMENDATION / INTERPRETATION,Netto engine,Niepełny,Nie waliduje podatków,- VAT ≠ dochód.,§49: netto nie własnością oferty,NO — zachowanie/doprecyzowanie,R049: Scenariusz użytkownika + wersja prawa + zakres niepewności,FOUNDER DECISION; podatki REVIEW,TAX GATE,ACCEPT WITH MODIFICATION,13,R049
WEB-0671-01,WEB,13,671,13. Salary / Netto Infrastructure / Interfejs,Nie:,RECOMMENDATION / INTERPRETATION,Netto engine,Niepełny,Nie waliduje podatków,Nie:,§49: netto nie własnością oferty,NO — zachowanie/doprecyzowanie,R049: Scenariusz użytkownika + wersja prawa + zakres niepewności,FOUNDER DECISION; podatki REVIEW,TAX GATE,ACCEPT WITH MODIFICATION,13,R049
WEB-0673-01,WEB,13,673,13. Salary / Netto Infrastructure / Interfejs,"> **„Dostaniesz 7 842,17 zł.”**",RECOMMENDATION / INTERPRETATION,Netto engine,Niepełny,Nie waliduje podatków,"> **„Dostaniesz 7 842,17 zł.”**",§49: netto nie własnością oferty,NO — zachowanie/doprecyzowanie,R049: Scenariusz użytkownika + wersja prawa + zakres niepewności,FOUNDER DECISION; podatki REVIEW,TAX GATE,ACCEPT WITH MODIFICATION,13,R049
WEB-0675-01,WEB,13,675,13. Salary / Netto Infrastructure / Interfejs,Lepiej:,RECOMMENDATION / INTERPRETATION,Netto engine,Niepełny,Nie waliduje podatków,Lepiej:,§49: netto nie własnością oferty,NO — zachowanie/doprecyzowanie,R049: Scenariusz użytkownika + wersja prawa + zakres niepewności,FOUNDER DECISION; podatki REVIEW,TAX GATE,ACCEPT WITH MODIFICATION,13,R049
WEB-0677-01,WEB,13,677,13. Salary / Netto Infrastructure / Interfejs,> **Szacowane netto: ok. 7 840 zł / mies.**,RECOMMENDATION / INTERPRETATION,Netto engine,Niepełny,Nie waliduje podatków,> **Szacowane netto: ok. 7 840 zł / mies.**,§49: netto nie własnością oferty,NO — zachowanie/doprecyzowanie,R049: Scenariusz użytkownika + wersja prawa + zakres niepewności,FOUNDER DECISION; podatki REVIEW,TAX GATE,ACCEPT WITH MODIFICATION,13,R049
WEB-0678-01,WEB,13,678,13. Salary / Netto Infrastructure / Interfejs,"> Założenia: UoP, PIT-2, standardowe KUP, bez PPK, reguły podatkowe 2026.",RECOMMENDATION / INTERPRETATION,Netto engine,Niepełny,Nie waliduje podatków,"> Założenia: UoP, PIT-2, standardowe KUP, bez PPK, reguły podatkowe 2026.",§49: netto nie własnością oferty,NO — zachowanie/doprecyzowanie,R049: Scenariusz użytkownika + wersja prawa + zakres niepewności,FOUNDER DECISION; podatki REVIEW,TAX GATE,ACCEPT WITH MODIFICATION,13,R049
WEB-0679-01,WEB,13,679,13. Salary / Netto Infrastructure / Interfejs,> Twoja rzeczywista wypłata może się różnić.,RECOMMENDATION / INTERPRETATION,Netto engine,Niepełny,Nie waliduje podatków,> Twoja rzeczywista wypłata może się różnić.,§49: netto nie własnością oferty,NO — zachowanie/doprecyzowanie,R049: Scenariusz użytkownika + wersja prawa + zakres niepewności,FOUNDER DECISION; podatki REVIEW,TAX GATE,ACCEPT WITH MODIFICATION,13,R049
WEB-0681-01,WEB,13,681,13. Salary / Netto Infrastructure / Interfejs,Dla skomplikowanych przypadków pokazać scenariusze.,RECOMMENDATION / INTERPRETATION,Netto engine,Niepełny,Nie waliduje podatków,Dla skomplikowanych przypadków pokazać scenariusze.,§49: netto nie własnością oferty,NO — zachowanie/doprecyzowanie,R049: Scenariusz użytkownika + wersja prawa + zakres niepewności,FOUNDER DECISION; podatki REVIEW,TAX GATE,ACCEPT WITH MODIFICATION,13,R049
WEB-0683-01,WEB,13,683,13. Salary / Netto Infrastructure / Interfejs,Jeszcze lepiej:,RECOMMENDATION / INTERPRETATION,Netto engine,Niepełny,Nie waliduje podatków,Jeszcze lepiej:,§49: netto nie własnością oferty,NO — zachowanie/doprecyzowanie,R049: Scenariusz użytkownika + wersja prawa + zakres niepewności,FOUNDER DECISION; podatki REVIEW,TAX GATE,ACCEPT WITH MODIFICATION,13,R049
WEB-0687-01,WEB,13,687,13. Salary / Netto Infrastructure / FARO Effective Job Value,**Netto**,RECOMMENDATION / INTERPRETATION,Netto engine,Niepełny,Nie waliduje podatków,**Netto**,§49: netto nie własnością oferty,NO — zachowanie/doprecyzowanie,R049: Scenariusz użytkownika + wersja prawa + zakres niepewności,FOUNDER DECISION; podatki REVIEW,TAX GATE,ACCEPT WITH MODIFICATION,13,R049
WEB-0688-01,WEB,13,688,13. Salary / Netto Infrastructure / FARO Effective Job Value,− **koszt dojazdu**,RECOMMENDATION / INTERPRETATION,Routing/tariff,Koszty nie gotowe,Dojazd ma znaczenie,− **koszt dojazdu**,§48: warstwy oddzielne,NO — zachowanie/doprecyzowanie,"R048: Nieznana taryfa=null, nie0; transitFare nie zawsze dostępne",PRIMARY DOC S08,LICENSE REVIEW,ACCEPT WITH MODIFICATION,13,R048
WEB-0689-01,WEB,13,689,13. Salary / Netto Infrastructure / FARO Effective Job Value,= **netto po dojeździe**,RECOMMENDATION / INTERPRETATION,Netto engine,Niepełny,Nie waliduje podatków,= **netto po dojeździe**,§49: netto nie własnością oferty,NO — zachowanie/doprecyzowanie,R049: Scenariusz użytkownika + wersja prawa + zakres niepewności,FOUNDER DECISION; podatki REVIEW,TAX GATE,ACCEPT WITH MODIFICATION,13,R049
WEB-0691-01,WEB,13,691,13. Salary / Netto Infrastructure / FARO Effective Job Value,oraz osobno:,RECOMMENDATION / INTERPRETATION,Netto engine,Niepełny,Nie waliduje podatków,oraz osobno:,§49: netto nie własnością oferty,NO — zachowanie/doprecyzowanie,R049: Scenariusz użytkownika + wersja prawa + zakres niepewności,FOUNDER DECISION; podatki REVIEW,TAX GATE,ACCEPT WITH MODIFICATION,13,R049
WEB-0693-01,WEB,13,693,13. Salary / Netto Infrastructure / FARO Effective Job Value,**czas pracy + czas dojazdu**,RECOMMENDATION / INTERPRETATION,Effective Hourly Value; Routing/tariff,Nie rdzeń,Brak rozstrzygnięcia,**czas pracy + czas dojazdu**,§22: odrzucone,YES — korekta / ograniczenie / niepotwierdzona teza,"R022: Nie implementować ani ukrytej pochodnej tej miary R048: Nieznana taryfa=null, nie0; transitFare nie zawsze dostępne",FOUNDER DECISION,NOT APPLICABLE,REJECT — FOUNDER DECISION,20,R022;R048
WEB-0695-01,WEB,13,695,13. Salary / Netto Infrastructure / FARO Effective Job Value,"Pozwala to porównać dwie oferty, które na papierze mają tę samą pensję, ale zupełnie inny realny koszt.",RECOMMENDATION / INTERPRETATION,Netto engine,Niepełny,Nie waliduje podatków,"Pozwala to porównać dwie oferty, które na papierze mają tę samą pensję, ale zupełnie inny realny koszt.",§49: netto nie własnością oferty,NO — zachowanie/doprecyzowanie,R049: Scenariusz użytkownika + wersja prawa + zakres niepewności,FOUNDER DECISION; podatki REVIEW,TAX GATE,ACCEPT WITH MODIFICATION,13,R049
WEB-0701-01,WEB,14,701,14. Legal Current Scan,"**To jest current web scan, nie opinia prawna.**",RECOMMENDATION / INTERPRETATION,KRAZ,P0 legal gate,"Najprawdopodobniej nie, bezpłatne/SaaS","**To jest current web scan, nie opinia prawna.**",§46: P0 gate,YES — korekta / ograniczenie / niepotwierdzona teza,R040: Nie ma zwolnienia tylko przez darmowość; kwalifikacja funkcji i wpis przed usługą jeśli wymagany,PRIMARY LAW S01,P0 LEGAL GATE,LEGAL REVIEW,"17,18",R040
WEB-0705-01,WEB,14,705,14. Legal Current Scan / KRAZ,"Od 1 czerwca 2025 r. obowiązuje nowa ustawa o rynku pracy i służbach zatrudnienia. Oficjalne informacje WUP/MRPiPS wskazują, że prowadzenie działalności w zakresie pośrednictwa pracy wymaga wpisu do KRAZ; wpis kosztuje 1000 zł.",RECOMMENDATION / INTERPRETATION,KRAZ,P0 legal gate,"Najprawdopodobniej nie, bezpłatne/SaaS","Od 1 czerwca 2025 r. obowiązuje nowa ustawa o rynku pracy i służbach zatrudnienia. Oficjalne informacje WUP/MRPiPS wskazują, że prowadzenie działalności w zakresie pośrednictwa pracy wymaga wpisu do KRAZ; wpis kosztuje 1000 zł.",§46: P0 gate,YES — korekta / ograniczenie / niepotwierdzona teza,R040: Nie ma zwolnienia tylko przez darmowość; kwalifikacja funkcji i wpis przed usługą jeśli wymagany,PRIMARY LAW S01,P0 LEGAL GATE,LEGAL REVIEW,"17,18",R040
WEB-0707-01,WEB,14,707,14. Legal Current Scan / KRAZ,Czy **dokładny finalny model Faro** będzie prawnie kwalifikowany jako regulowane pośrednictwo pracy:,RECOMMENDATION / INTERPRETATION,KRAZ,P0 legal gate,"Najprawdopodobniej nie, bezpłatne/SaaS",Czy **dokładny finalny model Faro** będzie prawnie kwalifikowany jako regulowane pośrednictwo pracy:,§46: P0 gate,YES — korekta / ograniczenie / niepotwierdzona teza,R040: Nie ma zwolnienia tylko przez darmowość; kwalifikacja funkcji i wpis przed usługą jeśli wymagany,PRIMARY LAW S01,P0 LEGAL GATE,LEGAL REVIEW,"17,18",R040
WEB-0709-01,WEB,14,709,14. Legal Current Scan / KRAZ,**NOT VERIFIED — wymaga formalnej opinii po zamknięciu modelu operacyjnego.**,RECOMMENDATION / INTERPRETATION,KRAZ,P0 legal gate,"Najprawdopodobniej nie, bezpłatne/SaaS",**NOT VERIFIED — wymaga formalnej opinii po zamknięciu modelu operacyjnego.**,§46: P0 gate,YES — korekta / ograniczenie / niepotwierdzona teza,R040: Nie ma zwolnienia tylko przez darmowość; kwalifikacja funkcji i wpis przed usługą jeśli wymagany,PRIMARY LAW S01,P0 LEGAL GATE,LEGAL REVIEW,"17,18",R040
WEB-0711-01,WEB,14,711,14. Legal Current Scan / KRAZ,"Nie zakładałbym, że „jesteśmy tylko platformą technologiczną” automatycznie rozwiązuje temat.",RECOMMENDATION / INTERPRETATION,KRAZ,P0 legal gate,"Najprawdopodobniej nie, bezpłatne/SaaS","Nie zakładałbym, że „jesteśmy tylko platformą technologiczną” automatycznie rozwiązuje temat.",§46: P0 gate,YES — korekta / ograniczenie / niepotwierdzona teza,R040: Nie ma zwolnienia tylko przez darmowość; kwalifikacja funkcji i wpis przed usługą jeśli wymagany,PRIMARY LAW S01,P0 LEGAL GATE,LEGAL REVIEW,"17,18",R040
WEB-0715-01,WEB,14,715,14. Legal Current Scan / Salary transparency,"Ustawa z 4 czerwca 2025 r. zmieniła Kodeks pracy, a odpowiednie przepisy weszły w życie 24 grudnia 2025 r.",RECOMMENDATION / INTERPRETATION,KRAZ,P0 legal gate,"Najprawdopodobniej nie, bezpłatne/SaaS","Ustawa z 4 czerwca 2025 r. zmieniła Kodeks pracy, a odpowiednie przepisy weszły w życie 24 grudnia 2025 r.",§46: P0 gate,YES — korekta / ograniczenie / niepotwierdzona teza,R040: Nie ma zwolnienia tylko przez darmowość; kwalifikacja funkcji i wpis przed usługą jeśli wymagany,PRIMARY LAW S01,P0 LEGAL GATE,LEGAL REVIEW,"17,18",R040
WEB-0717-01,WEB,14,717,14. Legal Current Scan / Salary transparency,PIP wskazuje m.in. obowiązek przekazania kandydatowi informacji o wynagrodzeniu/przedziale najpóźniej przed rozmową lub zawarciem umowy zależnie od ścieżki oraz neutralność języka ogłoszeń.,RECOMMENDATION / INTERPRETATION,KRAZ,P0 legal gate,"Najprawdopodobniej nie, bezpłatne/SaaS",PIP wskazuje m.in. obowiązek przekazania kandydatowi informacji o wynagrodzeniu/przedziale najpóźniej przed rozmową lub zawarciem umowy zależnie od ścieżki oraz neutralność języka ogłoszeń.,§46: P0 gate,YES — korekta / ograniczenie / niepotwierdzona teza,R040: Nie ma zwolnienia tylko przez darmowość; kwalifikacja funkcji i wpis przed usługą jeśli wymagany,PRIMARY LAW S01,P0 LEGAL GATE,LEGAL REVIEW,"17,18",R040
WEB-0719-01,WEB,14,719,14. Legal Current Scan / Salary transparency,Pełną polską implementację wszystkich elementów dyrektywy 2023/970 poza już obowiązującymi zmianami należy ponownie sprawdzić tuż przed launch:,RECOMMENDATION / INTERPRETATION,KRAZ,P0 legal gate,"Najprawdopodobniej nie, bezpłatne/SaaS",Pełną polską implementację wszystkich elementów dyrektywy 2023/970 poza już obowiązującymi zmianami należy ponownie sprawdzić tuż przed launch:,§46: P0 gate,YES — korekta / ograniczenie / niepotwierdzona teza,R040: Nie ma zwolnienia tylko przez darmowość; kwalifikacja funkcji i wpis przed usługą jeśli wymagany,PRIMARY LAW S01,P0 LEGAL GATE,LEGAL REVIEW,"17,18",R040
WEB-0721-01,WEB,14,721,14. Legal Current Scan / Salary transparency,**FINAL FULL TRANSPOSITION STATUS: należy reverify po 16.09.2026.**,RECOMMENDATION / INTERPRETATION,KRAZ,P0 legal gate,"Najprawdopodobniej nie, bezpłatne/SaaS",**FINAL FULL TRANSPOSITION STATUS: należy reverify po 16.09.2026.**,§46: P0 gate,YES — korekta / ograniczenie / niepotwierdzona teza,R040: Nie ma zwolnienia tylko przez darmowość; kwalifikacja funkcji i wpis przed usługą jeśli wymagany,PRIMARY LAW S01,P0 LEGAL GATE,LEGAL REVIEW,"17,18",R040
WEB-0725-01,WEB,14,725,14. Legal Current Scan / AI Act,To bardzo ważna aktualizacja.,RECOMMENDATION / INTERPRETATION,AI Act klasyfikacja,Ocena modułowa,Nazywa obowiązujące prawo projektem; wszystko high-risk,To bardzo ważna aktualizacja.,§46: nie usuwać funkcji z powodu ryzyka,YES — korekta / ograniczenie / niepotwierdzona teza,"R041: Purpose inventory, funkcje osobno; ranking/ocena wymagają analizy high-risk",PRIMARY REGULATOR S04,P0 LEGAL GATE,LEGAL REVIEW,"04,10,17",R041
WEB-0727-01,WEB,14,727,14. Legal Current Scan / AI Act,"AI Act jest już częściowo stosowany, ale termin dla **Annex III high-risk systems**, obejmujących m.in. użycia AI w zatrudnieniu, został przesunięty na **2 grudnia 2027 r.**",RECOMMENDATION / INTERPRETATION,AI Act klasyfikacja,Ocena modułowa,Nazywa obowiązujące prawo projektem; wszystko high-risk,"AI Act jest już częściowo stosowany, ale termin dla **Annex III high-risk systems**, obejmujących m.in. użycia AI w zatrudnieniu, został przesunięty na **2 grudnia 2027 r.**",§46: nie usuwać funkcji z powodu ryzyka,YES — korekta / ograniczenie / niepotwierdzona teza,"R041: Purpose inventory, funkcje osobno; ranking/ocena wymagają analizy high-risk",PRIMARY REGULATOR S04,P0 LEGAL GATE,LEGAL REVIEW,"04,10,17",R041
WEB-0729-01,WEB,14,729,14. Legal Current Scan / AI Act,Komisja wymienia dla high-risk m.in.:,RECOMMENDATION / INTERPRETATION,AI Act klasyfikacja,Ocena modułowa,Nazywa obowiązujące prawo projektem; wszystko high-risk,Komisja wymienia dla high-risk m.in.:,§46: nie usuwać funkcji z powodu ryzyka,YES — korekta / ograniczenie / niepotwierdzona teza,"R041: Purpose inventory, funkcje osobno; ranking/ocena wymagają analizy high-risk",PRIMARY REGULATOR S04,P0 LEGAL GATE,LEGAL REVIEW,"04,10,17",R041
WEB-0731-01,WEB,14,731,14. Legal Current Scan / AI Act,"- risk management,",RECOMMENDATION / INTERPRETATION,AI Act klasyfikacja,Ocena modułowa,Nazywa obowiązujące prawo projektem; wszystko high-risk,"- risk management,",§46: nie usuwać funkcji z powodu ryzyka,YES — korekta / ograniczenie / niepotwierdzona teza,"R041: Purpose inventory, funkcje osobno; ranking/ocena wymagają analizy high-risk",PRIMARY REGULATOR S04,P0 LEGAL GATE,LEGAL REVIEW,"04,10,17",R041
WEB-0732-01,WEB,14,732,14. Legal Current Scan / AI Act,"- data quality,",RECOMMENDATION / INTERPRETATION,AI Act klasyfikacja,Ocena modułowa,Nazywa obowiązujące prawo projektem; wszystko high-risk,"- data quality,",§46: nie usuwać funkcji z powodu ryzyka,YES — korekta / ograniczenie / niepotwierdzona teza,"R041: Purpose inventory, funkcje osobno; ranking/ocena wymagają analizy high-risk",PRIMARY REGULATOR S04,P0 LEGAL GATE,LEGAL REVIEW,"04,10,17",R041
WEB-0733-01,WEB,14,733,14. Legal Current Scan / AI Act,"- logging,",RECOMMENDATION / INTERPRETATION,AI Act klasyfikacja,Ocena modułowa,Nazywa obowiązujące prawo projektem; wszystko high-risk,"- logging,",§46: nie usuwać funkcji z powodu ryzyka,YES — korekta / ograniczenie / niepotwierdzona teza,"R041: Purpose inventory, funkcje osobno; ranking/ocena wymagają analizy high-risk",PRIMARY REGULATOR S04,P0 LEGAL GATE,LEGAL REVIEW,"04,10,17",R041
WEB-0734-01,WEB,14,734,14. Legal Current Scan / AI Act,"- documentation,",RECOMMENDATION / INTERPRETATION,AI Act klasyfikacja,Ocena modułowa,Nazywa obowiązujące prawo projektem; wszystko high-risk,"- documentation,",§46: nie usuwać funkcji z powodu ryzyka,YES — korekta / ograniczenie / niepotwierdzona teza,"R041: Purpose inventory, funkcje osobno; ranking/ocena wymagają analizy high-risk",PRIMARY REGULATOR S04,P0 LEGAL GATE,LEGAL REVIEW,"04,10,17",R041
WEB-0735-01,WEB,14,735,14. Legal Current Scan / AI Act,"- information for deployers,",RECOMMENDATION / INTERPRETATION,AI Act klasyfikacja,Ocena modułowa,Nazywa obowiązujące prawo projektem; wszystko high-risk,"- information for deployers,",§46: nie usuwać funkcji z powodu ryzyka,YES — korekta / ograniczenie / niepotwierdzona teza,"R041: Purpose inventory, funkcje osobno; ranking/ocena wymagają analizy high-risk",PRIMARY REGULATOR S04,P0 LEGAL GATE,LEGAL REVIEW,"04,10,17",R041
WEB-0736-01,WEB,14,736,14. Legal Current Scan / AI Act,"- human oversight,",RECOMMENDATION / INTERPRETATION,AI Act klasyfikacja,Ocena modułowa,Nazywa obowiązujące prawo projektem; wszystko high-risk,"- human oversight,",§46: nie usuwać funkcji z powodu ryzyka,YES — korekta / ograniczenie / niepotwierdzona teza,"R041: Purpose inventory, funkcje osobno; ranking/ocena wymagają analizy high-risk",PRIMARY REGULATOR S04,P0 LEGAL GATE,LEGAL REVIEW,"04,10,17",R041
WEB-0737-01,WEB,14,737,14. Legal Current Scan / AI Act,"- robustness,",RECOMMENDATION / INTERPRETATION,AI Act klasyfikacja,Ocena modułowa,Nazywa obowiązujące prawo projektem; wszystko high-risk,"- robustness,",§46: nie usuwać funkcji z powodu ryzyka,YES — korekta / ograniczenie / niepotwierdzona teza,"R041: Purpose inventory, funkcje osobno; ranking/ocena wymagają analizy high-risk",PRIMARY REGULATOR S04,P0 LEGAL GATE,LEGAL REVIEW,"04,10,17",R041
WEB-0738-01,WEB,14,738,14. Legal Current Scan / AI Act,"- cybersecurity,",RECOMMENDATION / INTERPRETATION,AI Act klasyfikacja,Ocena modułowa,Nazywa obowiązujące prawo projektem; wszystko high-risk,"- cybersecurity,",§46: nie usuwać funkcji z powodu ryzyka,YES — korekta / ograniczenie / niepotwierdzona teza,"R041: Purpose inventory, funkcje osobno; ranking/ocena wymagają analizy high-risk",PRIMARY REGULATOR S04,P0 LEGAL GATE,LEGAL REVIEW,"04,10,17",R041
WEB-0739-01,WEB,14,739,14. Legal Current Scan / AI Act,- accuracy.,RECOMMENDATION / INTERPRETATION,AI Act klasyfikacja,Ocena modułowa,Nazywa obowiązujące prawo projektem; wszystko high-risk,- accuracy.,§46: nie usuwać funkcji z powodu ryzyka,YES — korekta / ograniczenie / niepotwierdzona teza,"R041: Purpose inventory, funkcje osobno; ranking/ocena wymagają analizy high-risk",PRIMARY REGULATOR S04,P0 LEGAL GATE,LEGAL REVIEW,"04,10,17",R041
WEB-0741-01,WEB,14,741,14. Legal Current Scan / AI Act,"Faro powinno projektować matching już teraz jak system, który może zostać potraktowany jako high-risk.",RECOMMENDATION / INTERPRETATION,AI Act klasyfikacja,Ocena modułowa,Nazywa obowiązujące prawo projektem; wszystko high-risk,"Faro powinno projektować matching już teraz jak system, który może zostać potraktowany jako high-risk.",§46: nie usuwać funkcji z powodu ryzyka,YES — korekta / ograniczenie / niepotwierdzona teza,"R041: Purpose inventory, funkcje osobno; ranking/ocena wymagają analizy high-risk",PRIMARY REGULATOR S04,P0 LEGAL GATE,LEGAL REVIEW,"04,10,17",R041
WEB-0745-01,WEB,14,745,14. Legal Current Scan / GDPR / automated decisions,EDPB ma osobne guidelines dotyczące automated individual decision-making i profiling.,RECOMMENDATION / INTERPRETATION,KRAZ,P0 legal gate,"Najprawdopodobniej nie, bezpłatne/SaaS",EDPB ma osobne guidelines dotyczące automated individual decision-making i profiling.,§46: P0 gate,YES — korekta / ograniczenie / niepotwierdzona teza,R040: Nie ma zwolnienia tylko przez darmowość; kwalifikacja funkcji i wpis przed usługą jeśli wymagany,PRIMARY LAW S01,P0 LEGAL GATE,LEGAL REVIEW,"17,18",R040
WEB-0747-01,WEB,14,747,14. Legal Current Scan / GDPR / automated decisions,Dlatego:,RECOMMENDATION / INTERPRETATION,KRAZ,P0 legal gate,"Najprawdopodobniej nie, bezpłatne/SaaS",Dlatego:,§46: P0 gate,YES — korekta / ograniczenie / niepotwierdzona teza,R040: Nie ma zwolnienia tylko przez darmowość; kwalifikacja funkcji i wpis przed usługą jeśli wymagany,PRIMARY LAW S01,P0 LEGAL GATE,LEGAL REVIEW,"17,18",R040
WEB-0749-01,WEB,14,749,14. Legal Current Scan / GDPR / automated decisions,**nie robiłbym nieodwracalnego AI auto-reject jako domyślnego mechanizmu.**,RECOMMENDATION / INTERPRETATION,KRAZ,P0 legal gate,"Najprawdopodobniej nie, bezpłatne/SaaS",**nie robiłbym nieodwracalnego AI auto-reject jako domyślnego mechanizmu.**,§46: P0 gate,YES — korekta / ograniczenie / niepotwierdzona teza,R040: Nie ma zwolnienia tylko przez darmowość; kwalifikacja funkcji i wpis przed usługą jeśli wymagany,PRIMARY LAW S01,P0 LEGAL GATE,LEGAL REVIEW,"17,18",R040
WEB-0751-01,WEB,14,751,14. Legal Current Scan / GDPR / automated decisions,Potrzebne będą co najmniej:,RECOMMENDATION / INTERPRETATION,KRAZ,P0 legal gate,"Najprawdopodobniej nie, bezpłatne/SaaS",Potrzebne będą co najmniej:,§46: P0 gate,YES — korekta / ograniczenie / niepotwierdzona teza,R040: Nie ma zwolnienia tylko przez darmowość; kwalifikacja funkcji i wpis przed usługą jeśli wymagany,PRIMARY LAW S01,P0 LEGAL GATE,LEGAL REVIEW,"17,18",R040
WEB-0753-01,WEB,14,753,14. Legal Current Scan / GDPR / automated decisions,"- logic trace,",RECOMMENDATION / INTERPRETATION,KRAZ,P0 legal gate,"Najprawdopodobniej nie, bezpłatne/SaaS","- logic trace,",§46: P0 gate,YES — korekta / ograniczenie / niepotwierdzona teza,R040: Nie ma zwolnienia tylko przez darmowość; kwalifikacja funkcji i wpis przed usługą jeśli wymagany,PRIMARY LAW S01,P0 LEGAL GATE,LEGAL REVIEW,"17,18",R040
WEB-0754-01,WEB,14,754,14. Legal Current Scan / GDPR / automated decisions,"- human oversight,",RECOMMENDATION / INTERPRETATION,KRAZ,P0 legal gate,"Najprawdopodobniej nie, bezpłatne/SaaS","- human oversight,",§46: P0 gate,YES — korekta / ograniczenie / niepotwierdzona teza,R040: Nie ma zwolnienia tylko przez darmowość; kwalifikacja funkcji i wpis przed usługą jeśli wymagany,PRIMARY LAW S01,P0 LEGAL GATE,LEGAL REVIEW,"17,18",R040
WEB-0755-01,WEB,14,755,14. Legal Current Scan / GDPR / automated decisions,"- explanation,",RECOMMENDATION / INTERPRETATION,KRAZ,P0 legal gate,"Najprawdopodobniej nie, bezpłatne/SaaS","- explanation,",§46: P0 gate,YES — korekta / ograniczenie / niepotwierdzona teza,R040: Nie ma zwolnienia tylko przez darmowość; kwalifikacja funkcji i wpis przed usługą jeśli wymagany,PRIMARY LAW S01,P0 LEGAL GATE,LEGAL REVIEW,"17,18",R040
WEB-0756-01,WEB,14,756,14. Legal Current Scan / GDPR / automated decisions,"- correction,",RECOMMENDATION / INTERPRETATION,KRAZ,P0 legal gate,"Najprawdopodobniej nie, bezpłatne/SaaS","- correction,",§46: P0 gate,YES — korekta / ograniczenie / niepotwierdzona teza,R040: Nie ma zwolnienia tylko przez darmowość; kwalifikacja funkcji i wpis przed usługą jeśli wymagany,PRIMARY LAW S01,P0 LEGAL GATE,LEGAL REVIEW,"17,18",R040
WEB-0757-01,WEB,14,757,14. Legal Current Scan / GDPR / automated decisions,"- appeal,",RECOMMENDATION / INTERPRETATION,KRAZ,P0 legal gate,"Najprawdopodobniej nie, bezpłatne/SaaS","- appeal,",§46: P0 gate,YES — korekta / ograniczenie / niepotwierdzona teza,R040: Nie ma zwolnienia tylko przez darmowość; kwalifikacja funkcji i wpis przed usługą jeśli wymagany,PRIMARY LAW S01,P0 LEGAL GATE,LEGAL REVIEW,"17,18",R040
WEB-0758-01,WEB,14,758,14. Legal Current Scan / GDPR / automated decisions,"- model/version records,",RECOMMENDATION / INTERPRETATION,KRAZ,P0 legal gate,"Najprawdopodobniej nie, bezpłatne/SaaS","- model/version records,",§46: P0 gate,YES — korekta / ograniczenie / niepotwierdzona teza,R040: Nie ma zwolnienia tylko przez darmowość; kwalifikacja funkcji i wpis przed usługą jeśli wymagany,PRIMARY LAW S01,P0 LEGAL GATE,LEGAL REVIEW,"17,18",R040
WEB-0759-01,WEB,14,759,14. Legal Current Scan / GDPR / automated decisions,"- data provenance,",RECOMMENDATION / INTERPRETATION,KRAZ,P0 legal gate,"Najprawdopodobniej nie, bezpłatne/SaaS","- data provenance,",§46: P0 gate,YES — korekta / ograniczenie / niepotwierdzona teza,R040: Nie ma zwolnienia tylko przez darmowość; kwalifikacja funkcji i wpis przed usługą jeśli wymagany,PRIMARY LAW S01,P0 LEGAL GATE,LEGAL REVIEW,"17,18",R040
WEB-0760-01,WEB,14,760,14. Legal Current Scan / GDPR / automated decisions,- DPIA dla odpowiednich procesów.,RECOMMENDATION / INTERPRETATION,Art22/DPIA,Human oversight i DPIA,Art22 jako podstawa; zgoda uniwersalna,- DPIA dla odpowiednich procesów.,§46: gate,YES — korekta / ograniczenie / niepotwierdzona teza,"R042: Ocena rzeczywistego wpływu, nie samego przycisku człowieka; art6 i art22 osobno",PRIMARY GUIDANCE S05,P0 LEGAL GATE,LEGAL REVIEW,17,R042
WEB-0766-01,WEB,15,766,15. Candidate Messaging,Jedno hasło nie powinno obsługiwać całego performance marketingu.,RECOMMENDATION / INTERPRETATION,Początkujący,Wąski pierwszy segment,Nieformalne doświadczenie pomaga,Jedno hasło nie powinno obsługiwać całego performance marketingu.,"§8,41: inkluzywne grupy",YES — korekta / ograniczenie / niepotwierdzona teza,R008: Brak doświadczenia nie blokuje konta ani wartości; profil aspiracji dozwolony,FOUNDER DECISION,EQUALITY REVIEW,ACCEPT WITH MODIFICATION,"05,15,16",R008
WEB-0770-01,WEB,15,770,15. Candidate Messaging / Brand umbrella,**„Faro. Twój nawigator na rynku pracy.”**,RECOMMENDATION / INTERPRETATION,Początkujący,Wąski pierwszy segment,Nieformalne doświadczenie pomaga,**„Faro. Twój nawigator na rynku pracy.”**,"§8,41: inkluzywne grupy",YES — korekta / ograniczenie / niepotwierdzona teza,R008: Brak doświadczenia nie blokuje konta ani wartości; profil aspiracji dozwolony,FOUNDER DECISION,EQUALITY REVIEW,ACCEPT WITH MODIFICATION,"05,15,16",R008
WEB-0772-01,WEB,15,772,15. Candidate Messaging / Brand umbrella,"Dobre jako marka nadrzędna, bo opisuje rolę Faro, a nie pojedynczą funkcję.",RECOMMENDATION / INTERPRETATION,Początkujący,Wąski pierwszy segment,Nieformalne doświadczenie pomaga,"Dobre jako marka nadrzędna, bo opisuje rolę Faro, a nie pojedynczą funkcję.","§8,41: inkluzywne grupy",YES — korekta / ograniczenie / niepotwierdzona teza,R008: Brak doświadczenia nie blokuje konta ani wartości; profil aspiracji dozwolony,FOUNDER DECISION,EQUALITY REVIEW,ACCEPT WITH MODIFICATION,"05,15,16",R008
WEB-0776-01,WEB,15,776,15. Candidate Messaging / Product promise,"**„Faro. Wiesz, co dalej.”**",RECOMMENDATION / INTERPRETATION,Początkujący,Wąski pierwszy segment,Nieformalne doświadczenie pomaga,"**„Faro. Wiesz, co dalej.”**","§8,41: inkluzywne grupy",YES — korekta / ograniczenie / niepotwierdzona teza,R008: Brak doświadczenia nie blokuje konta ani wartości; profil aspiracji dozwolony,FOUNDER DECISION,EQUALITY REVIEW,ACCEPT WITH MODIFICATION,"05,15,16",R008
WEB-0778-01,WEB,15,778,15. Candidate Messaging / Product promise,To jest znacznie lepsze jako obietnica doświadczenia:,RECOMMENDATION / INTERPRETATION,Początkujący,Wąski pierwszy segment,Nieformalne doświadczenie pomaga,To jest znacznie lepsze jako obietnica doświadczenia:,"§8,41: inkluzywne grupy",YES — korekta / ograniczenie / niepotwierdzona teza,R008: Brak doświadczenia nie blokuje konta ani wartości; profil aspiracji dozwolony,FOUNDER DECISION,EQUALITY REVIEW,ACCEPT WITH MODIFICATION,"05,15,16",R008
WEB-0780-01,WEB,15,780,15. Candidate Messaging / Product promise,"- wiem dlaczego oferta pasuje,",RECOMMENDATION / INTERPRETATION,Początkujący,Wąski pierwszy segment,Nieformalne doświadczenie pomaga,"- wiem dlaczego oferta pasuje,","§8,41: inkluzywne grupy",YES — korekta / ograniczenie / niepotwierdzona teza,R008: Brak doświadczenia nie blokuje konta ani wartości; profil aspiracji dozwolony,FOUNDER DECISION,EQUALITY REVIEW,ACCEPT WITH MODIFICATION,"05,15,16",R008
WEB-0781-01,WEB,15,781,15. Candidate Messaging / Product promise,"- wiem czego mi brakuje,",RECOMMENDATION / INTERPRETATION,Początkujący,Wąski pierwszy segment,Nieformalne doświadczenie pomaga,"- wiem czego mi brakuje,","§8,41: inkluzywne grupy",YES — korekta / ograniczenie / niepotwierdzona teza,R008: Brak doświadczenia nie blokuje konta ani wartości; profil aspiracji dozwolony,FOUNDER DECISION,EQUALITY REVIEW,ACCEPT WITH MODIFICATION,"05,15,16",R008
WEB-0782-01,WEB,15,782,15. Candidate Messaging / Product promise,"- wiem jaki jest następny krok,",RECOMMENDATION / INTERPRETATION,Początkujący,Wąski pierwszy segment,Nieformalne doświadczenie pomaga,"- wiem jaki jest następny krok,","§8,41: inkluzywne grupy",YES — korekta / ograniczenie / niepotwierdzona teza,R008: Brak doświadczenia nie blokuje konta ani wartości; profil aspiracji dozwolony,FOUNDER DECISION,EQUALITY REVIEW,ACCEPT WITH MODIFICATION,"05,15,16",R008
WEB-0783-01,WEB,15,783,15. Candidate Messaging / Product promise,"- wiem co stało się z aplikacją,",RECOMMENDATION / INTERPRETATION,Początkujący,Wąski pierwszy segment,Nieformalne doświadczenie pomaga,"- wiem co stało się z aplikacją,","§8,41: inkluzywne grupy",YES — korekta / ograniczenie / niepotwierdzona teza,R008: Brak doświadczenia nie blokuje konta ani wartości; profil aspiracji dozwolony,FOUNDER DECISION,EQUALITY REVIEW,ACCEPT WITH MODIFICATION,"05,15,16",R008
WEB-0784-01,WEB,15,784,15. Candidate Messaging / Product promise,- wiem czy oferta nadal jest taka sama.,RECOMMENDATION / INTERPRETATION,Początkujący,Wąski pierwszy segment,Nieformalne doświadczenie pomaga,- wiem czy oferta nadal jest taka sama.,"§8,41: inkluzywne grupy",YES — korekta / ograniczenie / niepotwierdzona teza,R008: Brak doświadczenia nie blokuje konta ani wartości; profil aspiracji dozwolony,FOUNDER DECISION,EQUALITY REVIEW,ACCEPT WITH MODIFICATION,"05,15,16",R008
WEB-0788-01,WEB,15,788,15. Candidate Messaging / Początkujący,"**„Nie masz długiego CV? Pokaż, co potrafisz i czego możesz się nauczyć.”**",RECOMMENDATION / INTERPRETATION,Nauczymy Cię; CV,Growth Match,Droga do pracy hipotezą,"**„Nie masz długiego CV? Pokaż, co potrafisz i czego możesz się nauczyć.”**",§9: MUST/NICE/WILL_TEACH,NO — zachowanie/doprecyzowanie,R009: Nauka nie jest blokadą; firma opisuje realną pomoc R001: ZERO CV w procesie; przyszły import tylko prywatny,FOUNDER DECISION,CLAIM ACCURACY,ACCEPT WITH MODIFICATION,"08,09",R009;R001
WEB-0792-01,WEB,15,792,15. Candidate Messaging / Bez doświadczenia,"**„Doświadczenie to więcej niż nazwa stanowiska. Faro pomaga odkryć umiejętności, które już masz.”**",RECOMMENDATION / INTERPRETATION,Początkujący,Wąski pierwszy segment,Nieformalne doświadczenie pomaga,"**„Doświadczenie to więcej niż nazwa stanowiska. Faro pomaga odkryć umiejętności, które już masz.”**","§8,41: inkluzywne grupy",YES — korekta / ograniczenie / niepotwierdzona teza,R008: Brak doświadczenia nie blokuje konta ani wartości; profil aspiracji dozwolony,FOUNDER DECISION,EQUALITY REVIEW,ACCEPT WITH MODIFICATION,"05,15,16",R008
WEB-0796-01,WEB,15,796,15. Candidate Messaging / Career switcher,"**„Twoje doświadczenie może pasować do więcej ról, niż mówi nazwa Twojego stanowiska.”**",RECOMMENDATION / INTERPRETATION,Początkujący,Wąski pierwszy segment,Nieformalne doświadczenie pomaga,"**„Twoje doświadczenie może pasować do więcej ról, niż mówi nazwa Twojego stanowiska.”**","§8,41: inkluzywne grupy",YES — korekta / ograniczenie / niepotwierdzona teza,R008: Brak doświadczenia nie blokuje konta ani wartości; profil aspiracji dozwolony,FOUNDER DECISION,EQUALITY REVIEW,ACCEPT WITH MODIFICATION,"05,15,16",R008
WEB-0800-01,WEB,15,800,15. Candidate Messaging / Doświadczeni,"**„Porównuj oferty po tym, jak naprawdę wpłyną na Twoją pracę i życie.”**",RECOMMENDATION / INTERPRETATION,Początkujący,Wąski pierwszy segment,Nieformalne doświadczenie pomaga,"**„Porównuj oferty po tym, jak naprawdę wpłyną na Twoją pracę i życie.”**","§8,41: inkluzywne grupy",YES — korekta / ograniczenie / niepotwierdzona teza,R008: Brak doświadczenia nie blokuje konta ani wartości; profil aspiracji dozwolony,FOUNDER DECISION,EQUALITY REVIEW,ACCEPT WITH MODIFICATION,"05,15,16",R008
WEB-0804-01,WEB,15,804,15. Candidate Messaging / Luka w zatrudnieniu,"**„Przerwa nie mówi pracodawcy, co potrafisz dziś.”**",RECOMMENDATION / INTERPRETATION,Początkujący,Wąski pierwszy segment,Nieformalne doświadczenie pomaga,"**„Przerwa nie mówi pracodawcy, co potrafisz dziś.”**","§8,41: inkluzywne grupy",YES — korekta / ograniczenie / niepotwierdzona teza,R008: Brak doświadczenia nie blokuje konta ani wartości; profil aspiracji dozwolony,FOUNDER DECISION,EQUALITY REVIEW,ACCEPT WITH MODIFICATION,"05,15,16",R008
WEB-0808-01,WEB,15,808,15. Candidate Messaging / Częste zmiany,"**„Liczą się aktualne kompetencje, oczekiwania i dopasowanie — nie idealnie liniowa historia.”**",RECOMMENDATION / INTERPRETATION,Początkujący,Wąski pierwszy segment,Nieformalne doświadczenie pomaga,"**„Liczą się aktualne kompetencje, oczekiwania i dopasowanie — nie idealnie liniowa historia.”**","§8,41: inkluzywne grupy",YES — korekta / ograniczenie / niepotwierdzona teza,R008: Brak doświadczenia nie blokuje konta ani wartości; profil aspiracji dozwolony,FOUNDER DECISION,EQUALITY REVIEW,ACCEPT WITH MODIFICATION,"05,15,16",R008
WEB-0810-01,WEB,15,810,15. Candidate Messaging / Częste zmiany,"W przypadku tej grupy unikałbym komunikatu, który brzmi jak „Faro ukryje Twoją historię”. To budziłoby złe skojarzenia.",RECOMMENDATION / INTERPRETATION,Początkujący,Wąski pierwszy segment,Nieformalne doświadczenie pomaga,"W przypadku tej grupy unikałbym komunikatu, który brzmi jak „Faro ukryje Twoją historię”. To budziłoby złe skojarzenia.","§8,41: inkluzywne grupy",YES — korekta / ograniczenie / niepotwierdzona teza,R008: Brak doświadczenia nie blokuje konta ani wartości; profil aspiracji dozwolony,FOUNDER DECISION,EQUALITY REVIEW,ACCEPT WITH MODIFICATION,"05,15,16",R008
WEB-0816-01,WEB,16,816,16. Employer Messaging,Employer message nie może brzmieć:,RECOMMENDATION / INTERPRETATION,Free-first,Free core i możliwy płatny pilot,Kandydat bez opłat,Employer message nie może brzmieć:,§36: obie strony darmowe,YES — korekta / ograniczenie / niepotwierdzona teza,R033: Cały startowy produkt bezpłatny; zero komunikatu Free Plan,FOUNDER DECISION,TERMS REVIEW,ACCEPT WITH MODIFICATION,"15,16,18",R033
WEB-0818-01,WEB,16,818,16. Employer Messaging,> „Mamy AI i znajdziemy idealnych ludzi.”,RECOMMENDATION / INTERPRETATION,Free-first,Free core i możliwy płatny pilot,Kandydat bez opłat,> „Mamy AI i znajdziemy idealnych ludzi.”,§36: obie strony darmowe,YES — korekta / ograniczenie / niepotwierdzona teza,R033: Cały startowy produkt bezpłatny; zero komunikatu Free Plan,FOUNDER DECISION,TERMS REVIEW,ACCEPT WITH MODIFICATION,"15,16,18",R033
WEB-0820-01,WEB,16,820,16. Employer Messaging,To jest dziś commodity.,RECOMMENDATION / INTERPRETATION,Free-first,Free core i możliwy płatny pilot,Kandydat bez opłat,To jest dziś commodity.,§36: obie strony darmowe,YES — korekta / ograniczenie / niepotwierdzona teza,R033: Cały startowy produkt bezpłatny; zero komunikatu Free Plan,FOUNDER DECISION,TERMS REVIEW,ACCEPT WITH MODIFICATION,"15,16,18",R033
WEB-0822-01,WEB,16,822,16. Employer Messaging,Silniejsze hipotezy:,RECOMMENDATION / INTERPRETATION,Free-first,Free core i możliwy płatny pilot,Kandydat bez opłat,Silniejsze hipotezy:,§36: obie strony darmowe,YES — korekta / ograniczenie / niepotwierdzona teza,R033: Cały startowy produkt bezpłatny; zero komunikatu Free Plan,FOUNDER DECISION,TERMS REVIEW,ACCEPT WITH MODIFICATION,"15,16,18",R033
WEB-0826-01,WEB,16,826,16. Employer Messaging / Hiring quality,**„Najpierw zobacz kompetencje. Dopiero potem etykiety.”**,RECOMMENDATION / INTERPRETATION,Historia stanowisk i firm,Historia jako opcjonalny kontekst,Brak bezpośredniego dowodu na usunięcie prestige bias,**„Najpierw zobacz kompetencje. Dopiero potem etykiety.”**,§4: nie pokazujemy tytułów i firm,YES — korekta / ograniczenie / niepotwierdzona teza,R003: Zakaz także w późniejszych projekcjach; zadania i praktyka zamiast etykiet,FOUNDER DECISION,GDPR REVIEW,ACCEPT WITH MODIFICATION,"03,05,08",R003
WEB-0830-01,WEB,16,830,16. Employer Messaging / Efficiency,"**„Mniej CV do przeklikiwania. Więcej porównywalnych informacji o tym, co kandydat potrafi.”**",RECOMMENDATION / INTERPRETATION,CV,Brak wymaganego CV; prywatny import później,"Skills-first, ale CV traktowane jako jeden predyktor","**„Mniej CV do przeklikiwania. Więcej porównywalnych informacji o tym, co kandydat potrafi.”**",§2: dokument nigdy do firmy,YES — korekta / ograniczenie / niepotwierdzona teza,R001: ZERO CV w procesie; przyszły import tylko prywatny,FOUNDER DECISION,GDPR REVIEW,ACCEPT WITH MODIFICATION,"03,05,06,07",R001
WEB-0834-01,WEB,16,834,16. Employer Messaging / Candidate experience,"**„Kandydat wie, gdzie jest w procesie. Twój zespół wie, co blokuje rekrutację.”**",RECOMMENDATION / INTERPRETATION,Free-first,Free core i możliwy płatny pilot,Kandydat bez opłat,"**„Kandydat wie, gdzie jest w procesie. Twój zespół wie, co blokuje rekrutację.”**",§36: obie strony darmowe,YES — korekta / ograniczenie / niepotwierdzona teza,R033: Cały startowy produkt bezpłatny; zero komunikatu Free Plan,FOUNDER DECISION,TERMS REVIEW,ACCEPT WITH MODIFICATION,"15,16,18",R033
WEB-0838-01,WEB,16,838,16. Employer Messaging / Skills-first,"**„Nie odrzucaj dobrego kandydata dlatego, że miał inną nazwę stanowiska.”**",RECOMMENDATION / INTERPRETATION,Powód odrzucenia,Ustrukturyzowany powód,Wymuszenie pola; brak dowodu jakości,"**„Nie odrzucaj dobrego kandydata dlatego, że miał inną nazwę stanowiska.”**",§15: konkretne wymaganie,NO — zachowanie/doprecyzowanie,R015: ReasonCode oraz requirementId przy porównaniu; brak fikcyjnego braku kompetencji,FOUNDER DECISION; skuteczność HYPOTHESIS,EQUALITY/GDPR REVIEW,ACCEPT WITH MODIFICATION,"06,11",R015
WEB-0842-01,WEB,16,842,16. Employer Messaging / High-volume,**„Porównuj kandydatów według tych samych kryteriów — bez ręcznego czytania setek różnych CV.”**,RECOMMENDATION / INTERPRETATION,CV,Brak wymaganego CV; prywatny import później,"Skills-first, ale CV traktowane jako jeden predyktor",**„Porównuj kandydatów według tych samych kryteriów — bez ręcznego czytania setek różnych CV.”**,§2: dokument nigdy do firmy,YES — korekta / ograniczenie / niepotwierdzona teza,R001: ZERO CV w procesie; przyszły import tylko prywatny,FOUNDER DECISION,GDPR REVIEW,ACCEPT WITH MODIFICATION,"03,05,06,07",R001
WEB-0846-01,WEB,16,846,16. Employer Messaging / Long-term paid value,Docelowo employer money powinny płynąć za:,RECOMMENDATION / INTERPRETATION,Free-first,Free core i możliwy płatny pilot,Kandydat bez opłat,Docelowo employer money powinny płynąć za:,§36: obie strony darmowe,YES — korekta / ograniczenie / niepotwierdzona teza,R033: Cały startowy produkt bezpłatny; zero komunikatu Free Plan,FOUNDER DECISION,TERMS REVIEW,ACCEPT WITH MODIFICATION,"15,16,18",R033
WEB-0848-01,WEB,16,848,16. Employer Messaging / Long-term paid value,"- assessment,",RECOMMENDATION / INTERPRETATION,Assessment Center,Wersjonowane zadania,Walidacja i proporcjonalność,"- assessment,","§26: typ, liczba, limit, termin przed Start",NO — zachowanie/doprecyzowanie,R026: Timer serwerowy od jawnego Start; deadline niezależny,FOUNDER DECISION,AI/GDPR/EQUALITY REVIEW,ACCEPT WITH MODIFICATION,10,R026
WEB-0849-01,WEB,16,849,16. Employer Messaging / Long-term paid value,"- collaboration,",RECOMMENDATION / INTERPRETATION,Free-first,Free core i możliwy płatny pilot,Kandydat bez opłat,"- collaboration,",§36: obie strony darmowe,YES — korekta / ograniczenie / niepotwierdzona teza,R033: Cały startowy produkt bezpłatny; zero komunikatu Free Plan,FOUNDER DECISION,TERMS REVIEW,ACCEPT WITH MODIFICATION,"15,16,18",R033
WEB-0850-01,WEB,16,850,16. Employer Messaging / Long-term paid value,"- automation,",RECOMMENDATION / INTERPRETATION,Free-first,Free core i możliwy płatny pilot,Kandydat bez opłat,"- automation,",§36: obie strony darmowe,YES — korekta / ograniczenie / niepotwierdzona teza,R033: Cały startowy produkt bezpłatny; zero komunikatu Free Plan,FOUNDER DECISION,TERMS REVIEW,ACCEPT WITH MODIFICATION,"15,16,18",R033
WEB-0851-01,WEB,16,851,16. Employer Messaging / Long-term paid value,"- analytics,",RECOMMENDATION / INTERPRETATION,Free-first,Free core i możliwy płatny pilot,Kandydat bez opłat,"- analytics,",§36: obie strony darmowe,YES — korekta / ograniczenie / niepotwierdzona teza,R033: Cały startowy produkt bezpłatny; zero komunikatu Free Plan,FOUNDER DECISION,TERMS REVIEW,ACCEPT WITH MODIFICATION,"15,16,18",R033
WEB-0852-01,WEB,16,852,16. Employer Messaging / Long-term paid value,"- integrations,",RECOMMENDATION / INTERPRETATION,Free-first,Free core i możliwy płatny pilot,Kandydat bez opłat,"- integrations,",§36: obie strony darmowe,YES — korekta / ograniczenie / niepotwierdzona teza,R033: Cały startowy produkt bezpłatny; zero komunikatu Free Plan,FOUNDER DECISION,TERMS REVIEW,ACCEPT WITH MODIFICATION,"15,16,18",R033
WEB-0853-01,WEB,16,853,16. Employer Messaging / Long-term paid value,"- compliance/audit,",RECOMMENDATION / INTERPRETATION,Free-first,Free core i możliwy płatny pilot,Kandydat bez opłat,"- compliance/audit,",§36: obie strony darmowe,YES — korekta / ograniczenie / niepotwierdzona teza,R033: Cały startowy produkt bezpłatny; zero komunikatu Free Plan,FOUNDER DECISION,TERMS REVIEW,ACCEPT WITH MODIFICATION,"15,16,18",R033
WEB-0854-01,WEB,16,854,16. Employer Messaging / Long-term paid value,- high-volume tooling.,RECOMMENDATION / INTERPRETATION,Free-first,Free core i możliwy płatny pilot,Kandydat bez opłat,- high-volume tooling.,§36: obie strony darmowe,YES — korekta / ograniczenie / niepotwierdzona teza,R033: Cały startowy produkt bezpłatny; zero komunikatu Free Plan,FOUNDER DECISION,TERMS REVIEW,ACCEPT WITH MODIFICATION,"15,16,18",R033
WEB-0856-01,WEB,16,856,16. Employer Messaging / Long-term paid value,**Nie za kupowanie lepszego rankingu kandydata lub oferty.**,RECOMMENDATION / INTERPRETATION,Ranking wyników rekrutacji,Ostrożność wobec % ludzi,Uogólniony sprzeciw wobec rankingu,**Nie za kupowanie lepszego rankingu kandydata lub oferty.**,§30: ranking wyników dozwolony,YES — korekta / ograniczenie / niepotwierdzona teza,R030: Tylko porównywalne wersje i rubryki jednej rekrutacji; człowiek decyduje,FOUNDER DECISION; EVIDENCE CONFLICT,AI/GDPR GATE,ACCEPT WITH MODIFICATION,"10,17",R030
WEB-0858-01,WEB,16,858,16. Employer Messaging / Long-term paid value,To chroni jedno z najważniejszych przyszłych aktywów Faro: **wiarygodność rankingu.**,RECOMMENDATION / INTERPRETATION,Ranking wyników rekrutacji,Ostrożność wobec % ludzi,Uogólniony sprzeciw wobec rankingu,To chroni jedno z najważniejszych przyszłych aktywów Faro: **wiarygodność rankingu.**,§30: ranking wyników dozwolony,YES — korekta / ograniczenie / niepotwierdzona teza,R030: Tylko porównywalne wersje i rubryki jednej rekrutacji; człowiek decyduje,FOUNDER DECISION; EVIDENCE CONFLICT,AI/GDPR GATE,ACCEPT WITH MODIFICATION,"10,17",R030
WEB-0864-01,WEB,17,864,17. Partnerships,Najbardziej interesujące kierunki:,RECOMMENDATION / INTERPRETATION,Nationwide,Trójmiasto/operacje jako pierwszy rynek,Nationwide nie usuwa nierówności,Najbardziej interesujące kierunki:,§39: publicznie cała Polska,YES — korekta / ograniczenie / niepotwierdzona teza,R036: Żadnego geofence; budżet kampanii można koncentrować w komórkach,FOUNDER DECISION; liquidity risk,MARKETING REVIEW,ACCEPT WITH MODIFICATION,"15,16,18",R036
WEB-0868-01,WEB,17,868,17. Partnerships / Distribution,Pracuj / OLX / Praca.pl / JOBS / Rocket / JJIT / Bulldog / Solid.,RECOMMENDATION / INTERPRETATION,Nationwide,Trójmiasto/operacje jako pierwszy rynek,Nationwide nie usuwa nierówności,Pracuj / OLX / Praca.pl / JOBS / Rocket / JJIT / Bulldog / Solid.,§39: publicznie cała Polska,YES — korekta / ograniczenie / niepotwierdzona teza,R036: Żadnego geofence; budżet kampanii można koncentrować w komórkach,FOUNDER DECISION; liquidity risk,MARKETING REVIEW,ACCEPT WITH MODIFICATION,"15,16,18",R036
WEB-0872-01,WEB,17,872,17. Partnerships / HR ecosystem,Polskie Forum HR jest bardzo logicznym partnerem branżowym.,RECOMMENDATION / INTERPRETATION,Nationwide,Trójmiasto/operacje jako pierwszy rynek,Nationwide nie usuwa nierówności,Polskie Forum HR jest bardzo logicznym partnerem branżowym.,§39: publicznie cała Polska,YES — korekta / ograniczenie / niepotwierdzona teza,R036: Żadnego geofence; budżet kampanii można koncentrować w komórkach,FOUNDER DECISION; liquidity risk,MARKETING REVIEW,ACCEPT WITH MODIFICATION,"15,16,18",R036
WEB-0876-01,WEB,17,876,17. Partnerships / Media / thought leadership,Rzeczpospolita HR Insights 2026 jest konkretną aktualną okazją — event odbywa się 16 listopada i jawnie szuka HR-tech/AI partners.,RECOMMENDATION / INTERPRETATION,Nationwide,Trójmiasto/operacje jako pierwszy rynek,Nationwide nie usuwa nierówności,Rzeczpospolita HR Insights 2026 jest konkretną aktualną okazją — event odbywa się 16 listopada i jawnie szuka HR-tech/AI partners.,§39: publicznie cała Polska,YES — korekta / ograniczenie / niepotwierdzona teza,R036: Żadnego geofence; budżet kampanii można koncentrować w komórkach,FOUNDER DECISION; liquidity risk,MARKETING REVIEW,ACCEPT WITH MODIFICATION,"15,16,18",R036
WEB-0880-01,WEB,17,880,17. Partnerships / Candidate side,"- biura karier,",RECOMMENDATION / INTERPRETATION,Nationwide,Trójmiasto/operacje jako pierwszy rynek,Nationwide nie usuwa nierówności,"- biura karier,",§39: publicznie cała Polska,YES — korekta / ograniczenie / niepotwierdzona teza,R036: Żadnego geofence; budżet kampanii można koncentrować w komórkach,FOUNDER DECISION; liquidity risk,MARKETING REVIEW,ACCEPT WITH MODIFICATION,"15,16,18",R036
WEB-0881-01,WEB,17,881,17. Partnerships / Candidate side,"- szkoły branżowe/techniczne,",RECOMMENDATION / INTERPRETATION,Nationwide,Trójmiasto/operacje jako pierwszy rynek,Nationwide nie usuwa nierówności,"- szkoły branżowe/techniczne,",§39: publicznie cała Polska,YES — korekta / ograniczenie / niepotwierdzona teza,R036: Żadnego geofence; budżet kampanii można koncentrować w komórkach,FOUNDER DECISION; liquidity risk,MARKETING REVIEW,ACCEPT WITH MODIFICATION,"15,16,18",R036
WEB-0882-01,WEB,17,882,17. Partnerships / Candidate side,"- uczelnie,",RECOMMENDATION / INTERPRETATION,Nationwide,Trójmiasto/operacje jako pierwszy rynek,Nationwide nie usuwa nierówności,"- uczelnie,",§39: publicznie cała Polska,YES — korekta / ograniczenie / niepotwierdzona teza,R036: Żadnego geofence; budżet kampanii można koncentrować w komórkach,FOUNDER DECISION; liquidity risk,MARKETING REVIEW,ACCEPT WITH MODIFICATION,"15,16,18",R036
WEB-0883-01,WEB,17,883,17. Partnerships / Candidate side,"- bootcampy/reskilling,",RECOMMENDATION / INTERPRETATION,Nationwide,Trójmiasto/operacje jako pierwszy rynek,Nationwide nie usuwa nierówności,"- bootcampy/reskilling,",§39: publicznie cała Polska,YES — korekta / ograniczenie / niepotwierdzona teza,R036: Żadnego geofence; budżet kampanii można koncentrować w komórkach,FOUNDER DECISION; liquidity risk,MARKETING REVIEW,ACCEPT WITH MODIFICATION,"15,16,18",R036
WEB-0884-01,WEB,17,884,17. Partnerships / Candidate side,"- NGO wspierające wejście/powrót na rynek pracy,",RECOMMENDATION / INTERPRETATION,Nationwide,Trójmiasto/operacje jako pierwszy rynek,Nationwide nie usuwa nierówności,"- NGO wspierające wejście/powrót na rynek pracy,",§39: publicznie cała Polska,YES — korekta / ograniczenie / niepotwierdzona teza,R036: Żadnego geofence; budżet kampanii można koncentrować w komórkach,FOUNDER DECISION; liquidity risk,MARKETING REVIEW,ACCEPT WITH MODIFICATION,"15,16,18",R036
WEB-0885-01,WEB,17,885,17. Partnerships / Candidate side,- lokalne employment communities.,RECOMMENDATION / INTERPRETATION,Nationwide,Trójmiasto/operacje jako pierwszy rynek,Nationwide nie usuwa nierówności,- lokalne employment communities.,§39: publicznie cała Polska,YES — korekta / ograniczenie / niepotwierdzona teza,R036: Żadnego geofence; budżet kampanii można koncentrować w komórkach,FOUNDER DECISION; liquidity risk,MARKETING REVIEW,ACCEPT WITH MODIFICATION,"15,16,18",R036
WEB-0889-01,WEB,17,889,17. Partnerships / Employer distribution,"- payroll/accounting systems,",RECOMMENDATION / INTERPRETATION,Nationwide,Trójmiasto/operacje jako pierwszy rynek,Nationwide nie usuwa nierówności,"- payroll/accounting systems,",§39: publicznie cała Polska,YES — korekta / ograniczenie / niepotwierdzona teza,R036: Żadnego geofence; budżet kampanii można koncentrować w komórkach,FOUNDER DECISION; liquidity risk,MARKETING REVIEW,ACCEPT WITH MODIFICATION,"15,16,18",R036
WEB-0890-01,WEB,17,890,17. Partnerships / Employer distribution,"- ATS,",RECOMMENDATION / INTERPRETATION,Nationwide,Trójmiasto/operacje jako pierwszy rynek,Nationwide nie usuwa nierówności,"- ATS,",§39: publicznie cała Polska,YES — korekta / ograniczenie / niepotwierdzona teza,R036: Żadnego geofence; budżet kampanii można koncentrować w komórkach,FOUNDER DECISION; liquidity risk,MARKETING REVIEW,ACCEPT WITH MODIFICATION,"15,16,18",R036
WEB-0891-01,WEB,17,891,17. Partnerships / Employer distribution,"- HRIS,",RECOMMENDATION / INTERPRETATION,Nationwide,Trójmiasto/operacje jako pierwszy rynek,Nationwide nie usuwa nierówności,"- HRIS,",§39: publicznie cała Polska,YES — korekta / ograniczenie / niepotwierdzona teza,R036: Żadnego geofence; budżet kampanii można koncentrować w komórkach,FOUNDER DECISION; liquidity risk,MARKETING REVIEW,ACCEPT WITH MODIFICATION,"15,16,18",R036
WEB-0892-01,WEB,17,892,17. Partnerships / Employer distribution,"- employer associations,",RECOMMENDATION / INTERPRETATION,Nationwide,Trójmiasto/operacje jako pierwszy rynek,Nationwide nie usuwa nierówności,"- employer associations,",§39: publicznie cała Polska,YES — korekta / ograniczenie / niepotwierdzona teza,R036: Żadnego geofence; budżet kampanii można koncentrować w komórkach,FOUNDER DECISION; liquidity risk,MARKETING REVIEW,ACCEPT WITH MODIFICATION,"15,16,18",R036
WEB-0893-01,WEB,17,893,17. Partnerships / Employer distribution,"- chambers of commerce,",RECOMMENDATION / INTERPRETATION,Nationwide,Trójmiasto/operacje jako pierwszy rynek,Nationwide nie usuwa nierówności,"- chambers of commerce,",§39: publicznie cała Polska,YES — korekta / ograniczenie / niepotwierdzona teza,R036: Żadnego geofence; budżet kampanii można koncentrować w komórkach,FOUNDER DECISION; liquidity risk,MARKETING REVIEW,ACCEPT WITH MODIFICATION,"15,16,18",R036
WEB-0894-01,WEB,17,894,17. Partnerships / Employer distribution,- recruitment agencies — ale tu równocześnie pojawia się temat KRAZ/modelu biznesowego.,RECOMMENDATION / INTERPRETATION,KRAZ,P0 legal gate,"Najprawdopodobniej nie, bezpłatne/SaaS",- recruitment agencies — ale tu równocześnie pojawia się temat KRAZ/modelu biznesowego.,§46: P0 gate,YES — korekta / ograniczenie / niepotwierdzona teza,R040: Nie ma zwolnienia tylko przez darmowość; kwalifikacja funkcji i wpis przed usługą jeśli wymagany,PRIMARY LAW S01,P0 LEGAL GATE,LEGAL REVIEW,"17,18",R040
WEB-0898-01,WEB,17,898,17. Partnerships / Data,"- ESCO,",RECOMMENDATION / INTERPRETATION,ESCO,Mała ręczna taksonomia,Standardy potrzebne,"- ESCO,",§47: nie od zera,YES — korekta / ograniczenie / niepotwierdzona teza,R046: Stabilne URI i wersja; license manifest per dataset/pillar,PRIMARY DATA/LICENSE S06,LICENSE GATE,ACCEPT WITH MODIFICATION,"08,17",R046
WEB-0899-01,WEB,17,899,17. Partnerships / Data,"- ZRK,",RECOMMENDATION / INTERPRETATION,INFOdoradca/ZRK/O*NET,Nie rdzeń,Brak,"- ZRK,",§47: sprawdzić prawa,YES — korekta / ograniczenie / niepotwierdzona teza,R047: O*NET DB CC BY4 z obowiązkami; ZRK/INFO dostępność nie jest licencją,PRIMARY LICENSE S07; PL NOT VERIFIED,LICENSE GATE,ACCEPT WITH MODIFICATION,"08,17",R047
WEB-0900-01,WEB,17,900,17. Partnerships / Data,"- INFOdoradca,",RECOMMENDATION / INTERPRETATION,INFOdoradca/ZRK/O*NET,Nie rdzeń,Brak,"- INFOdoradca,",§47: sprawdzić prawa,YES — korekta / ograniczenie / niepotwierdzona teza,R047: O*NET DB CC BY4 z obowiązkami; ZRK/INFO dostępność nie jest licencją,PRIMARY LICENSE S07; PL NOT VERIFIED,LICENSE GATE,ACCEPT WITH MODIFICATION,"08,17",R047
WEB-0901-01,WEB,17,901,17. Partnerships / Data,"- transport operators,",RECOMMENDATION / INTERPRETATION,Nationwide,Trójmiasto/operacje jako pierwszy rynek,Nationwide nie usuwa nierówności,"- transport operators,",§39: publicznie cała Polska,YES — korekta / ograniczenie / niepotwierdzona teza,R036: Żadnego geofence; budżet kampanii można koncentrować w komórkach,FOUNDER DECISION; liquidity risk,MARKETING REVIEW,ACCEPT WITH MODIFICATION,"15,16,18",R036
WEB-0902-01,WEB,17,902,17. Partnerships / Data,"- map/routing vendors,",RECOMMENDATION / INTERPRETATION,Routing/tariff,Koszty nie gotowe,Dojazd ma znaczenie,"- map/routing vendors,",§48: warstwy oddzielne,NO — zachowanie/doprecyzowanie,"R048: Nieznana taryfa=null, nie0; transitFare nie zawsze dostępne",PRIMARY DOC S08,LICENSE REVIEW,ACCEPT WITH MODIFICATION,13,R048
WEB-0903-01,WEB,17,903,17. Partnerships / Data,- payroll/tax-data providers.,RECOMMENDATION / INTERPRETATION,Nationwide,Trójmiasto/operacje jako pierwszy rynek,Nationwide nie usuwa nierówności,- payroll/tax-data providers.,§39: publicznie cała Polska,YES — korekta / ograniczenie / niepotwierdzona teza,R036: Żadnego geofence; budżet kampanii można koncentrować w komórkach,FOUNDER DECISION; liquidity risk,MARKETING REVIEW,ACCEPT WITH MODIFICATION,"15,16,18",R036
WEB-0909-01,WEB,18,909,18. Recent HR Tech Startups,Kilka szczególnie ciekawych:,MARKET CLAIM / OBSERVATION,Konkurencja/ceny/startupy,Benchmark historyczny,Przykłady bez linków,Kilka szczególnie ciekawych:,"Nie kopiować, nie nowy audyt",YES — korekta / ograniczenie / niepotwierdzona teza,"MARKET INTELLIGENCE: zachować z datą, nie dowód skuteczności Faro, WTP ani potwierdzone partnerstwo. R066: Zachować intel z datą i etykietą źródła; ceny nie są WTP Faro",VENDOR CLAIM / NOT VERIFIED,LICENSE/PROCUREMENT REVIEW,TEST FIRST,"16,21",R066
WEB-0913-01,WEB,18,913,18. Recent HR Tech Startups / Standout — YC Spring 2026,Agentic hiring marketplace. Kandydat i firma dostają agentów prowadzących discovery/assessment; profil talentu może pozostać anonimowy do zaakceptowania introduction.,MARKET CLAIM / OBSERVATION,Anonimizacja usuwa bias; Assessment Center,Nie gwarantowana,"Raz dwukrotnie, raz50%; generalizacja",Agentic hiring marketplace. Kandydat i firma dostają agentów prowadzących discovery/assessment; profil talentu może pozostać anonimowy do zaakceptowania introduction.,"§3,4 zamknięte",YES — korekta / ograniczenie / niepotwierdzona teza,"MARKET INTELLIGENCE: zachować z datą, nie dowód skuteczności Faro, WTP ani potwierdzone partnerstwo. R051: Imię i dowody nadal mogą być proxy; monitorować, nie przywracać danych po cichu R026: Timer serwerowy od jawnego Start; deadline niezależny",S11 experiment; generalizacja LIMITED,FAIRNESS REVIEW,TEST FIRST,"05,21",R051;R026
WEB-0915-01,WEB,18,915,18. Recent HR Tech Startups / Standout — YC Spring 2026,"To jest **bardzo ważny comparator dla Faro**, bo łączy agentic matching i staged identity reveal.",MARKET CLAIM / OBSERVATION,Tożsamość pierwszego etapu,Pseudonim i późniejsze ujawnienie,Anonimizacja może zmniejszać bias,"To jest **bardzo ważny comparator dla Faro**, bo łączy agentic matching i staged identity reveal.","§3: imię dozwolone; nazwisko, zdjęcie, wiek, telefon ukryte",YES — korekta / ograniczenie / niepotwierdzona teza,"MARKET INTELLIGENCE: zachować z datą, nie dowód skuteczności Faro, WTP ani potwierdzone partnerstwo. R002: Serwerowa projekcja z imieniem i kontrolą ujawnienia telefonu po awansie",FOUNDER DECISION; skuteczność HYPOTHESIS,GDPR REVIEW,TEST FIRST,"03,05,14",R002
WEB-0919-01,WEB,18,919,18. Recent HR Tech Startups / Mercor,"Zaczynał jako AI-driven recruiting/hiring marketplace, z AI interview/assessment i matchingiem. Później biznes mocno przesunął się w stronę dostarczania wysoko kwalifikowanych ekspertów do treningu modeli AI.",MARKET CLAIM / OBSERVATION,Assessment Center,Wersjonowane zadania,Walidacja i proporcjonalność,"Zaczynał jako AI-driven recruiting/hiring marketplace, z AI interview/assessment i matchingiem. Później biznes mocno przesunął się w stronę dostarczania wysoko kwalifikowanych ekspertów do treningu modeli AI.","§26: typ, liczba, limit, termin przed Start",NO — zachowanie/doprecyzowanie,"MARKET INTELLIGENCE: zachować z datą, nie dowód skuteczności Faro, WTP ani potwierdzone partnerstwo. R026: Timer serwerowy od jawnego Start; deadline niezależny",FOUNDER DECISION,AI/GDPR/EQUALITY REVIEW,TEST FIRST,10,R026
WEB-0921-01,WEB,18,921,18. Recent HR Tech Startups / Mercor,"**Lekcja:** ogromna wartość może pojawić się w wąskim, drogim labor marketplace, a nie w ogólnym „AI job matching”.",MARKET CLAIM / OBSERVATION,Konkurencja/ceny/startupy,Benchmark historyczny,Przykłady bez linków,"**Lekcja:** ogromna wartość może pojawić się w wąskim, drogim labor marketplace, a nie w ogólnym „AI job matching”.","Nie kopiować, nie nowy audyt",YES — korekta / ograniczenie / niepotwierdzona teza,"MARKET INTELLIGENCE: zachować z datą, nie dowód skuteczności Faro, WTP ani potwierdzone partnerstwo. R066: Zachować intel z datą i etykietą źródła; ceny nie są WTP Faro",VENDOR CLAIM / NOT VERIFIED,LICENSE/PROCUREMENT REVIEW,TEST FIRST,"16,21",R066
WEB-0925-01,WEB,18,925,18. Recent HR Tech Startups / Paradox,"Conversational recruiting/automation, scheduling, high-volume hiring. Workday zamknął przejęcie Paradox w 2025 r.",MARKET CLAIM / OBSERVATION,Konkurencja/ceny/startupy,Benchmark historyczny,Przykłady bez linków,"Conversational recruiting/automation, scheduling, high-volume hiring. Workday zamknął przejęcie Paradox w 2025 r.","Nie kopiować, nie nowy audyt",YES — korekta / ograniczenie / niepotwierdzona teza,"MARKET INTELLIGENCE: zachować z datą, nie dowód skuteczności Faro, WTP ani potwierdzone partnerstwo. R066: Zachować intel z datą i etykietą źródła; ceny nie są WTP Faro",VENDOR CLAIM / NOT VERIFIED,LICENSE/PROCUREMENT REVIEW,TEST FIRST,"16,21",R066
WEB-0927-01,WEB,18,927,18. Recent HR Tech Startups / Paradox,"**Lekcja:** komunikacja, scheduling i candidate experience są warte dużo również jako infrastruktura, nie tylko marketplace.",MARKET CLAIM / OBSERVATION,Konkurencja/ceny/startupy,Benchmark historyczny,Przykłady bez linków,"**Lekcja:** komunikacja, scheduling i candidate experience są warte dużo również jako infrastruktura, nie tylko marketplace.","Nie kopiować, nie nowy audyt",YES — korekta / ograniczenie / niepotwierdzona teza,"MARKET INTELLIGENCE: zachować z datą, nie dowód skuteczności Faro, WTP ani potwierdzone partnerstwo. R066: Zachować intel z datą i etykietą źródła; ceny nie są WTP Faro",VENDOR CLAIM / NOT VERIFIED,LICENSE/PROCUREMENT REVIEW,TEST FIRST,"16,21",R066
WEB-0931-01,WEB,18,931,18. Recent HR Tech Startups / HiredScore,"Talent orchestration/AI, przejęty przez Workday.",MARKET CLAIM / OBSERVATION,Ranking wyników rekrutacji,Ostrożność wobec % ludzi,Uogólniony sprzeciw wobec rankingu,"Talent orchestration/AI, przejęty przez Workday.",§30: ranking wyników dozwolony,YES — korekta / ograniczenie / niepotwierdzona teza,"MARKET INTELLIGENCE: zachować z datą, nie dowód skuteczności Faro, WTP ani potwierdzone partnerstwo. R030: Tylko porównywalne wersje i rubryki jednej rekrutacji; człowiek decyduje",FOUNDER DECISION; EVIDENCE CONFLICT,AI/GDPR GATE,TEST FIRST,"10,17",R030
WEB-0935-01,WEB,18,935,18. Recent HR Tech Startups / Otta,"Candidate-first tech job platform, przejęta w 2024 przez Welcome to the Jungle.",MARKET CLAIM / OBSERVATION,Konkurencja/ceny/startupy,Benchmark historyczny,Przykłady bez linków,"Candidate-first tech job platform, przejęta w 2024 przez Welcome to the Jungle.","Nie kopiować, nie nowy audyt",YES — korekta / ograniczenie / niepotwierdzona teza,"MARKET INTELLIGENCE: zachować z datą, nie dowód skuteczności Faro, WTP ani potwierdzone partnerstwo. R066: Zachować intel z datą i etykietą źródła; ceny nie są WTP Faro",VENDOR CLAIM / NOT VERIFIED,LICENSE/PROCUREMENT REVIEW,TEST FIRST,"16,21",R066
WEB-0937-01,WEB,18,937,18. Recent HR Tech Startups / Otta,"**Lekcja:** candidate-first UX ma wartość, ale może zostać wchłonięty przez większy recruitment/employer-brand ecosystem.",MARKET CLAIM / OBSERVATION,Konkurencja/ceny/startupy,Benchmark historyczny,Przykłady bez linków,"**Lekcja:** candidate-first UX ma wartość, ale może zostać wchłonięty przez większy recruitment/employer-brand ecosystem.","Nie kopiować, nie nowy audyt",YES — korekta / ograniczenie / niepotwierdzona teza,"MARKET INTELLIGENCE: zachować z datą, nie dowód skuteczności Faro, WTP ani potwierdzone partnerstwo. R066: Zachować intel z datą i etykietą źródła; ceny nie są WTP Faro",VENDOR CLAIM / NOT VERIFIED,LICENSE/PROCUREMENT REVIEW,TEST FIRST,"16,21",R066
WEB-0943-01,WEB,19,943,19. Failed / Pivoted Models,Ta część jest bardzo ważna dla Faro.,MARKET CLAIM / OBSERVATION,Konkurencja/ceny/startupy,Benchmark historyczny,Przykłady bez linków,Ta część jest bardzo ważna dla Faro.,"Nie kopiować, nie nowy audyt",YES — korekta / ograniczenie / niepotwierdzona teza,"MARKET INTELLIGENCE: zachować z datą, nie dowód skuteczności Faro, WTP ani potwierdzone partnerstwo. R066: Zachować intel z datą i etykietą źródła; ceny nie są WTP Faro",VENDOR CLAIM / NOT VERIFIED,LICENSE/PROCUREMENT REVIEW,TEST FIRST,"16,21",R066
WEB-0947-01,WEB,19,947,19. Failed / Pivoted Models / Triplebyte,"Triplebyte zbudował techniczny talent marketplace oparty na assessments. Jego talent-network business został wygaszony, natomiast adaptive assessment technology i zespół przejął Karat.",MARKET CLAIM / OBSERVATION,Assessment Center,Wersjonowane zadania,Walidacja i proporcjonalność,"Triplebyte zbudował techniczny talent marketplace oparty na assessments. Jego talent-network business został wygaszony, natomiast adaptive assessment technology i zespół przejął Karat.","§26: typ, liczba, limit, termin przed Start",NO — zachowanie/doprecyzowanie,"MARKET INTELLIGENCE: zachować z datą, nie dowód skuteczności Faro, WTP ani potwierdzone partnerstwo. R026: Timer serwerowy od jawnego Start; deadline niezależny",FOUNDER DECISION,AI/GDPR/EQUALITY REVIEW,TEST FIRST,10,R026
WEB-0949-01,WEB,19,949,19. Failed / Pivoted Models / Triplebyte,**Lekcja:**,MARKET CLAIM / OBSERVATION,Konkurencja/ceny/startupy,Benchmark historyczny,Przykłady bez linków,**Lekcja:**,"Nie kopiować, nie nowy audyt",YES — korekta / ograniczenie / niepotwierdzona teza,"MARKET INTELLIGENCE: zachować z datą, nie dowód skuteczności Faro, WTP ani potwierdzone partnerstwo. R066: Zachować intel z datą i etykietą źródła; ceny nie są WTP Faro",VENDOR CLAIM / NOT VERIFIED,LICENSE/PROCUREMENT REVIEW,TEST FIRST,"16,21",R066
WEB-0951-01,WEB,19,951,19. Failed / Pivoted Models / Triplebyte,"> assessment technology może mieć wartość nawet wtedy, gdy marketplace nie osiągnie trwałej płynności.",MARKET CLAIM / OBSERVATION,Assessment Center,Wersjonowane zadania,Walidacja i proporcjonalność,"> assessment technology może mieć wartość nawet wtedy, gdy marketplace nie osiągnie trwałej płynności.","§26: typ, liczba, limit, termin przed Start",NO — zachowanie/doprecyzowanie,"MARKET INTELLIGENCE: zachować z datą, nie dowód skuteczności Faro, WTP ani potwierdzone partnerstwo. R026: Timer serwerowy od jawnego Start; deadline niezależny",FOUNDER DECISION,AI/GDPR/EQUALITY REVIEW,TEST FIRST,10,R026
WEB-0953-01,WEB,19,953,19. Failed / Pivoted Models / Triplebyte,"Faro powinno więc projektować employer tooling jako realny produkt, nie tylko dodatek do job boardu.",MARKET CLAIM / OBSERVATION,Konkurencja/ceny/startupy,Benchmark historyczny,Przykłady bez linków,"Faro powinno więc projektować employer tooling jako realny produkt, nie tylko dodatek do job boardu.","Nie kopiować, nie nowy audyt",YES — korekta / ograniczenie / niepotwierdzona teza,"MARKET INTELLIGENCE: zachować z datą, nie dowód skuteczności Faro, WTP ani potwierdzone partnerstwo. R066: Zachować intel z datą i etykietą źródła; ceny nie są WTP Faro",VENDOR CLAIM / NOT VERIFIED,LICENSE/PROCUREMENT REVIEW,TEST FIRST,"16,21",R066
WEB-0957-01,WEB,19,957,19. Failed / Pivoted Models / Mercor,Pivot z szeroko rozumianego AI hiring w stronę expert marketplace dla firm AI.,MARKET CLAIM / OBSERVATION,Konkurencja/ceny/startupy,Benchmark historyczny,Przykłady bez linków,Pivot z szeroko rozumianego AI hiring w stronę expert marketplace dla firm AI.,"Nie kopiować, nie nowy audyt",YES — korekta / ograniczenie / niepotwierdzona teza,"MARKET INTELLIGENCE: zachować z datą, nie dowód skuteczności Faro, WTP ani potwierdzone partnerstwo. R066: Zachować intel z datą i etykietą źródła; ceny nie są WTP Faro",VENDOR CLAIM / NOT VERIFIED,LICENSE/PROCUREMENT REVIEW,TEST FIRST,"16,21",R066
WEB-0959-01,WEB,19,959,19. Failed / Pivoted Models / Mercor,**Lekcja:** vertical liquidity może być znacznie łatwiejsza niż general liquidity.,MARKET CLAIM / OBSERVATION,Konkurencja/ceny/startupy,Benchmark historyczny,Przykłady bez linków,**Lekcja:** vertical liquidity może być znacznie łatwiejsza niż general liquidity.,"Nie kopiować, nie nowy audyt",YES — korekta / ograniczenie / niepotwierdzona teza,"MARKET INTELLIGENCE: zachować z datą, nie dowód skuteczności Faro, WTP ani potwierdzone partnerstwo. R066: Zachować intel z datą i etykietą źródła; ceny nie są WTP Faro",VENDOR CLAIM / NOT VERIFIED,LICENSE/PROCUREMENT REVIEW,TEST FIRST,"16,21",R066
WEB-0961-01,WEB,19,961,19. Failed / Pivoted Models / Mercor,"Nie oznacza to zawężenia publicznego Faro do branży. Oznacza, że **pozyskiwanie podaży/popytu powinno mieć konkretne wedges.**",MARKET CLAIM / OBSERVATION,Konkurencja/ceny/startupy,Benchmark historyczny,Przykłady bez linków,"Nie oznacza to zawężenia publicznego Faro do branży. Oznacza, że **pozyskiwanie podaży/popytu powinno mieć konkretne wedges.**","Nie kopiować, nie nowy audyt",YES — korekta / ograniczenie / niepotwierdzona teza,"MARKET INTELLIGENCE: zachować z datą, nie dowód skuteczności Faro, WTP ani potwierdzone partnerstwo. R066: Zachować intel z datą i etykietą źródła; ceny nie są WTP Faro",VENDOR CLAIM / NOT VERIFIED,LICENSE/PROCUREMENT REVIEW,TEST FIRST,"16,21",R066
WEB-0965-01,WEB,19,965,19. Failed / Pivoted Models / Hired / Vettery,Historyczne reverse recruiting marketplaces musiały się konsolidować.,MARKET CLAIM / OBSERVATION,Konkurencja/ceny/startupy,Benchmark historyczny,Przykłady bez linków,Historyczne reverse recruiting marketplaces musiały się konsolidować.,"Nie kopiować, nie nowy audyt",YES — korekta / ograniczenie / niepotwierdzona teza,"MARKET INTELLIGENCE: zachować z datą, nie dowód skuteczności Faro, WTP ani potwierdzone partnerstwo. R066: Zachować intel z datą i etykietą źródła; ceny nie są WTP Faro",VENDOR CLAIM / NOT VERIFIED,LICENSE/PROCUREMENT REVIEW,TEST FIRST,"16,21",R066
WEB-0967-01,WEB,19,967,19. Failed / Pivoted Models / Hired / Vettery,"**Lekcja:** „pracodawcy licytują się o kandydatów” brzmi świetnie w decku, ale nie usuwa problemu podaży, jakości ani częstotliwości transakcji.",MARKET CLAIM / OBSERVATION,Konkurencja/ceny/startupy,Benchmark historyczny,Przykłady bez linków,"**Lekcja:** „pracodawcy licytują się o kandydatów” brzmi świetnie w decku, ale nie usuwa problemu podaży, jakości ani częstotliwości transakcji.","Nie kopiować, nie nowy audyt",YES — korekta / ograniczenie / niepotwierdzona teza,"MARKET INTELLIGENCE: zachować z datą, nie dowód skuteczności Faro, WTP ani potwierdzone partnerstwo. R066: Zachować intel z datą i etykietą źródła; ceny nie są WTP Faro",VENDOR CLAIM / NOT VERIFIED,LICENSE/PROCUREMENT REVIEW,TEST FIRST,"16,21",R066
WEB-0971-01,WEB,19,971,19. Failed / Pivoted Models / Wspólny pattern,Najbardziej niebezpieczny pomysł to:,MARKET CLAIM / OBSERVATION,Konkurencja/ceny/startupy,Benchmark historyczny,Przykłady bez linków,Najbardziej niebezpieczny pomysł to:,"Nie kopiować, nie nowy audyt",YES — korekta / ograniczenie / niepotwierdzona teza,"MARKET INTELLIGENCE: zachować z datą, nie dowód skuteczności Faro, WTP ani potwierdzone partnerstwo. R066: Zachować intel z datą i etykietą źródła; ceny nie są WTP Faro",VENDOR CLAIM / NOT VERIFIED,LICENSE/PROCUREMENT REVIEW,TEST FIRST,"16,21",R066
WEB-0973-01,WEB,19,973,19. Failed / Pivoted Models / Wspólny pattern,"> „Najpierw uruchomimy marketplace w całej Polsce, a użytkownicy i firmy się pojawią.”",MARKET CLAIM / OBSERVATION,Nationwide,Trójmiasto/operacje jako pierwszy rynek,Nationwide nie usuwa nierówności,"> „Najpierw uruchomimy marketplace w całej Polsce, a użytkownicy i firmy się pojawią.”",§39: publicznie cała Polska,YES — korekta / ograniczenie / niepotwierdzona teza,"MARKET INTELLIGENCE: zachować z datą, nie dowód skuteczności Faro, WTP ani potwierdzone partnerstwo. R036: Żadnego geofence; budżet kampanii można koncentrować w komórkach",FOUNDER DECISION; liquidity risk,MARKETING REVIEW,TEST FIRST,"15,16,18",R036
WEB-0975-01,WEB,19,975,19. Failed / Pivoted Models / Wspólny pattern,Nie pojawią się automatycznie.,MARKET CLAIM / OBSERVATION,Konkurencja/ceny/startupy,Benchmark historyczny,Przykłady bez linków,Nie pojawią się automatycznie.,"Nie kopiować, nie nowy audyt",YES — korekta / ograniczenie / niepotwierdzona teza,"MARKET INTELLIGENCE: zachować z datą, nie dowód skuteczności Faro, WTP ani potwierdzone partnerstwo. R066: Zachować intel z datą i etykietą źródła; ceny nie są WTP Faro",VENDOR CLAIM / NOT VERIFIED,LICENSE/PROCUREMENT REVIEW,TEST FIRST,"16,21",R066
WEB-0981-01,WEB,20,981,20. Marketplace Cold Start,Faro powinno być dostępne **w całej Polsce od dnia publicznego startu**.,RECOMMENDATION / INTERPRETATION,Nationwide,Trójmiasto/operacje jako pierwszy rynek,Nationwide nie usuwa nierówności,Faro powinno być dostępne **w całej Polsce od dnia publicznego startu**.,§39: publicznie cała Polska,YES — korekta / ograniczenie / niepotwierdzona teza,R036: Żadnego geofence; budżet kampanii można koncentrować w komórkach,FOUNDER DECISION; liquidity risk,MARKETING REVIEW,ACCEPT WITH MODIFICATION,"15,16,18",R036
WEB-0983-01,WEB,20,983,20. Marketplace Cold Start,Jednocześnie należy rozróżnić:,RECOMMENDATION / INTERPRETATION,Nationwide,Trójmiasto/operacje jako pierwszy rynek,Nationwide nie usuwa nierówności,Jednocześnie należy rozróżnić:,§39: publicznie cała Polska,YES — korekta / ograniczenie / niepotwierdzona teza,R036: Żadnego geofence; budżet kampanii można koncentrować w komórkach,FOUNDER DECISION; liquidity risk,MARKETING REVIEW,ACCEPT WITH MODIFICATION,"15,16,18",R036
WEB-0985-01,WEB,20,985,20. Marketplace Cold Start,**product availability**,RECOMMENDATION / INTERPRETATION,Nationwide,Trójmiasto/operacje jako pierwszy rynek,Nationwide nie usuwa nierówności,**product availability**,§39: publicznie cała Polska,YES — korekta / ograniczenie / niepotwierdzona teza,R036: Żadnego geofence; budżet kampanii można koncentrować w komórkach,FOUNDER DECISION; liquidity risk,MARKETING REVIEW,ACCEPT WITH MODIFICATION,"15,16,18",R036
WEB-0986-01,WEB,20,986,20. Marketplace Cold Start,od,RECOMMENDATION / INTERPRETATION,Nationwide,Trójmiasto/operacje jako pierwszy rynek,Nationwide nie usuwa nierówności,od,§39: publicznie cała Polska,YES — korekta / ograniczenie / niepotwierdzona teza,R036: Żadnego geofence; budżet kampanii można koncentrować w komórkach,FOUNDER DECISION; liquidity risk,MARKETING REVIEW,ACCEPT WITH MODIFICATION,"15,16,18",R036
WEB-0987-01,WEB,20,987,20. Marketplace Cold Start,**liquidity building**.,RECOMMENDATION / INTERPRETATION,Nationwide,Trójmiasto/operacje jako pierwszy rynek,Nationwide nie usuwa nierówności,**liquidity building**.,§39: publicznie cała Polska,YES — korekta / ograniczenie / niepotwierdzona teza,R036: Żadnego geofence; budżet kampanii można koncentrować w komórkach,FOUNDER DECISION; liquidity risk,MARKETING REVIEW,ACCEPT WITH MODIFICATION,"15,16,18",R036
WEB-0991-01,WEB,20,991,20. Marketplace Cold Start / Model Faro,```text,RECOMMENDATION / INTERPRETATION,Nationwide,Trójmiasto/operacje jako pierwszy rynek,Nationwide nie usuwa nierówności,```text,§39: publicznie cała Polska,YES — korekta / ograniczenie / niepotwierdzona teza,R036: Żadnego geofence; budżet kampanii można koncentrować w komórkach,FOUNDER DECISION; liquidity risk,MARKETING REVIEW,ACCEPT WITH MODIFICATION,"15,16,18",R036
WEB-0992-01,WEB,20,992,20. Marketplace Cold Start / Model Faro,CAŁA POLSKA,RECOMMENDATION / INTERPRETATION,Nationwide,Trójmiasto/operacje jako pierwszy rynek,Nationwide nie usuwa nierówności,CAŁA POLSKA,§39: publicznie cała Polska,YES — korekta / ograniczenie / niepotwierdzona teza,R036: Żadnego geofence; budżet kampanii można koncentrować w komórkach,FOUNDER DECISION; liquidity risk,MARKETING REVIEW,ACCEPT WITH MODIFICATION,"15,16,18",R036
WEB-0993-01,WEB,20,993,20. Marketplace Cold Start / Model Faro,│,RECOMMENDATION / INTERPRETATION,Nationwide,Trójmiasto/operacje jako pierwszy rynek,Nationwide nie usuwa nierówności,│,§39: publicznie cała Polska,YES — korekta / ograniczenie / niepotwierdzona teza,R036: Żadnego geofence; budżet kampanii można koncentrować w komórkach,FOUNDER DECISION; liquidity risk,MARKETING REVIEW,ACCEPT WITH MODIFICATION,"15,16,18",R036
WEB-0994-01,WEB,20,994,20. Marketplace Cold Start / Model Faro,▼,RECOMMENDATION / INTERPRETATION,Nationwide,Trójmiasto/operacje jako pierwszy rynek,Nationwide nie usuwa nierówności,▼,§39: publicznie cała Polska,YES — korekta / ograniczenie / niepotwierdzona teza,R036: Żadnego geofence; budżet kampanii można koncentrować w komórkach,FOUNDER DECISION; liquidity risk,MARKETING REVIEW,ACCEPT WITH MODIFICATION,"15,16,18",R036
WEB-0995-01,WEB,20,995,20. Marketplace Cold Start / Model Faro,publiczny produkt Faro,RECOMMENDATION / INTERPRETATION,Nationwide,Trójmiasto/operacje jako pierwszy rynek,Nationwide nie usuwa nierówności,publiczny produkt Faro,§39: publicznie cała Polska,YES — korekta / ograniczenie / niepotwierdzona teza,R036: Żadnego geofence; budżet kampanii można koncentrować w komórkach,FOUNDER DECISION; liquidity risk,MARKETING REVIEW,ACCEPT WITH MODIFICATION,"15,16,18",R036
WEB-0996-01,WEB,20,996,20. Marketplace Cold Start / Model Faro,│,RECOMMENDATION / INTERPRETATION,Nationwide,Trójmiasto/operacje jako pierwszy rynek,Nationwide nie usuwa nierówności,│,§39: publicznie cała Polska,YES — korekta / ograniczenie / niepotwierdzona teza,R036: Żadnego geofence; budżet kampanii można koncentrować w komórkach,FOUNDER DECISION; liquidity risk,MARKETING REVIEW,ACCEPT WITH MODIFICATION,"15,16,18",R036
WEB-0997-01,WEB,20,997,20. Marketplace Cold Start / Model Faro,├─ logistics × Mazowieckie,RECOMMENDATION / INTERPRETATION,Nationwide,Trójmiasto/operacje jako pierwszy rynek,Nationwide nie usuwa nierówności,├─ logistics × Mazowieckie,§39: publicznie cała Polska,YES — korekta / ograniczenie / niepotwierdzona teza,R036: Żadnego geofence; budżet kampanii można koncentrować w komórkach,FOUNDER DECISION; liquidity risk,MARKETING REVIEW,ACCEPT WITH MODIFICATION,"15,16,18",R036
WEB-0998-01,WEB,20,998,20. Marketplace Cold Start / Model Faro,├─ retail × duże miasta,RECOMMENDATION / INTERPRETATION,Nationwide,Trójmiasto/operacje jako pierwszy rynek,Nationwide nie usuwa nierówności,├─ retail × duże miasta,§39: publicznie cała Polska,YES — korekta / ograniczenie / niepotwierdzona teza,R036: Żadnego geofence; budżet kampanii można koncentrować w komórkach,FOUNDER DECISION; liquidity risk,MARKETING REVIEW,ACCEPT WITH MODIFICATION,"15,16,18",R036
WEB-0999-01,WEB,20,999,20. Marketplace Cold Start / Model Faro,├─ production × Śląskie / Łódzkie / Wielkopolskie,RECOMMENDATION / INTERPRETATION,Nationwide,Trójmiasto/operacje jako pierwszy rynek,Nationwide nie usuwa nierówności,├─ production × Śląskie / Łódzkie / Wielkopolskie,§39: publicznie cała Polska,YES — korekta / ograniczenie / niepotwierdzona teza,R036: Żadnego geofence; budżet kampanii można koncentrować w komórkach,FOUNDER DECISION; liquidity risk,MARKETING REVIEW,ACCEPT WITH MODIFICATION,"15,16,18",R036
WEB-1000-01,WEB,20,1000,20. Marketplace Cold Start / Model Faro,├─ junior white collar × nationwide,RECOMMENDATION / INTERPRETATION,Nationwide,Trójmiasto/operacje jako pierwszy rynek,Nationwide nie usuwa nierówności,├─ junior white collar × nationwide,§39: publicznie cała Polska,YES — korekta / ograniczenie / niepotwierdzona teza,R036: Żadnego geofence; budżet kampanii można koncentrować w komórkach,FOUNDER DECISION; liquidity risk,MARKETING REVIEW,ACCEPT WITH MODIFICATION,"15,16,18",R036
WEB-1001-01,WEB,20,1001,20. Marketplace Cold Start / Model Faro,├─ IT × remote/hybrid,RECOMMENDATION / INTERPRETATION,Nationwide,Trójmiasto/operacje jako pierwszy rynek,Nationwide nie usuwa nierówności,├─ IT × remote/hybrid,§39: publicznie cała Polska,YES — korekta / ograniczenie / niepotwierdzona teza,R036: Żadnego geofence; budżet kampanii można koncentrować w komórkach,FOUNDER DECISION; liquidity risk,MARKETING REVIEW,ACCEPT WITH MODIFICATION,"15,16,18",R036
WEB-1002-01,WEB,20,1002,20. Marketplace Cold Start / Model Faro,└─ customer service × nationwide,RECOMMENDATION / INTERPRETATION,Nationwide,Trójmiasto/operacje jako pierwszy rynek,Nationwide nie usuwa nierówności,└─ customer service × nationwide,§39: publicznie cała Polska,YES — korekta / ograniczenie / niepotwierdzona teza,R036: Żadnego geofence; budżet kampanii można koncentrować w komórkach,FOUNDER DECISION; liquidity risk,MARKETING REVIEW,ACCEPT WITH MODIFICATION,"15,16,18",R036
WEB-1003-01,WEB,20,1003,20. Marketplace Cold Start / Model Faro,│,RECOMMENDATION / INTERPRETATION,Nationwide,Trójmiasto/operacje jako pierwszy rynek,Nationwide nie usuwa nierówności,│,§39: publicznie cała Polska,YES — korekta / ograniczenie / niepotwierdzona teza,R036: Żadnego geofence; budżet kampanii można koncentrować w komórkach,FOUNDER DECISION; liquidity risk,MARKETING REVIEW,ACCEPT WITH MODIFICATION,"15,16,18",R036
WEB-1004-01,WEB,20,1004,20. Marketplace Cold Start / Model Faro,▼,RECOMMENDATION / INTERPRETATION,Nationwide,Trójmiasto/operacje jako pierwszy rynek,Nationwide nie usuwa nierówności,▼,§39: publicznie cała Polska,YES — korekta / ograniczenie / niepotwierdzona teza,R036: Żadnego geofence; budżet kampanii można koncentrować w komórkach,FOUNDER DECISION; liquidity risk,MARKETING REVIEW,ACCEPT WITH MODIFICATION,"15,16,18",R036
WEB-1005-01,WEB,20,1005,20. Marketplace Cold Start / Model Faro,osobne kampanie liquidity,RECOMMENDATION / INTERPRETATION,Nationwide,Trójmiasto/operacje jako pierwszy rynek,Nationwide nie usuwa nierówności,osobne kampanie liquidity,§39: publicznie cała Polska,YES — korekta / ograniczenie / niepotwierdzona teza,R036: Żadnego geofence; budżet kampanii można koncentrować w komórkach,FOUNDER DECISION; liquidity risk,MARKETING REVIEW,ACCEPT WITH MODIFICATION,"15,16,18",R036
WEB-1008-01,WEB,20,1008,20. Marketplace Cold Start / Model Faro,To nie są ograniczenia produktu. To **atomic liquidity cells**.,RECOMMENDATION / INTERPRETATION,Nationwide,Trójmiasto/operacje jako pierwszy rynek,Nationwide nie usuwa nierówności,To nie są ograniczenia produktu. To **atomic liquidity cells**.,§39: publicznie cała Polska,YES — korekta / ograniczenie / niepotwierdzona teza,R036: Żadnego geofence; budżet kampanii można koncentrować w komórkach,FOUNDER DECISION; liquidity risk,MARKETING REVIEW,ACCEPT WITH MODIFICATION,"15,16,18",R036
WEB-1014-01,WEB,20,1014,"20. Marketplace Cold Start / Mechanizmy z innych marketplace'ów, które warto przejąć / 1. Hard side first",Jeżeli trudniejszą stroną w danym segmencie są pracodawcy — seed employers przed kupowaniem dużej candidate traffic.,RECOMMENDATION / INTERPRETATION,Nationwide,Trójmiasto/operacje jako pierwszy rynek,Nationwide nie usuwa nierówności,Jeżeli trudniejszą stroną w danym segmencie są pracodawcy — seed employers przed kupowaniem dużej candidate traffic.,§39: publicznie cała Polska,YES — korekta / ograniczenie / niepotwierdzona teza,R036: Żadnego geofence; budżet kampanii można koncentrować w komórkach,FOUNDER DECISION; liquidity risk,MARKETING REVIEW,ACCEPT WITH MODIFICATION,"15,16,18",R036
WEB-1018-01,WEB,20,1018,"20. Marketplace Cold Start / Mechanizmy z innych marketplace'ów, które warto przejąć / 2. Single-player utility",Użytkownik powinien mieć wartość nawet bez transaction:,RECOMMENDATION / INTERPRETATION,Nationwide,Trójmiasto/operacje jako pierwszy rynek,Nationwide nie usuwa nierówności,Użytkownik powinien mieć wartość nawet bez transaction:,§39: publicznie cała Polska,YES — korekta / ograniczenie / niepotwierdzona teza,R036: Żadnego geofence; budżet kampanii można koncentrować w komórkach,FOUNDER DECISION; liquidity risk,MARKETING REVIEW,ACCEPT WITH MODIFICATION,"15,16,18",R036
WEB-1020-01,WEB,20,1020,"20. Marketplace Cold Start / Mechanizmy z innych marketplace'ów, które warto przejąć / 2. Single-player utility","- netto calculator,",RECOMMENDATION / INTERPRETATION,Netto engine,Niepełny,Nie waliduje podatków,"- netto calculator,",§49: netto nie własnością oferty,NO — zachowanie/doprecyzowanie,R049: Scenariusz użytkownika + wersja prawa + zakres niepewności,FOUNDER DECISION; podatki REVIEW,TAX GATE,ACCEPT WITH MODIFICATION,13,R049
WEB-1021-01,WEB,20,1021,"20. Marketplace Cold Start / Mechanizmy z innych marketplace'ów, które warto przejąć / 2. Single-player utility","- commute,",RECOMMENDATION / INTERPRETATION,Nationwide,Trójmiasto/operacje jako pierwszy rynek,Nationwide nie usuwa nierówności,"- commute,",§39: publicznie cała Polska,YES — korekta / ograniczenie / niepotwierdzona teza,R036: Żadnego geofence; budżet kampanii można koncentrować w komórkach,FOUNDER DECISION; liquidity risk,MARKETING REVIEW,ACCEPT WITH MODIFICATION,"15,16,18",R036
WEB-1022-01,WEB,20,1022,"20. Marketplace Cold Start / Mechanizmy z innych marketplace'ów, które warto przejąć / 2. Single-player utility","- job comparison,",RECOMMENDATION / INTERPRETATION,Nationwide,Trójmiasto/operacje jako pierwszy rynek,Nationwide nie usuwa nierówności,"- job comparison,",§39: publicznie cała Polska,YES — korekta / ograniczenie / niepotwierdzona teza,R036: Żadnego geofence; budżet kampanii można koncentrować w komórkach,FOUNDER DECISION; liquidity risk,MARKETING REVIEW,ACCEPT WITH MODIFICATION,"15,16,18",R036
WEB-1023-01,WEB,20,1023,"20. Marketplace Cold Start / Mechanizmy z innych marketplace'ów, które warto przejąć / 2. Single-player utility","- transferable skills map,",RECOMMENDATION / INTERPRETATION,AI tłumaczy doświadczenie,Confirmed/inferred/unknown,Weryfikacja deklaracji,"- transferable skills map,","§5,33: każda propozycja zatwierdzana",NO — zachowanie/doprecyzowanie,R004: Proposal nie jest SkillClaim; tytuł pracy nie dowodzi wykonywania czynności,FOUNDER DECISION,AI/GDPR REVIEW,ACCEPT WITH MODIFICATION,"05,08",R004
WEB-1024-01,WEB,20,1024,"20. Marketplace Cold Start / Mechanizmy z innych marketplace'ów, które warto przejąć / 2. Single-player utility","- tracker,",RECOMMENDATION / INTERPRETATION,Nationwide,Trójmiasto/operacje jako pierwszy rynek,Nationwide nie usuwa nierówności,"- tracker,",§39: publicznie cała Polska,YES — korekta / ograniczenie / niepotwierdzona teza,R036: Żadnego geofence; budżet kampanii można koncentrować w komórkach,FOUNDER DECISION; liquidity risk,MARKETING REVIEW,ACCEPT WITH MODIFICATION,"15,16,18",R036
WEB-1025-01,WEB,20,1025,"20. Marketplace Cold Start / Mechanizmy z innych marketplace'ów, które warto przejąć / 2. Single-player utility",- career direction.,RECOMMENDATION / INTERPRETATION,Nationwide,Trójmiasto/operacje jako pierwszy rynek,Nationwide nie usuwa nierówności,- career direction.,§39: publicznie cała Polska,YES — korekta / ograniczenie / niepotwierdzona teza,R036: Żadnego geofence; budżet kampanii można koncentrować w komórkach,FOUNDER DECISION; liquidity risk,MARKETING REVIEW,ACCEPT WITH MODIFICATION,"15,16,18",R036
WEB-1027-01,WEB,20,1027,"20. Marketplace Cold Start / Mechanizmy z innych marketplace'ów, które warto przejąć / 2. Single-player utility",To jest prawdopodobnie najważniejsze rozwiązanie problemu cold-start Faro.,RECOMMENDATION / INTERPRETATION,Nationwide,Trójmiasto/operacje jako pierwszy rynek,Nationwide nie usuwa nierówności,To jest prawdopodobnie najważniejsze rozwiązanie problemu cold-start Faro.,§39: publicznie cała Polska,YES — korekta / ograniczenie / niepotwierdzona teza,R036: Żadnego geofence; budżet kampanii można koncentrować w komórkach,FOUNDER DECISION; liquidity risk,MARKETING REVIEW,ACCEPT WITH MODIFICATION,"15,16,18",R036
WEB-1031-01,WEB,20,1031,"20. Marketplace Cold Start / Mechanizmy z innych marketplace'ów, które warto przejąć / 3. Concierge na początku","Pierwsze dopasowania można ręcznie kontrolować, żeby zobaczyć, czego algorytm jeszcze nie rozumie.",RECOMMENDATION / INTERPRETATION,Nationwide,Trójmiasto/operacje jako pierwszy rynek,Nationwide nie usuwa nierówności,"Pierwsze dopasowania można ręcznie kontrolować, żeby zobaczyć, czego algorytm jeszcze nie rozumie.",§39: publicznie cała Polska,YES — korekta / ograniczenie / niepotwierdzona teza,R036: Żadnego geofence; budżet kampanii można koncentrować w komórkach,FOUNDER DECISION; liquidity risk,MARKETING REVIEW,ACCEPT WITH MODIFICATION,"15,16,18",R036
WEB-1035-01,WEB,20,1035,"20. Marketplace Cold Start / Mechanizmy z innych marketplace'ów, które warto przejąć / 4. Anchor employers",10 firm mających wiele rzeczywistych rekrutacji może mieć większą wartość niż 1000 przypadkowych employer accounts.,RECOMMENDATION / INTERPRETATION,Nationwide,Trójmiasto/operacje jako pierwszy rynek,Nationwide nie usuwa nierówności,10 firm mających wiele rzeczywistych rekrutacji może mieć większą wartość niż 1000 przypadkowych employer accounts.,§39: publicznie cała Polska,YES — korekta / ograniczenie / niepotwierdzona teza,R036: Żadnego geofence; budżet kampanii można koncentrować w komórkach,FOUNDER DECISION; liquidity risk,MARKETING REVIEW,ACCEPT WITH MODIFICATION,"15,16,18",R036
WEB-1039-01,WEB,20,1039,"20. Marketplace Cold Start / Mechanizmy z innych marketplace'ów, które warto przejąć / 5. Free core",Tu koncepcja Faro jest sensowna.,RECOMMENDATION / INTERPRETATION,Free-first,Free core i możliwy płatny pilot,Kandydat bez opłat,Tu koncepcja Faro jest sensowna.,§36: obie strony darmowe,YES — korekta / ograniczenie / niepotwierdzona teza,R033: Cały startowy produkt bezpłatny; zero komunikatu Free Plan,FOUNDER DECISION,TERMS REVIEW,ACCEPT WITH MODIFICATION,"15,16,18",R033
WEB-1041-01,WEB,20,1041,"20. Marketplace Cold Start / Mechanizmy z innych marketplace'ów, które warto przejąć / 5. Free core",Nie powinno być opłaty za dostęp do płynności na starcie.,RECOMMENDATION / INTERPRETATION,Free-first,Free core i możliwy płatny pilot,Kandydat bez opłat,Nie powinno być opłaty za dostęp do płynności na starcie.,§36: obie strony darmowe,YES — korekta / ograniczenie / niepotwierdzona teza,R033: Cały startowy produkt bezpłatny; zero komunikatu Free Plan,FOUNDER DECISION,TERMS REVIEW,ACCEPT WITH MODIFICATION,"15,16,18",R033
WEB-1045-01,WEB,20,1045,20. Marketplace Cold Start / Bardzo ważne,Nie budowałbym mechanizmu:,RECOMMENDATION / INTERPRETATION,Nationwide,Trójmiasto/operacje jako pierwszy rynek,Nationwide nie usuwa nierówności,Nie budowałbym mechanizmu:,§39: publicznie cała Polska,YES — korekta / ograniczenie / niepotwierdzona teza,R036: Żadnego geofence; budżet kampanii można koncentrować w komórkach,FOUNDER DECISION; liquidity risk,MARKETING REVIEW,ACCEPT WITH MODIFICATION,"15,16,18",R036
WEB-1047-01,WEB,20,1047,20. Marketplace Cold Start / Bardzo ważne,**„zapłać więcej → Twoja oferta jest oceniana jako lepsza / wyświetla się jako bardziej dopasowana.”**,RECOMMENDATION / INTERPRETATION,Nationwide,Trójmiasto/operacje jako pierwszy rynek,Nationwide nie usuwa nierówności,**„zapłać więcej → Twoja oferta jest oceniana jako lepsza / wyświetla się jako bardziej dopasowana.”**,§39: publicznie cała Polska,YES — korekta / ograniczenie / niepotwierdzona teza,R036: Żadnego geofence; budżet kampanii można koncentrować w komórkach,FOUNDER DECISION; liquidity risk,MARKETING REVIEW,ACCEPT WITH MODIFICATION,"15,16,18",R036
WEB-1049-01,WEB,20,1049,20. Marketplace Cold Start / Bardzo ważne,To niszczy wiarygodność explainable matching.,RECOMMENDATION / INTERPRETATION,Nationwide,Trójmiasto/operacje jako pierwszy rynek,Nationwide nie usuwa nierówności,To niszczy wiarygodność explainable matching.,§39: publicznie cała Polska,YES — korekta / ograniczenie / niepotwierdzona teza,R036: Żadnego geofence; budżet kampanii można koncentrować w komórkach,FOUNDER DECISION; liquidity risk,MARKETING REVIEW,ACCEPT WITH MODIFICATION,"15,16,18",R036
WEB-1055-01,WEB,21,1055,21. Opportunities Faro Has Missed,"Widzę co najmniej **12 bardzo wartościowych możliwości**, które zasługują na dopisanie lub mocniejsze potraktowanie.",RECOMMENDATION / INTERPRETATION,MVP vs wizja,Wąski pilot,Iteracyjne testy,"Widzę co najmniej **12 bardzo wartościowych możliwości**, które zasługują na dopisanie lub mocniejsze potraktowanie.",§57 nie wszystkoMVP,NO — zachowanie/doprecyzowanie,"R071: MVP proces i jawność; economics,wallet,assessment etapami bez usuwania z wizji",FOUNDER DECISION; sequencing proposal,GATES PER MODULE,ACCEPT WITH MODIFICATION,"18,19",R071
WEB-1059-01,WEB,21,1059,21. Opportunities Faro Has Missed / 1. Skill Evidence Graph,Nie tylko skill list.,RECOMMENDATION / INTERPRETATION,Źródła kompetencji,Dowody rozdzielone,Ryzyko credentialism,Nie tylko skill list.,"§6,32: źródło, poziom, praktyka, dowód, weryfikacja",NO — zachowanie/doprecyzowanie,R006: Nie zrównywać automatycznie hobby i pracy; nie dyskwalifikować hobby,FOUNDER DECISION,FAIRNESS REVIEW,ACCEPT WITH MODIFICATION,08,R006
WEB-1061-01,WEB,21,1061,21. Opportunities Faro Has Missed / 1. Skill Evidence Graph,Każdy skill ma:,RECOMMENDATION / INTERPRETATION,Źródła kompetencji,Dowody rozdzielone,Ryzyko credentialism,Każdy skill ma:,"§6,32: źródło, poziom, praktyka, dowód, weryfikacja",NO — zachowanie/doprecyzowanie,R006: Nie zrównywać automatycznie hobby i pracy; nie dyskwalifikować hobby,FOUNDER DECISION,FAIRNESS REVIEW,ACCEPT WITH MODIFICATION,08,R006
WEB-1063-01,WEB,21,1063,21. Opportunities Faro Has Missed / 1. Skill Evidence Graph,**źródło → dowód → confidence → aktualność.**,RECOMMENDATION / INTERPRETATION,Źródła kompetencji,Dowody rozdzielone,Ryzyko credentialism,**źródło → dowód → confidence → aktualność.**,"§6,32: źródło, poziom, praktyka, dowód, weryfikacja",NO — zachowanie/doprecyzowanie,R006: Nie zrównywać automatycznie hobby i pracy; nie dyskwalifikować hobby,FOUNDER DECISION,FAIRNESS REVIEW,ACCEPT WITH MODIFICATION,08,R006
WEB-1065-01,WEB,21,1065,21. Opportunities Faro Has Missed / 1. Skill Evidence Graph,Przykład:,RECOMMENDATION / INTERPRETATION,Źródła kompetencji,Dowody rozdzielone,Ryzyko credentialism,Przykład:,"§6,32: źródło, poziom, praktyka, dowód, weryfikacja",NO — zachowanie/doprecyzowanie,R006: Nie zrównywać automatycznie hobby i pracy; nie dyskwalifikować hobby,FOUNDER DECISION,FAIRNESS REVIEW,ACCEPT WITH MODIFICATION,08,R006
WEB-1067-01,WEB,21,1067,21. Opportunities Faro Has Missed / 1. Skill Evidence Graph,> Excel,RECOMMENDATION / INTERPRETATION,Źródła kompetencji,Dowody rozdzielone,Ryzyko credentialism,> Excel,"§6,32: źródło, poziom, praktyka, dowód, weryfikacja",NO — zachowanie/doprecyzowanie,R006: Nie zrównywać automatycznie hobby i pracy; nie dyskwalifikować hobby,FOUNDER DECISION,FAIRNESS REVIEW,ACCEPT WITH MODIFICATION,08,R006
WEB-1068-01,WEB,21,1068,21. Opportunities Faro Has Missed / 1. Skill Evidence Graph,> deklaracja użytkownika,RECOMMENDATION / INTERPRETATION,Źródła kompetencji,Dowody rozdzielone,Ryzyko credentialism,> deklaracja użytkownika,"§6,32: źródło, poziom, praktyka, dowód, weryfikacja",NO — zachowanie/doprecyzowanie,R006: Nie zrównywać automatycznie hobby i pracy; nie dyskwalifikować hobby,FOUNDER DECISION,FAIRNESS REVIEW,ACCEPT WITH MODIFICATION,08,R006
WEB-1069-01,WEB,21,1069,21. Opportunities Faro Has Missed / 1. Skill Evidence Graph,> używany 3 lata,RECOMMENDATION / INTERPRETATION,Źródła kompetencji,Dowody rozdzielone,Ryzyko credentialism,> używany 3 lata,"§6,32: źródło, poziom, praktyka, dowód, weryfikacja",NO — zachowanie/doprecyzowanie,R006: Nie zrównywać automatycznie hobby i pracy; nie dyskwalifikować hobby,FOUNDER DECISION,FAIRNESS REVIEW,ACCEPT WITH MODIFICATION,08,R006
WEB-1070-01,WEB,21,1070,21. Opportunities Faro Has Missed / 1. Skill Evidence Graph,> assessment 84/100,RECOMMENDATION / INTERPRETATION,Assessment Center,Wersjonowane zadania,Walidacja i proporcjonalność,> assessment 84/100,"§26: typ, liczba, limit, termin przed Start",NO — zachowanie/doprecyzowanie,R026: Timer serwerowy od jawnego Start; deadline niezależny,FOUNDER DECISION,AI/GDPR/EQUALITY REVIEW,ACCEPT WITH MODIFICATION,10,R026
WEB-1071-01,WEB,21,1071,21. Opportunities Faro Has Missed / 1. Skill Evidence Graph,> ostatnio potwierdzony: VIII 2026,RECOMMENDATION / INTERPRETATION,Źródła kompetencji,Dowody rozdzielone,Ryzyko credentialism,> ostatnio potwierdzony: VIII 2026,"§6,32: źródło, poziom, praktyka, dowód, weryfikacja",NO — zachowanie/doprecyzowanie,R006: Nie zrównywać automatycznie hobby i pracy; nie dyskwalifikować hobby,FOUNDER DECISION,FAIRNESS REVIEW,ACCEPT WITH MODIFICATION,08,R006
WEB-1073-01,WEB,21,1073,21. Opportunities Faro Has Missed / 1. Skill Evidence Graph,To może być jeden z najważniejszych assetów Faro.,RECOMMENDATION / INTERPRETATION,Źródła kompetencji,Dowody rozdzielone,Ryzyko credentialism,To może być jeden z najważniejszych assetów Faro.,"§6,32: źródło, poziom, praktyka, dowód, weryfikacja",NO — zachowanie/doprecyzowanie,R006: Nie zrównywać automatycznie hobby i pracy; nie dyskwalifikować hobby,FOUNDER DECISION,FAIRNESS REVIEW,ACCEPT WITH MODIFICATION,08,R006
WEB-1077-01,WEB,21,1077,21. Opportunities Faro Has Missed / 2. Portable assessment credentials,Raz wykonany sensowny assessment można — za zgodą użytkownika — wykorzystać ponownie.,RECOMMENDATION / INTERPRETATION,Assessment Center,Wersjonowane zadania,Walidacja i proporcjonalność,Raz wykonany sensowny assessment można — za zgodą użytkownika — wykorzystać ponownie.,"§26: typ, liczba, limit, termin przed Start",NO — zachowanie/doprecyzowanie,R026: Timer serwerowy od jawnego Start; deadline niezależny,FOUNDER DECISION,AI/GDPR/EQUALITY REVIEW,ACCEPT WITH MODIFICATION,10,R026
WEB-1081-01,WEB,21,1081,21. Opportunities Faro Has Missed / 3. Candidate-controlled identity reveal,"Nazwisko i pedigree nie są widoczne w pierwszym review, ale Faro zna tożsamość i może ją zweryfikować.",RECOMMENDATION / INTERPRETATION,Anonimizacja usuwa bias,Nie gwarantowana,"Raz dwukrotnie, raz50%; generalizacja","Nazwisko i pedigree nie są widoczne w pierwszym review, ale Faro zna tożsamość i może ją zweryfikować.","§3,4 zamknięte",YES — korekta / ograniczenie / niepotwierdzona teza,"R051: Imię i dowody nadal mogą być proxy; monitorować, nie przywracać danych po cichu",S11 experiment; generalizacja LIMITED,FAIRNESS REVIEW,TEST FIRST,"05,21",R051
WEB-1083-01,WEB,21,1083,21. Opportunities Faro Has Missed / 3. Candidate-controlled identity reveal,Po mutual interest:,RECOMMENDATION / INTERPRETATION,Tożsamość pierwszego etapu,Pseudonim i późniejsze ujawnienie,Anonimizacja może zmniejszać bias,Po mutual interest:,"§3: imię dozwolone; nazwisko, zdjęcie, wiek, telefon ukryte",YES — korekta / ograniczenie / niepotwierdzona teza,R002: Serwerowa projekcja z imieniem i kontrolą ujawnienia telefonu po awansie,FOUNDER DECISION; skuteczność HYPOTHESIS,GDPR REVIEW,ACCEPT WITH MODIFICATION,"03,05,14",R002
WEB-1085-01,WEB,21,1085,21. Opportunities Faro Has Missed / 3. Candidate-controlled identity reveal,**Reveal identity.**,RECOMMENDATION / INTERPRETATION,Tożsamość pierwszego etapu,Pseudonim i późniejsze ujawnienie,Anonimizacja może zmniejszać bias,**Reveal identity.**,"§3: imię dozwolone; nazwisko, zdjęcie, wiek, telefon ukryte",YES — korekta / ograniczenie / niepotwierdzona teza,R002: Serwerowa projekcja z imieniem i kontrolą ujawnienia telefonu po awansie,FOUNDER DECISION; skuteczność HYPOTHESIS,GDPR REVIEW,ACCEPT WITH MODIFICATION,"03,05,14",R002
WEB-1087-01,WEB,21,1087,21. Opportunities Faro Has Missed / 3. Candidate-controlled identity reveal,To ogranicza bias bez tworzenia świata anonimowych fake profiles.,RECOMMENDATION / INTERPRETATION,Anonimizacja usuwa bias,Nie gwarantowana,"Raz dwukrotnie, raz50%; generalizacja",To ogranicza bias bez tworzenia świata anonimowych fake profiles.,"§3,4 zamknięte",YES — korekta / ograniczenie / niepotwierdzona teza,"R051: Imię i dowody nadal mogą być proxy; monitorować, nie przywracać danych po cichu",S11 experiment; generalizacja LIMITED,FAIRNESS REVIEW,TEST FIRST,"05,21",R051
WEB-1091-01,WEB,21,1091,21. Opportunities Faro Has Missed / 4. Explainable transferable-skills bridge,Nie tylko:,RECOMMENDATION / INTERPRETATION,AI tłumaczy doświadczenie,Confirmed/inferred/unknown,Weryfikacja deklaracji,Nie tylko:,"§5,33: każda propozycja zatwierdzana",NO — zachowanie/doprecyzowanie,R004: Proposal nie jest SkillClaim; tytuł pracy nie dowodzi wykonywania czynności,FOUNDER DECISION,AI/GDPR REVIEW,ACCEPT WITH MODIFICATION,"05,08",R004
WEB-1093-01,WEB,21,1093,21. Opportunities Faro Has Missed / 4. Explainable transferable-skills bridge,> „pasujesz 76%”.,RECOMMENDATION / INTERPRETATION,AI tłumaczy doświadczenie,Confirmed/inferred/unknown,Weryfikacja deklaracji,> „pasujesz 76%”.,"§5,33: każda propozycja zatwierdzana",NO — zachowanie/doprecyzowanie,R004: Proposal nie jest SkillClaim; tytuł pracy nie dowodzi wykonywania czynności,FOUNDER DECISION,AI/GDPR REVIEW,ACCEPT WITH MODIFICATION,"05,08",R004
WEB-1095-01,WEB,21,1095,21. Opportunities Faro Has Missed / 4. Explainable transferable-skills bridge,Ale:,RECOMMENDATION / INTERPRETATION,AI tłumaczy doświadczenie,Confirmed/inferred/unknown,Weryfikacja deklaracji,Ale:,"§5,33: każda propozycja zatwierdzana",NO — zachowanie/doprecyzowanie,R004: Proposal nie jest SkillClaim; tytuł pracy nie dowodzi wykonywania czynności,FOUNDER DECISION,AI/GDPR REVIEW,ACCEPT WITH MODIFICATION,"05,08",R004
WEB-1097-01,WEB,21,1097,21. Opportunities Faro Has Missed / 4. Explainable transferable-skills bridge,"> „Twoja obsługa klienta daje Ci 5 z 8 kompetencji wymaganych w customer success. Brakuje X, Y, Z.”",RECOMMENDATION / INTERPRETATION,AI tłumaczy doświadczenie,Confirmed/inferred/unknown,Weryfikacja deklaracji,"> „Twoja obsługa klienta daje Ci 5 z 8 kompetencji wymaganych w customer success. Brakuje X, Y, Z.”","§5,33: każda propozycja zatwierdzana",NO — zachowanie/doprecyzowanie,R004: Proposal nie jest SkillClaim; tytuł pracy nie dowodzi wykonywania czynności,FOUNDER DECISION,AI/GDPR REVIEW,ACCEPT WITH MODIFICATION,"05,08",R004
WEB-1101-01,WEB,21,1101,21. Opportunities Faro Has Missed / 5. Job Economics,To powinno być pełnym modułem.,RECOMMENDATION / INTERPRETATION,MVP vs wizja,Wąski pilot,Iteracyjne testy,To powinno być pełnym modułem.,§57 nie wszystkoMVP,NO — zachowanie/doprecyzowanie,"R071: MVP proces i jawność; economics,wallet,assessment etapami bez usuwania z wizji",FOUNDER DECISION; sequencing proposal,GATES PER MODULE,ACCEPT WITH MODIFICATION,"18,19",R071
WEB-1103-01,WEB,21,1103,21. Opportunities Faro Has Missed / 5. Job Economics,**netto + dojazd + czas + remote days + weekendy + shifts + benefits + stability.**,RECOMMENDATION / INTERPRETATION,Netto engine; Routing/tariff,Niepełny,Nie waliduje podatków,**netto + dojazd + czas + remote days + weekendy + shifts + benefits + stability.**,§49: netto nie własnością oferty,NO — zachowanie/doprecyzowanie,"R049: Scenariusz użytkownika + wersja prawa + zakres niepewności R048: Nieznana taryfa=null, nie0; transitFare nie zawsze dostępne",FOUNDER DECISION; podatki REVIEW,TAX GATE,ACCEPT WITH MODIFICATION,13,R049;R048
WEB-1107-01,WEB,21,1107,21. Opportunities Faro Has Missed / 6. Effective hourly value,Opcjonalna miara:,RECOMMENDATION / INTERPRETATION,Effective Hourly Value,Nie rdzeń,Brak rozstrzygnięcia,Opcjonalna miara:,§22: odrzucone,YES — korekta / ograniczenie / niepotwierdzona teza,R022: Nie implementować ani ukrytej pochodnej tej miary,FOUNDER DECISION,NOT APPLICABLE,REJECT — FOUNDER DECISION,20,R022
WEB-1109-01,WEB,21,1109,21. Opportunities Faro Has Missed / 6. Effective hourly value,`(netto − koszt dojazdu) / (czas pracy + czas dojazdu)`,RECOMMENDATION / INTERPRETATION,Effective Hourly Value; Netto engine; Routing/tariff,Nie rdzeń,Brak rozstrzygnięcia,`(netto − koszt dojazdu) / (czas pracy + czas dojazdu)`,§22: odrzucone,YES — korekta / ograniczenie / niepotwierdzona teza,"R022: Nie implementować ani ukrytej pochodnej tej miary R049: Scenariusz użytkownika + wersja prawa + zakres niepewności R048: Nieznana taryfa=null, nie0; transitFare nie zawsze dostępne",FOUNDER DECISION,NOT APPLICABLE,REJECT — FOUNDER DECISION,20,R022;R049;R048
WEB-1111-01,WEB,21,1111,21. Opportunities Faro Has Missed / 6. Effective hourly value,"Nie jako „ranking życia”, tylko porównywalny wskaźnik.",RECOMMENDATION / INTERPRETATION,Ranking wyników rekrutacji,Ostrożność wobec % ludzi,Uogólniony sprzeciw wobec rankingu,"Nie jako „ranking życia”, tylko porównywalny wskaźnik.",§30: ranking wyników dozwolony,YES — korekta / ograniczenie / niepotwierdzona teza,R030: Tylko porównywalne wersje i rubryki jednej rekrutacji; człowiek decyduje,FOUNDER DECISION; EVIDENCE CONFLICT,AI/GDPR GATE,ACCEPT WITH MODIFICATION,"10,17",R030
WEB-1115-01,WEB,21,1115,21. Opportunities Faro Has Missed / 7. Process reliability score,"Nie publiczne „gwiazdki, bo ktoś jest zły”.",RECOMMENDATION / INTERPRETATION,Symetria odpowiedzialności,Brak globalnej reputacji ludzi,Ghosting obu stron,"Nie publiczne „gwiazdki, bo ktoś jest zły”.",§16: odpowiedzialność obu stron,NO — zachowanie/doprecyzowanie,"R016: Takie same prawa korekty i odwołania, różne obowiązki ról",FOUNDER DECISION,GDPR/DSA REVIEW,ACCEPT WITH MODIFICATION,12,R016
WEB-1117-01,WEB,21,1117,21. Opportunities Faro Has Missed / 7. Process reliability score,Lepiej mierzalne:,RECOMMENDATION / INTERPRETATION,Symetria odpowiedzialności,Brak globalnej reputacji ludzi,Ghosting obu stron,Lepiej mierzalne:,§16: odpowiedzialność obu stron,NO — zachowanie/doprecyzowanie,"R016: Takie same prawa korekty i odwołania, różne obowiązki ról",FOUNDER DECISION,GDPR/DSA REVIEW,ACCEPT WITH MODIFICATION,12,R016
WEB-1119-01,WEB,21,1119,21. Opportunities Faro Has Missed / 7. Process reliability score,"- median response time,",RECOMMENDATION / INTERPRETATION,Symetria odpowiedzialności,Brak globalnej reputacji ludzi,Ghosting obu stron,"- median response time,",§16: odpowiedzialność obu stron,NO — zachowanie/doprecyzowanie,"R016: Takie same prawa korekty i odwołania, różne obowiązki ról",FOUNDER DECISION,GDPR/DSA REVIEW,ACCEPT WITH MODIFICATION,12,R016
WEB-1120-01,WEB,21,1120,21. Opportunities Faro Has Missed / 7. Process reliability score,"- % procesów zakończonych statusem,",RECOMMENDATION / INTERPRETATION,Symetria odpowiedzialności,Brak globalnej reputacji ludzi,Ghosting obu stron,"- % procesów zakończonych statusem,",§16: odpowiedzialność obu stron,NO — zachowanie/doprecyzowanie,"R016: Takie same prawa korekty i odwołania, różne obowiązki ról",FOUNDER DECISION,GDPR/DSA REVIEW,ACCEPT WITH MODIFICATION,12,R016
WEB-1121-01,WEB,21,1121,21. Opportunities Faro Has Missed / 7. Process reliability score,"- % ofert zmienionych po publikacji,",RECOMMENDATION / INTERPRETATION,Symetria odpowiedzialności,Brak globalnej reputacji ludzi,Ghosting obu stron,"- % ofert zmienionych po publikacji,",§16: odpowiedzialność obu stron,NO — zachowanie/doprecyzowanie,"R016: Takie same prawa korekty i odwołania, różne obowiązki ról",FOUNDER DECISION,GDPR/DSA REVIEW,ACCEPT WITH MODIFICATION,12,R016
WEB-1122-01,WEB,21,1122,21. Opportunities Faro Has Missed / 7. Process reliability score,"- % rozmów odwołanych,",RECOMMENDATION / INTERPRETATION,Symetria odpowiedzialności,Brak globalnej reputacji ludzi,Ghosting obu stron,"- % rozmów odwołanych,",§16: odpowiedzialność obu stron,NO — zachowanie/doprecyzowanie,"R016: Takie same prawa korekty i odwołania, różne obowiązki ról",FOUNDER DECISION,GDPR/DSA REVIEW,ACCEPT WITH MODIFICATION,12,R016
WEB-1123-01,WEB,21,1123,21. Opportunities Faro Has Missed / 7. Process reliability score,- aktualność oferty.,RECOMMENDATION / INTERPRETATION,Symetria odpowiedzialności,Brak globalnej reputacji ludzi,Ghosting obu stron,- aktualność oferty.,§16: odpowiedzialność obu stron,NO — zachowanie/doprecyzowanie,"R016: Takie same prawa korekty i odwołania, różne obowiązki ról",FOUNDER DECISION,GDPR/DSA REVIEW,ACCEPT WITH MODIFICATION,12,R016
WEB-1127-01,WEB,21,1127,21. Opportunities Faro Has Missed / 8. Mutual intent handshake,Przed długim assessmentem:,RECOMMENDATION / INTERPRETATION,Assessment Center,Wersjonowane zadania,Walidacja i proporcjonalność,Przed długim assessmentem:,"§26: typ, liczba, limit, termin przed Start",NO — zachowanie/doprecyzowanie,R026: Timer serwerowy od jawnego Start; deadline niezależny,FOUNDER DECISION,AI/GDPR/EQUALITY REVIEW,ACCEPT WITH MODIFICATION,10,R026
WEB-1129-01,WEB,21,1129,21. Opportunities Faro Has Missed / 8. Mutual intent handshake,**pracodawca sygnalizuje realne zainteresowanie**.,RECOMMENDATION / INTERPRETATION,Mutual intent handshake,Interest i accept już istnieją,Brak,**pracodawca sygnalizuje realne zainteresowanie**.,Brak akceptacji nowej bramki,YES — korekta / ograniczenie / niepotwierdzona teza,R060: Sprawdzić czy istniejące interest/accept wystarczają; nie dodawać obowiązkowego kliknięcia,HYPOTHESIS,UX/TERMS REVIEW,TEST FIRST,21,R060
WEB-1131-01,WEB,21,1131,21. Opportunities Faro Has Missed / 8. Mutual intent handshake,Zmniejsza marnowanie czasu kandydata.,RECOMMENDATION / INTERPRETATION,Mutual intent handshake,Interest i accept już istnieją,Brak,Zmniejsza marnowanie czasu kandydata.,Brak akceptacji nowej bramki,YES — korekta / ograniczenie / niepotwierdzona teza,R060: Sprawdzić czy istniejące interest/accept wystarczają; nie dodawać obowiązkowego kliknięcia,HYPOTHESIS,UX/TERMS REVIEW,TEST FIRST,21,R060
WEB-1135-01,WEB,21,1135,21. Opportunities Faro Has Missed / 9. Anti-AI-spam design,Problem najbliższych lat to:,RECOMMENDATION / INTERPRETATION,MVP vs wizja,Wąski pilot,Iteracyjne testy,Problem najbliższych lat to:,§57 nie wszystkoMVP,NO — zachowanie/doprecyzowanie,"R071: MVP proces i jawność; economics,wallet,assessment etapami bez usuwania z wizji",FOUNDER DECISION; sequencing proposal,GATES PER MODULE,ACCEPT WITH MODIFICATION,"18,19",R071
WEB-1137-01,WEB,21,1137,21. Opportunities Faro Has Missed / 9. Anti-AI-spam design,`AI candidate auto-apply ↔ AI employer auto-reject`.,RECOMMENDATION / INTERPRETATION,MVP vs wizja,Wąski pilot,Iteracyjne testy,`AI candidate auto-apply ↔ AI employer auto-reject`.,§57 nie wszystkoMVP,NO — zachowanie/doprecyzowanie,"R071: MVP proces i jawność; economics,wallet,assessment etapami bez usuwania z wizji",FOUNDER DECISION; sequencing proposal,GATES PER MODULE,ACCEPT WITH MODIFICATION,"18,19",R071
WEB-1139-01,WEB,21,1139,21. Opportunities Faro Has Missed / 9. Anti-AI-spam design,Faro powinno celowo nie optymalizować na „wyślij 500 aplikacji”.,RECOMMENDATION / INTERPRETATION,MVP vs wizja,Wąski pilot,Iteracyjne testy,Faro powinno celowo nie optymalizować na „wyślij 500 aplikacji”.,§57 nie wszystkoMVP,NO — zachowanie/doprecyzowanie,"R071: MVP proces i jawność; economics,wallet,assessment etapami bez usuwania z wizji",FOUNDER DECISION; sequencing proposal,GATES PER MODULE,ACCEPT WITH MODIFICATION,"18,19",R071
WEB-1141-01,WEB,21,1141,21. Opportunities Faro Has Missed / 9. Anti-AI-spam design,Lepszy KPI:,RECOMMENDATION / INTERPRETATION,MVP vs wizja,Wąski pilot,Iteracyjne testy,Lepszy KPI:,§57 nie wszystkoMVP,NO — zachowanie/doprecyzowanie,"R071: MVP proces i jawność; economics,wallet,assessment etapami bez usuwania z wizji",FOUNDER DECISION; sequencing proposal,GATES PER MODULE,ACCEPT WITH MODIFICATION,"18,19",R071
WEB-1143-01,WEB,21,1143,21. Opportunities Faro Has Missed / 9. Anti-AI-spam design,**meaningful qualified intent.**,RECOMMENDATION / INTERPRETATION,MVP vs wizja,Wąski pilot,Iteracyjne testy,**meaningful qualified intent.**,§57 nie wszystkoMVP,NO — zachowanie/doprecyzowanie,"R071: MVP proces i jawność; economics,wallet,assessment etapami bez usuwania z wizji",FOUNDER DECISION; sequencing proposal,GATES PER MODULE,ACCEPT WITH MODIFICATION,"18,19",R071
WEB-1147-01,WEB,21,1147,21. Opportunities Faro Has Missed / 10. Employer requirement quality checker,Faro może ostrzegać:,RECOMMENDATION / INTERPRETATION,Requirement quality checker,Podpowiedzi kreatora,Limit MUST sugerowany,Faro może ostrzegać:,"Rozróżnienie MUST/NICE/TEACH, bez liczbowego limitu",YES — korekta / ograniczenie / niepotwierdzona teza,R061: Proste uzasadnienie wymogu w core; osobny AI checker FUTURE,HYPOTHESIS,EQUALITY REVIEW,FUTURE RESEARCH,"20,21",R061
WEB-1149-01,WEB,21,1149,21. Opportunities Faro Has Missed / 10. Employer requirement quality checker,"> „Wymagasz 3 lat doświadczenia, ale podałeś kompetencje typowe dla poziomu junior/mid.”",RECOMMENDATION / INTERPRETATION,Requirement quality checker,Podpowiedzi kreatora,Limit MUST sugerowany,"> „Wymagasz 3 lat doświadczenia, ale podałeś kompetencje typowe dla poziomu junior/mid.”","Rozróżnienie MUST/NICE/TEACH, bez liczbowego limitu",YES — korekta / ograniczenie / niepotwierdzona teza,R061: Proste uzasadnienie wymogu w core; osobny AI checker FUTURE,HYPOTHESIS,EQUALITY REVIEW,FUTURE RESEARCH,"20,21",R061
WEB-1151-01,WEB,21,1151,21. Opportunities Faro Has Missed / 10. Employer requirement quality checker,lub:,RECOMMENDATION / INTERPRETATION,Requirement quality checker,Podpowiedzi kreatora,Limit MUST sugerowany,lub:,"Rozróżnienie MUST/NICE/TEACH, bez liczbowego limitu",YES — korekta / ograniczenie / niepotwierdzona teza,R061: Proste uzasadnienie wymogu w core; osobny AI checker FUTURE,HYPOTHESIS,EQUALITY REVIEW,FUTURE RESEARCH,"20,21",R061
WEB-1153-01,WEB,21,1153,21. Opportunities Faro Has Missed / 10. Employer requirement quality checker,> „Ta kompetencja nie jest używana w żadnym etapie zadeklarowanych obowiązków.”,RECOMMENDATION / INTERPRETATION,Requirement quality checker,Podpowiedzi kreatora,Limit MUST sugerowany,> „Ta kompetencja nie jest używana w żadnym etapie zadeklarowanych obowiązków.”,"Rozróżnienie MUST/NICE/TEACH, bez liczbowego limitu",YES — korekta / ograniczenie / niepotwierdzona teza,R061: Proste uzasadnienie wymogu w core; osobny AI checker FUTURE,HYPOTHESIS,EQUALITY REVIEW,FUTURE RESEARCH,"20,21",R061
WEB-1155-01,WEB,21,1155,21. Opportunities Faro Has Missed / 10. Employer requirement quality checker,To realnie zmienia rynek.,RECOMMENDATION / INTERPRETATION,Requirement quality checker,Podpowiedzi kreatora,Limit MUST sugerowany,To realnie zmienia rynek.,"Rozróżnienie MUST/NICE/TEACH, bez liczbowego limitu",YES — korekta / ograniczenie / niepotwierdzona teza,R061: Proste uzasadnienie wymogu w core; osobny AI checker FUTURE,HYPOTHESIS,EQUALITY REVIEW,FUTURE RESEARCH,"20,21",R061
WEB-1159-01,WEB,21,1159,21. Opportunities Faro Has Missed / 11. Learning feedback loop,Gdy kandydat nie pasuje:,RECOMMENDATION / INTERPRETATION,Nauczymy Cię,Growth Match,Droga do pracy hipotezą,Gdy kandydat nie pasuje:,§9: MUST/NICE/WILL_TEACH,NO — zachowanie/doprecyzowanie,R009: Nauka nie jest blokadą; firma opisuje realną pomoc,FOUNDER DECISION,CLAIM ACCURACY,ACCEPT WITH MODIFICATION,"08,09",R009
WEB-1161-01,WEB,21,1161,21. Opportunities Faro Has Missed / 11. Learning feedback loop,"> „Oto trzy umiejętności, które zwiększą liczbę zgodnych ofert.”",RECOMMENDATION / INTERPRETATION,Nauczymy Cię,Growth Match,Droga do pracy hipotezą,"> „Oto trzy umiejętności, które zwiększą liczbę zgodnych ofert.”",§9: MUST/NICE/WILL_TEACH,NO — zachowanie/doprecyzowanie,R009: Nauka nie jest blokadą; firma opisuje realną pomoc,FOUNDER DECISION,CLAIM ACCURACY,ACCEPT WITH MODIFICATION,"08,09",R009
WEB-1163-01,WEB,21,1163,21. Opportunities Faro Has Missed / 11. Learning feedback loop,Tu „learning-first” staje się rzeczywiste.,RECOMMENDATION / INTERPRETATION,Nauczymy Cię,Growth Match,Droga do pracy hipotezą,Tu „learning-first” staje się rzeczywiste.,§9: MUST/NICE/WILL_TEACH,NO — zachowanie/doprecyzowanie,R009: Nauka nie jest blokadą; firma opisuje realną pomoc,FOUNDER DECISION,CLAIM ACCURACY,ACCEPT WITH MODIFICATION,"08,09",R009
WEB-1167-01,WEB,21,1167,21. Opportunities Faro Has Missed / 12. Changes since application,"Funkcja, którą już przyjęliśmy dla Faro, okazuje się jeszcze ważniejsza w zestawieniu z rynkiem:",RECOMMENDATION / INTERPRETATION,Diff oferty,Wersjonowanie już zalecane,Transparentność ogólna,"Funkcja, którą już przyjęliśmy dla Faro, okazuje się jeszcze ważniejsza w zestawieniu z rynkiem:",§19: konkretny diff,NO — zachowanie/doprecyzowanie,R019: Snapshot wersji przy zainteresowaniu; odróżnij zmianę danych i nowy szacunek netto,FOUNDER DECISION,GDPR/CONTRACT REVIEW,ACCEPT WITH MODIFICATION,"09,11,13",R019
WEB-1169-01,WEB,21,1169,21. Opportunities Faro Has Missed / 12. Changes since application,**„Co zmieniło się od Twojego zgłoszenia?”**,RECOMMENDATION / INTERPRETATION,Diff oferty,Wersjonowanie już zalecane,Transparentność ogólna,**„Co zmieniło się od Twojego zgłoszenia?”**,§19: konkretny diff,NO — zachowanie/doprecyzowanie,R019: Snapshot wersji przy zainteresowaniu; odróżnij zmianę danych i nowy szacunek netto,FOUNDER DECISION,GDPR/CONTRACT REVIEW,ACCEPT WITH MODIFICATION,"09,11,13",R019
WEB-1171-01,WEB,21,1171,21. Opportunities Faro Has Missed / 12. Changes since application,Nie widzę jej jako standardowego core experience w największych job boardach.,RECOMMENDATION / INTERPRETATION,Diff oferty,Wersjonowanie już zalecane,Transparentność ogólna,Nie widzę jej jako standardowego core experience w największych job boardach.,§19: konkretny diff,NO — zachowanie/doprecyzowanie,R019: Snapshot wersji przy zainteresowaniu; odróżnij zmianę danych i nowy szacunek netto,FOUNDER DECISION,GDPR/CONTRACT REVIEW,ACCEPT WITH MODIFICATION,"09,11,13",R019
WEB-1179-01,WEB,22,1179,22. Threats Faro Has Missed / 1. Skills-first może stać się nowym black box,"Usunięcie nazwiska i CV nic nie da, jeżeli model zamieni to na niejasny:",RECOMMENDATION / INTERPRETATION,CV; Anonimizacja usuwa bias,Brak wymaganego CV; prywatny import później,"Skills-first, ale CV traktowane jako jeden predyktor","Usunięcie nazwiska i CV nic nie da, jeżeli model zamieni to na niejasny:",§2: dokument nigdy do firmy,YES — korekta / ograniczenie / niepotwierdzona teza,"R001: ZERO CV w procesie; przyszły import tylko prywatny R051: Imię i dowody nadal mogą być proxy; monitorować, nie przywracać danych po cichu",FOUNDER DECISION,GDPR REVIEW,ACCEPT WITH MODIFICATION,"03,05,06,07",R001;R051
WEB-1181-01,WEB,22,1181,22. Threats Faro Has Missed / 1. Skills-first może stać się nowym black box,**MATCH: 63%.**,RECOMMENDATION / INTERPRETATION,MVP vs wizja,Wąski pilot,Iteracyjne testy,**MATCH: 63%.**,§57 nie wszystkoMVP,NO — zachowanie/doprecyzowanie,"R071: MVP proces i jawność; economics,wallet,assessment etapami bez usuwania z wizji",FOUNDER DECISION; sequencing proposal,GATES PER MODULE,ACCEPT WITH MODIFICATION,"18,19",R071
WEB-1183-01,WEB,22,1183,22. Threats Faro Has Missed / 1. Skills-first może stać się nowym black box,To może być mniej transparentne niż CV.,RECOMMENDATION / INTERPRETATION,CV,Brak wymaganego CV; prywatny import później,"Skills-first, ale CV traktowane jako jeden predyktor",To może być mniej transparentne niż CV.,§2: dokument nigdy do firmy,YES — korekta / ograniczenie / niepotwierdzona teza,R001: ZERO CV w procesie; przyszły import tylko prywatny,FOUNDER DECISION,GDPR REVIEW,ACCEPT WITH MODIFICATION,"03,05,06,07",R001
WEB-1187-01,WEB,22,1187,22. Threats Faro Has Missed / 2. Assessment fatigue,"Jeżeli każde zgłoszenie = test, Faro stanie się bardziej męczące niż zwykły portal.",RECOMMENDATION / INTERPRETATION,Assessment Center,Wersjonowane zadania,Walidacja i proporcjonalność,"Jeżeli każde zgłoszenie = test, Faro stanie się bardziej męczące niż zwykły portal.","§26: typ, liczba, limit, termin przed Start",NO — zachowanie/doprecyzowanie,R026: Timer serwerowy od jawnego Start; deadline niezależny,FOUNDER DECISION,AI/GDPR/EQUALITY REVIEW,ACCEPT WITH MODIFICATION,10,R026
WEB-1191-01,WEB,22,1191,22. Threats Faro Has Missed / 3. Candidate gaming + GenAI,Otwarte assessmenty generowane przez AI szybko stają się podatne na LLM assistance.,RECOMMENDATION / INTERPRETATION,Assessment Center,Wersjonowane zadania,Walidacja i proporcjonalność,Otwarte assessmenty generowane przez AI szybko stają się podatne na LLM assistance.,"§26: typ, liczba, limit, termin przed Start",NO — zachowanie/doprecyzowanie,R026: Timer serwerowy od jawnego Start; deadline niezależny,FOUNDER DECISION,AI/GDPR/EQUALITY REVIEW,ACCEPT WITH MODIFICATION,10,R026
WEB-1193-01,WEB,22,1193,22. Threats Faro Has Missed / 3. Candidate gaming + GenAI,Dlatego trzeba rozróżniać:,RECOMMENDATION / INTERPRETATION,MVP vs wizja,Wąski pilot,Iteracyjne testy,Dlatego trzeba rozróżniać:,§57 nie wszystkoMVP,NO — zachowanie/doprecyzowanie,"R071: MVP proces i jawność; economics,wallet,assessment etapami bez usuwania z wizji",FOUNDER DECISION; sequencing proposal,GATES PER MODULE,ACCEPT WITH MODIFICATION,"18,19",R071
WEB-1195-01,WEB,22,1195,22. Threats Faro Has Missed / 3. Candidate gaming + GenAI,"- AI allowed,",RECOMMENDATION / INTERPRETATION,Internet/AI podczas testu,Proponowane pola dozwolonych narzędzi,Brak jednolitej zasady,"- AI allowed,",§28: nie pokazujemy tych pól,YES — korekta / ograniczenie / niepotwierdzona teza,R028: Brak polityk i pól tak/nie; ograniczanie narzędzi wyłącznie przyszły research,FOUNDER DECISION,FUTURE REVIEW,REJECT — FOUNDER DECISION,"10,20",R028
WEB-1196-01,WEB,22,1196,22. Threats Faro Has Missed / 3. Candidate gaming + GenAI,"- AI-assisted role simulation,",RECOMMENDATION / INTERPRETATION,Internet/AI podczas testu,Proponowane pola dozwolonych narzędzi,Brak jednolitej zasady,"- AI-assisted role simulation,",§28: nie pokazujemy tych pól,YES — korekta / ograniczenie / niepotwierdzona teza,R028: Brak polityk i pól tak/nie; ograniczanie narzędzi wyłącznie przyszły research,FOUNDER DECISION,FUTURE REVIEW,REJECT — FOUNDER DECISION,"10,20",R028
WEB-1197-01,WEB,22,1197,22. Threats Faro Has Missed / 3. Candidate gaming + GenAI,"- no-AI test,",RECOMMENDATION / INTERPRETATION,Internet/AI podczas testu,Proponowane pola dozwolonych narzędzi,Brak jednolitej zasady,"- no-AI test,",§28: nie pokazujemy tych pól,YES — korekta / ograniczenie / niepotwierdzona teza,R028: Brak polityk i pól tak/nie; ograniczanie narzędzi wyłącznie przyszły research,FOUNDER DECISION,FUTURE REVIEW,REJECT — FOUNDER DECISION,"10,20",R028
WEB-1198-01,WEB,22,1198,22. Threats Faro Has Missed / 3. Candidate gaming + GenAI,"- proctored,",RECOMMENDATION / INTERPRETATION,Internet/AI podczas testu,Proponowane pola dozwolonych narzędzi,Brak jednolitej zasady,"- proctored,",§28: nie pokazujemy tych pól,YES — korekta / ograniczenie / niepotwierdzona teza,Nie wprowadzać obecnie pola proctoring/AI-allowed lub mechanizmu ograniczania internetu; wersja i data wyniku pozostają. R028: Brak polityk i pól tak/nie; ograniczanie narzędzi wyłącznie przyszły research,FOUNDER DECISION,FUTURE REVIEW,FUTURE RESEARCH,"10,20",R028
WEB-1199-01,WEB,22,1199,22. Threats Faro Has Missed / 3. Candidate gaming + GenAI,- unproctored.,RECOMMENDATION / INTERPRETATION,Internet/AI podczas testu,Proponowane pola dozwolonych narzędzi,Brak jednolitej zasady,- unproctored.,§28: nie pokazujemy tych pól,YES — korekta / ograniczenie / niepotwierdzona teza,Nie wprowadzać obecnie pola proctoring/AI-allowed lub mechanizmu ograniczania internetu; wersja i data wyniku pozostają. R028: Brak polityk i pól tak/nie; ograniczanie narzędzi wyłącznie przyszły research,FOUNDER DECISION,FUTURE REVIEW,FUTURE RESEARCH,"10,20",R028
WEB-1203-01,WEB,22,1203,22. Threats Faro Has Missed / 4. Nationwide thin liquidity,Największe zagrożenie biznesowe.,RECOMMENDATION / INTERPRETATION,Nationwide,Trójmiasto/operacje jako pierwszy rynek,Nationwide nie usuwa nierówności,Największe zagrożenie biznesowe.,§39: publicznie cała Polska,YES — korekta / ograniczenie / niepotwierdzona teza,R036: Żadnego geofence; budżet kampanii można koncentrować w komórkach,FOUNDER DECISION; liquidity risk,MARKETING REVIEW,ACCEPT WITH MODIFICATION,"15,16,18",R036
WEB-1205-01,WEB,22,1205,22. Threats Faro Has Missed / 4. Nationwide thin liquidity,"Faro może mieć 50 tys. użytkowników, ale jeżeli dla konkretnego:",RECOMMENDATION / INTERPRETATION,Nationwide,Trójmiasto/operacje jako pierwszy rynek,Nationwide nie usuwa nierówności,"Faro może mieć 50 tys. użytkowników, ale jeżeli dla konkretnego:",§39: publicznie cała Polska,YES — korekta / ograniczenie / niepotwierdzona teza,R036: Żadnego geofence; budżet kampanii można koncentrować w komórkach,FOUNDER DECISION; liquidity risk,MARKETING REVIEW,ACCEPT WITH MODIFICATION,"15,16,18",R036
WEB-1207-01,WEB,22,1207,22. Threats Faro Has Missed / 4. Nationwide thin liquidity,`operator CNC × Elbląg`,RECOMMENDATION / INTERPRETATION,Nationwide,Trójmiasto/operacje jako pierwszy rynek,Nationwide nie usuwa nierówności,`operator CNC × Elbląg`,§39: publicznie cała Polska,YES — korekta / ograniczenie / niepotwierdzona teza,R036: Żadnego geofence; budżet kampanii można koncentrować w komórkach,FOUNDER DECISION; liquidity risk,MARKETING REVIEW,ACCEPT WITH MODIFICATION,"15,16,18",R036
WEB-1209-01,WEB,22,1209,22. Threats Faro Has Missed / 4. Nationwide thin liquidity,"nie ma ofert, globalna liczba nic nie znaczy.",RECOMMENDATION / INTERPRETATION,Nationwide,Trójmiasto/operacje jako pierwszy rynek,Nationwide nie usuwa nierówności,"nie ma ofert, globalna liczba nic nie znaczy.",§39: publicznie cała Polska,YES — korekta / ograniczenie / niepotwierdzona teza,R036: Żadnego geofence; budżet kampanii można koncentrować w komórkach,FOUNDER DECISION; liquidity risk,MARKETING REVIEW,ACCEPT WITH MODIFICATION,"15,16,18",R036
WEB-1213-01,WEB,22,1213,22. Threats Faro Has Missed / 5. Employer effort,Skills-first structured hiring wymaga lepiej opisanych ofert.,RECOMMENDATION / INTERPRETATION,MVP vs wizja,Wąski pilot,Iteracyjne testy,Skills-first structured hiring wymaga lepiej opisanych ofert.,§57 nie wszystkoMVP,NO — zachowanie/doprecyzowanie,"R071: MVP proces i jawność; economics,wallet,assessment etapami bez usuwania z wizji",FOUNDER DECISION; sequencing proposal,GATES PER MODULE,ACCEPT WITH MODIFICATION,"18,19",R071
WEB-1215-01,WEB,22,1215,22. Threats Faro Has Missed / 5. Employer effort,"Jeżeli konfiguracja Faro będzie trwała 30 minut, SME wróci do OLX.",RECOMMENDATION / INTERPRETATION,MVP vs wizja,Wąski pilot,Iteracyjne testy,"Jeżeli konfiguracja Faro będzie trwała 30 minut, SME wróci do OLX.",§57 nie wszystkoMVP,NO — zachowanie/doprecyzowanie,"R071: MVP proces i jawność; economics,wallet,assessment etapami bez usuwania z wizji",FOUNDER DECISION; sequencing proposal,GATES PER MODULE,ACCEPT WITH MODIFICATION,"18,19",R071
WEB-1217-01,WEB,22,1217,22. Threats Faro Has Missed / 5. Employer effort,Potrzebny jest:,RECOMMENDATION / INTERPRETATION,MVP vs wizja,Wąski pilot,Iteracyjne testy,Potrzebny jest:,§57 nie wszystkoMVP,NO — zachowanie/doprecyzowanie,"R071: MVP proces i jawność; economics,wallet,assessment etapami bez usuwania z wizji",FOUNDER DECISION; sequencing proposal,GATES PER MODULE,ACCEPT WITH MODIFICATION,"18,19",R071
WEB-1219-01,WEB,22,1219,22. Threats Faro Has Missed / 5. Employer effort,**AI-assisted job structure builder** z human confirmation.,RECOMMENDATION / INTERPRETATION,MVP vs wizja,Wąski pilot,Iteracyjne testy,**AI-assisted job structure builder** z human confirmation.,§57 nie wszystkoMVP,NO — zachowanie/doprecyzowanie,"R071: MVP proces i jawność; economics,wallet,assessment etapami bez usuwania z wizji",FOUNDER DECISION; sequencing proposal,GATES PER MODULE,ACCEPT WITH MODIFICATION,"18,19",R071
WEB-1223-01,WEB,22,1223,22. Threats Faro Has Missed / 6. Regulatory classification,KRAZ musi zostać zamknięte przed komercyjnym startem.,RECOMMENDATION / INTERPRETATION,KRAZ,P0 legal gate,"Najprawdopodobniej nie, bezpłatne/SaaS",KRAZ musi zostać zamknięte przed komercyjnym startem.,§46: P0 gate,YES — korekta / ograniczenie / niepotwierdzona teza,R040: Nie ma zwolnienia tylko przez darmowość; kwalifikacja funkcji i wpis przed usługą jeśli wymagany,PRIMARY LAW S01,P0 LEGAL GATE,LEGAL REVIEW,"17,18",R040
WEB-1227-01,WEB,22,1227,22. Threats Faro Has Missed / 7. AI Act,December 2027 nie jest odległą przyszłością przy budowie infrastruktury rekrutacyjnej.,RECOMMENDATION / INTERPRETATION,AI Act klasyfikacja,Ocena modułowa,Nazywa obowiązujące prawo projektem; wszystko high-risk,December 2027 nie jest odległą przyszłością przy budowie infrastruktury rekrutacyjnej.,§46: nie usuwać funkcji z powodu ryzyka,YES — korekta / ograniczenie / niepotwierdzona teza,"R041: Purpose inventory, funkcje osobno; ranking/ocena wymagają analizy high-risk",PRIMARY REGULATOR S04,P0 LEGAL GATE,LEGAL REVIEW,"04,10,17",R041
WEB-1231-01,WEB,22,1231,22. Threats Faro Has Missed / 8. Tax/routing freshness,"„Netto po dojeździe” jest świetnym produktem tylko tak długo, jak Faro jasno pokazuje datę, źródło i założenia.",RECOMMENDATION / INTERPRETATION,Netto engine,Niepełny,Nie waliduje podatków,"„Netto po dojeździe” jest świetnym produktem tylko tak długo, jak Faro jasno pokazuje datę, źródło i założenia.",§49: netto nie własnością oferty,NO — zachowanie/doprecyzowanie,R049: Scenariusz użytkownika + wersja prawa + zakres niepewności,FOUNDER DECISION; podatki REVIEW,TAX GATE,ACCEPT WITH MODIFICATION,13,R049
WEB-1235-01,WEB,22,1235,22. Threats Faro Has Missed / 9. Incumbent copying,"Pracuj, Indeed, LinkedIn lub duży ATS mogą skopiować pojedynczą funkcję Faro.",RECOMMENDATION / INTERPRETATION,MVP vs wizja,Wąski pilot,Iteracyjne testy,"Pracuj, Indeed, LinkedIn lub duży ATS mogą skopiować pojedynczą funkcję Faro.",§57 nie wszystkoMVP,NO — zachowanie/doprecyzowanie,"R071: MVP proces i jawność; economics,wallet,assessment etapami bez usuwania z wizji",FOUNDER DECISION; sequencing proposal,GATES PER MODULE,ACCEPT WITH MODIFICATION,"18,19",R071
WEB-1237-01,WEB,22,1237,22. Threats Faro Has Missed / 9. Incumbent copying,Dlatego moat nie może być „mamy AI match score”.,RECOMMENDATION / INTERPRETATION,Ranking wyników rekrutacji,Ostrożność wobec % ludzi,Uogólniony sprzeciw wobec rankingu,Dlatego moat nie może być „mamy AI match score”.,§30: ranking wyników dozwolony,YES — korekta / ograniczenie / niepotwierdzona teza,R030: Tylko porównywalne wersje i rubryki jednej rekrutacji; człowiek decyduje,FOUNDER DECISION; EVIDENCE CONFLICT,AI/GDPR GATE,ACCEPT WITH MODIFICATION,"10,17",R030
WEB-1241-01,WEB,22,1241,22. Threats Faro Has Missed / 10. Monetization trust conflict,"Jeżeli Faro zbuduje reputację neutralnego nawigatora, a potem wprowadzi:",RECOMMENDATION / INTERPRETATION,MVP vs wizja,Wąski pilot,Iteracyjne testy,"Jeżeli Faro zbuduje reputację neutralnego nawigatora, a potem wprowadzi:",§57 nie wszystkoMVP,NO — zachowanie/doprecyzowanie,"R071: MVP proces i jawność; economics,wallet,assessment etapami bez usuwania z wizji",FOUNDER DECISION; sequencing proposal,GATES PER MODULE,ACCEPT WITH MODIFICATION,"18,19",R071
WEB-1243-01,WEB,22,1243,22. Threats Faro Has Missed / 10. Monetization trust conflict,"> „pracodawca Premium jest wyżej w Twoich dopasowaniach”,",RECOMMENDATION / INTERPRETATION,MVP vs wizja,Wąski pilot,Iteracyjne testy,"> „pracodawca Premium jest wyżej w Twoich dopasowaniach”,",§57 nie wszystkoMVP,NO — zachowanie/doprecyzowanie,"R071: MVP proces i jawność; economics,wallet,assessment etapami bez usuwania z wizji",FOUNDER DECISION; sequencing proposal,GATES PER MODULE,ACCEPT WITH MODIFICATION,"18,19",R071
WEB-1245-01,WEB,22,1245,22. Threats Faro Has Missed / 10. Monetization trust conflict,marka zostanie podważona.,RECOMMENDATION / INTERPRETATION,MVP vs wizja,Wąski pilot,Iteracyjne testy,marka zostanie podważona.,§57 nie wszystkoMVP,NO — zachowanie/doprecyzowanie,"R071: MVP proces i jawność; economics,wallet,assessment etapami bez usuwania z wizji",FOUNDER DECISION; sequencing proposal,GATES PER MODULE,ACCEPT WITH MODIFICATION,"18,19",R071
WEB-1247-01,WEB,22,1247,22. Threats Faro Has Missed / 10. Monetization trust conflict,Monetyzacja employer tooling jest znacznie bezpieczniejsza.,RECOMMENDATION / INTERPRETATION,Employer monetization,WTP i płatny pilot przed skalą,Brak rozstrzygnięcia,Monetyzacja employer tooling jest znacznie bezpieczniejsza.,§37: później po pozycji rynkowej,YES — korekta / ograniczenie / niepotwierdzona teza,"R034: P5 narzędzia po walidacji, nie zasoby lepszych kandydatów",FOUNDER DECISION; WTP UNKNOWN,B2B TERMS REVIEW,ACCEPT WITH MODIFICATION,"04,16,18",R034
WEB-1253-01,WEB,23,1253,23. 20 Most Useful Sources,1. Pracuj.pl — oferta reklamowa: https://reklama.pracuj.pl/,REFERENCE,Jobboard inventory/RFP,Źródła i partnerstwa opcjonalne,Brak,1. Pracuj.pl — oferta reklamowa: https://reklama.pracuj.pl/,§40: nie główny kanał foundera,YES — korekta / ograniczenie / niepotwierdzona teza,Zachować lokalizator źródła; sam link nie potwierdza wszystkich tez raportu.,FOUNDER DECISION,OPTIONAL CHANNEL REVIEW,ACCEPT,"16,20",R038
WEB-1254-01,WEB,23,1254,23. 20 Most Useful Sources,2. OLX Ads — inventory i audience Praca: https://ads.olx.pl/,REFERENCE,Konkurencja/ceny/startupy,Benchmark historyczny,Przykłady bez linków,2. OLX Ads — inventory i audience Praca: https://ads.olx.pl/,"Nie kopiować, nie nowy audyt",YES — korekta / ograniczenie / niepotwierdzona teza,Zachować lokalizator źródła; sam link nie potwierdza wszystkich tez raportu.,VENDOR CLAIM / NOT VERIFIED,LICENSE/PROCUREMENT REVIEW,ACCEPT,"16,21",R066
WEB-1255-01,WEB,23,1255,23. 20 Most Useful Sources,3. Praca.pl — reklama i mailing: https://www.praca.pl/reklama.html,REFERENCE,Konkurencja/ceny/startupy,Benchmark historyczny,Przykłady bez linków,3. Praca.pl — reklama i mailing: https://www.praca.pl/reklama.html,"Nie kopiować, nie nowy audyt",YES — korekta / ograniczenie / niepotwierdzona teza,Zachować lokalizator źródła; sam link nie potwierdza wszystkich tez raportu.,VENDOR CLAIM / NOT VERIFIED,LICENSE/PROCUREMENT REVIEW,ACCEPT,"16,21",R066
WEB-1256-01,WEB,23,1256,23. 20 Most Useful Sources,4. JOBS.pl — mailing i newsletter: https://www.jobs.pl/reklama-mailing-new,REFERENCE,Konkurencja/ceny/startupy,Benchmark historyczny,Przykłady bez linków,4. JOBS.pl — mailing i newsletter: https://www.jobs.pl/reklama-mailing-new,"Nie kopiować, nie nowy audyt",YES — korekta / ograniczenie / niepotwierdzona teza,Zachować lokalizator źródła; sam link nie potwierdza wszystkich tez raportu.,VENDOR CLAIM / NOT VERIFIED,LICENSE/PROCUREMENT REVIEW,ACCEPT,"16,21",R066
WEB-1257-01,WEB,23,1257,23. 20 Most Useful Sources,5. RocketJobs — współpraca reklamowa: https://rocketjobs.pl/blog/wspolpraca-z-rocketjobs-pl,REFERENCE,Konkurencja/ceny/startupy,Benchmark historyczny,Przykłady bez linków,5. RocketJobs — współpraca reklamowa: https://rocketjobs.pl/blog/wspolpraca-z-rocketjobs-pl,"Nie kopiować, nie nowy audyt",YES — korekta / ograniczenie / niepotwierdzona teza,Zachować lokalizator źródła; sam link nie potwierdza wszystkich tez raportu.,VENDOR CLAIM / NOT VERIFIED,LICENSE/PROCUREMENT REVIEW,ACCEPT,"16,21",R066
WEB-1258-01,WEB,23,1258,23. 20 Most Useful Sources,6. No Fluff Jobs — aktualne pakiety pracodawców: https://nofluffjobs.com/pl/pricing/,REFERENCE,Employer monetization,WTP i płatny pilot przed skalą,Brak rozstrzygnięcia,6. No Fluff Jobs — aktualne pakiety pracodawców: https://nofluffjobs.com/pl/pricing/,§37: później po pozycji rynkowej,YES — korekta / ograniczenie / niepotwierdzona teza,Zachować lokalizator źródła; sam link nie potwierdza wszystkich tez raportu.,FOUNDER DECISION; WTP UNKNOWN,B2B TERMS REVIEW,ACCEPT,"04,16,18",R034
WEB-1259-01,WEB,23,1259,23. 20 Most Useful Sources,7. DataReportal Digital 2026 Poland: https://datareportal.com/reports/digital-2026-poland,REFERENCE,Konkurencja/ceny/startupy,Benchmark historyczny,Przykłady bez linków,7. DataReportal Digital 2026 Poland: https://datareportal.com/reports/digital-2026-poland,"Nie kopiować, nie nowy audyt",YES — korekta / ograniczenie / niepotwierdzona teza,Zachować lokalizator źródła; sam link nie potwierdza wszystkich tez raportu.,VENDOR CLAIM / NOT VERIFIED,LICENSE/PROCUREMENT REVIEW,ACCEPT,"16,21",R066
WEB-1260-01,WEB,23,1260,23. 20 Most Useful Sources,8. Pracuj.pl — Rynek Pracy Specjalistów 2025: https://media.pracuj.pl/443001-raport-rynek-pracy-specjalistow-w-2025-roku-kolejny-wzrost-liczby-aplikacji-i-klientow-pracujpl,REFERENCE,Konkurencja/ceny/startupy,Benchmark historyczny,Przykłady bez linków,8. Pracuj.pl — Rynek Pracy Specjalistów 2025: https://media.pracuj.pl/443001-raport-rynek-pracy-specjalistow-w-2025-roku-kolejny-wzrost-liczby-aplikacji-i-klientow-pracujpl,"Nie kopiować, nie nowy audyt",YES — korekta / ograniczenie / niepotwierdzona teza,Zachować lokalizator źródła; sam link nie potwierdza wszystkich tez raportu.,VENDOR CLAIM / NOT VERIFIED,LICENSE/PROCUREMENT REVIEW,ACCEPT,"16,21",R066
WEB-1261-01,WEB,23,1261,23. 20 Most Useful Sources,9. Google — employment advertising policy: https://support.google.com/adspolicy/answer/16700442,REFERENCE,Konkurencja/ceny/startupy,Benchmark historyczny,Przykłady bez linków,9. Google — employment advertising policy: https://support.google.com/adspolicy/answer/16700442,"Nie kopiować, nie nowy audyt",YES — korekta / ograniczenie / niepotwierdzona teza,Zachować lokalizator źródła; sam link nie potwierdza wszystkich tez raportu.,VENDOR CLAIM / NOT VERIFIED,LICENSE/PROCUREMENT REVIEW,ACCEPT,"16,21",R066
WEB-1262-01,WEB,23,1262,23. 20 Most Useful Sources,10. TikTok — Employment Special Ad Categories: https://ads.tiktok.com/help/article/choosing-special-ad-category,REFERENCE,Konkurencja/ceny/startupy,Benchmark historyczny,Przykłady bez linków,10. TikTok — Employment Special Ad Categories: https://ads.tiktok.com/help/article/choosing-special-ad-category,"Nie kopiować, nie nowy audyt",YES — korekta / ograniczenie / niepotwierdzona teza,Zachować lokalizator źródła; sam link nie potwierdza wszystkich tez raportu.,VENDOR CLAIM / NOT VERIFIED,LICENSE/PROCUREMENT REVIEW,ACCEPT,"16,21",R066
WEB-1263-01,WEB,23,1263,23. 20 Most Useful Sources,11. ESCO — current European skills taxonomy: https://esco.ec.europa.eu/en/about-esco,REFERENCE,ESCO,Mała ręczna taksonomia,Standardy potrzebne,11. ESCO — current European skills taxonomy: https://esco.ec.europa.eu/en/about-esco,§47: nie od zera,YES — korekta / ograniczenie / niepotwierdzona teza,Zachować lokalizator źródła; sam link nie potwierdza wszystkich tez raportu.,PRIMARY DATA/LICENSE S06,LICENSE GATE,ACCEPT,"08,17",R046
WEB-1264-01,WEB,23,1264,23. 20 Most Useful Sources,12. ESCO — API/download: https://esco.ec.europa.eu/en/use-esco/download,REFERENCE,ESCO,Mała ręczna taksonomia,Standardy potrzebne,12. ESCO — API/download: https://esco.ec.europa.eu/en/use-esco/download,§47: nie od zera,YES — korekta / ograniczenie / niepotwierdzona teza,Zachować lokalizator źródła; sam link nie potwierdza wszystkich tez raportu.,PRIMARY DATA/LICENSE S06,LICENSE GATE,ACCEPT,"08,17",R046
WEB-1265-01,WEB,23,1265,23. 20 Most Useful Sources,13. O*NET 31.0 Database: https://www.onetcenter.org/db_releases.html,REFERENCE,INFOdoradca/ZRK/O*NET,Nie rdzeń,Brak,13. O*NET 31.0 Database: https://www.onetcenter.org/db_releases.html,§47: sprawdzić prawa,YES — korekta / ograniczenie / niepotwierdzona teza,Zachować lokalizator źródła; sam link nie potwierdza wszystkich tez raportu.,PRIMARY LICENSE S07; PL NOT VERIFIED,LICENSE GATE,ACCEPT,"08,17",R047
WEB-1266-01,WEB,23,1266,23. 20 Most Useful Sources,14. INFOdoradca+: https://psz.praca.gov.pl/rynek-pracy/bazy-danych/infodoradca,REFERENCE,INFOdoradca/ZRK/O*NET,Nie rdzeń,Brak,14. INFOdoradca+: https://psz.praca.gov.pl/rynek-pracy/bazy-danych/infodoradca,§47: sprawdzić prawa,YES — korekta / ograniczenie / niepotwierdzona teza,Zachować lokalizator źródła; sam link nie potwierdza wszystkich tez raportu.,PRIMARY LICENSE S07; PL NOT VERIFIED,LICENSE GATE,ACCEPT,"08,17",R047
WEB-1267-01,WEB,23,1267,23. 20 Most Useful Sources,15. ZRK API: https://api.kwalifikacje.gov.pl/pl/,REFERENCE,INFOdoradca/ZRK/O*NET,Nie rdzeń,Brak,15. ZRK API: https://api.kwalifikacje.gov.pl/pl/,§47: sprawdzić prawa,YES — korekta / ograniczenie / niepotwierdzona teza,Zachować lokalizator źródła; sam link nie potwierdza wszystkich tez raportu.,PRIMARY LICENSE S07; PL NOT VERIFIED,LICENSE GATE,ACCEPT,"08,17",R047
WEB-1268-01,WEB,23,1268,23. 20 Most Useful Sources,16. European Commission Weekly Oil Bulletin: https://energy.ec.europa.eu/data-and-analysis/weekly-oil-bulletin_en,REFERENCE,Konkurencja/ceny/startupy,Benchmark historyczny,Przykłady bez linków,16. European Commission Weekly Oil Bulletin: https://energy.ec.europa.eu/data-and-analysis/weekly-oil-bulletin_en,"Nie kopiować, nie nowy audyt",YES — korekta / ograniczenie / niepotwierdzona teza,Zachować lokalizator źródła; sam link nie potwierdza wszystkich tez raportu.,VENDOR CLAIM / NOT VERIFIED,LICENSE/PROCUREMENT REVIEW,ACCEPT,"16,21",R066
WEB-1269-01,WEB,23,1269,23. 20 Most Useful Sources,17. Google Routes — public transport and fares: https://developers.google.com/maps/documentation/routes/transit-route,REFERENCE,Konkurencja/ceny/startupy,Benchmark historyczny,Przykłady bez linków,17. Google Routes — public transport and fares: https://developers.google.com/maps/documentation/routes/transit-route,"Nie kopiować, nie nowy audyt",YES — korekta / ograniczenie / niepotwierdzona teza,Zachować lokalizator źródła; sam link nie potwierdza wszystkich tez raportu.,VENDOR CLAIM / NOT VERIFIED,LICENSE/PROCUREMENT REVIEW,ACCEPT,"16,21",R066
WEB-1270-01,WEB,23,1270,23. 20 Most Useful Sources,18. AI Act — current enforcement timeline: https://digital-strategy.ec.europa.eu/en/policies/enforcement-ai-act,REFERENCE,AI Act klasyfikacja,Ocena modułowa,Nazywa obowiązujące prawo projektem; wszystko high-risk,18. AI Act — current enforcement timeline: https://digital-strategy.ec.europa.eu/en/policies/enforcement-ai-act,§46: nie usuwać funkcji z powodu ryzyka,YES — korekta / ograniczenie / niepotwierdzona teza,Zachować lokalizator źródła; sam link nie potwierdza wszystkich tez raportu.,PRIMARY REGULATOR S04,P0 LEGAL GATE,ACCEPT,"04,10,17",R041
WEB-1271-01,WEB,23,1271,23. 20 Most Useful Sources,19. KRAZ — official information: https://psz.praca.gov.pl/rynek-pracy/bazy-danych/rejestr-agencji-zatrudnienia,REFERENCE,KRAZ,P0 legal gate,"Najprawdopodobniej nie, bezpłatne/SaaS",19. KRAZ — official information: https://psz.praca.gov.pl/rynek-pracy/bazy-danych/rejestr-agencji-zatrudnienia,§46: P0 gate,YES — korekta / ograniczenie / niepotwierdzona teza,Zachować lokalizator źródła; sam link nie potwierdza wszystkich tez raportu.,PRIMARY LAW S01,P0 LEGAL GATE,ACCEPT,"17,18",R040
WEB-1272-01,WEB,23,1272,23. 20 Most Useful Sources,20. Kodeks pracy — Dz.U. 2025 poz. 807: https://dziennikustaw.gov.pl/DU/2025/807,REFERENCE,Konkurencja/ceny/startupy,Benchmark historyczny,Przykłady bez linków,20. Kodeks pracy — Dz.U. 2025 poz. 807: https://dziennikustaw.gov.pl/DU/2025/807,"Nie kopiować, nie nowy audyt",YES — korekta / ograniczenie / niepotwierdzona teza,Zachować lokalizator źródła; sam link nie potwierdza wszystkich tez raportu.,VENDOR CLAIM / NOT VERIFIED,LICENSE/PROCUREMENT REVIEW,ACCEPT,"16,21",R066
WEB-1274-01,WEB,23,1274,23. 20 Most Useful Sources,"Dodatkowo bardzo wartościowe benchmarki produktowe: aktualny cennik TestGorilla, Codility, Criteria i Vervoe.",REFERENCE,Konkurencja/ceny/startupy,Benchmark historyczny,Przykłady bez linków,"Dodatkowo bardzo wartościowe benchmarki produktowe: aktualny cennik TestGorilla, Codility, Criteria i Vervoe.","Nie kopiować, nie nowy audyt",YES — korekta / ograniczenie / niepotwierdzona teza,Zachować lokalizator źródła; sam link nie potwierdza wszystkich tez raportu.,VENDOR CLAIM / NOT VERIFIED,LICENSE/PROCUREMENT REVIEW,ACCEPT,"16,21",R066
WEB-1280-01,WEB,24,1280,24. Immediate Actions,Na podstawie tego researchu ustawiłbym kolejność następująco:,RECOMMENDATION / INTERPRETATION,MVP vs wizja,Wąski pilot,Iteracyjne testy,Na podstawie tego researchu ustawiłbym kolejność następująco:,§57 nie wszystkoMVP,NO — zachowanie/doprecyzowanie,"R071: MVP proces i jawność; economics,wallet,assessment etapami bez usuwania z wizji",FOUNDER DECISION; sequencing proposal,GATES PER MODULE,ACCEPT WITH MODIFICATION,"18,19",R071
WEB-1286-01,WEB,24,1286,24. Immediate Actions / P0 — rzeczy do rozstrzygnięcia przed architekturą produkcyjną / 1. KRAZ legal classification memo,Nie czekać do premiery.,RECOMMENDATION / INTERPRETATION,KRAZ,P0 legal gate,"Najprawdopodobniej nie, bezpłatne/SaaS",Nie czekać do premiery.,§46: P0 gate,YES — korekta / ograniczenie / niepotwierdzona teza,R040: Nie ma zwolnienia tylko przez darmowość; kwalifikacja funkcji i wpis przed usługą jeśli wymagany,PRIMARY LAW S01,P0 LEGAL GATE,LEGAL REVIEW,"17,18",R040
WEB-1290-01,WEB,24,1290,24. Immediate Actions / P0 — rzeczy do rozstrzygnięcia przed architekturą produkcyjną / 2. AI decision architecture,Zdecydować już teraz:,RECOMMENDATION / INTERPRETATION,MVP vs wizja,Wąski pilot,Iteracyjne testy,Zdecydować już teraz:,§57 nie wszystkoMVP,NO — zachowanie/doprecyzowanie,"R071: MVP proces i jawność; economics,wallet,assessment etapami bez usuwania z wizji",FOUNDER DECISION; sequencing proposal,GATES PER MODULE,ACCEPT WITH MODIFICATION,"18,19",R071
WEB-1291-01,WEB,24,1291,24. Immediate Actions / P0 — rzeczy do rozstrzygnięcia przed architekturą produkcyjną / 2. AI decision architecture,"- co AI rekomenduje,",RECOMMENDATION / INTERPRETATION,MVP vs wizja,Wąski pilot,Iteracyjne testy,"- co AI rekomenduje,",§57 nie wszystkoMVP,NO — zachowanie/doprecyzowanie,"R071: MVP proces i jawność; economics,wallet,assessment etapami bez usuwania z wizji",FOUNDER DECISION; sequencing proposal,GATES PER MODULE,ACCEPT WITH MODIFICATION,"18,19",R071
WEB-1292-01,WEB,24,1292,24. Immediate Actions / P0 — rzeczy do rozstrzygnięcia przed architekturą produkcyjną / 2. AI decision architecture,"- co AI rankuje,",RECOMMENDATION / INTERPRETATION,MVP vs wizja,Wąski pilot,Iteracyjne testy,"- co AI rankuje,",§57 nie wszystkoMVP,NO — zachowanie/doprecyzowanie,"R071: MVP proces i jawność; economics,wallet,assessment etapami bez usuwania z wizji",FOUNDER DECISION; sequencing proposal,GATES PER MODULE,ACCEPT WITH MODIFICATION,"18,19",R071
WEB-1293-01,WEB,24,1293,24. Immediate Actions / P0 — rzeczy do rozstrzygnięcia przed architekturą produkcyjną / 2. AI decision architecture,"- co może odrzucić,",RECOMMENDATION / INTERPRETATION,Powód odrzucenia,Ustrukturyzowany powód,Wymuszenie pola; brak dowodu jakości,"- co może odrzucić,",§15: konkretne wymaganie,NO — zachowanie/doprecyzowanie,R015: ReasonCode oraz requirementId przy porównaniu; brak fikcyjnego braku kompetencji,FOUNDER DECISION; skuteczność HYPOTHESIS,EQUALITY/GDPR REVIEW,ACCEPT WITH MODIFICATION,"06,11",R015
WEB-1294-01,WEB,24,1294,24. Immediate Actions / P0 — rzeczy do rozstrzygnięcia przed architekturą produkcyjną / 2. AI decision architecture,"- gdzie człowiek zatwierdza,",RECOMMENDATION / INTERPRETATION,MVP vs wizja,Wąski pilot,Iteracyjne testy,"- gdzie człowiek zatwierdza,",§57 nie wszystkoMVP,NO — zachowanie/doprecyzowanie,"R071: MVP proces i jawność; economics,wallet,assessment etapami bez usuwania z wizji",FOUNDER DECISION; sequencing proposal,GATES PER MODULE,ACCEPT WITH MODIFICATION,"18,19",R071
WEB-1295-01,WEB,24,1295,24. Immediate Actions / P0 — rzeczy do rozstrzygnięcia przed architekturą produkcyjną / 2. AI decision architecture,- co kandydat może zakwestionować.,RECOMMENDATION / INTERPRETATION,MVP vs wizja,Wąski pilot,Iteracyjne testy,- co kandydat może zakwestionować.,§57 nie wszystkoMVP,NO — zachowanie/doprecyzowanie,"R071: MVP proces i jawność; economics,wallet,assessment etapami bez usuwania z wizji",FOUNDER DECISION; sequencing proposal,GATES PER MODULE,ACCEPT WITH MODIFICATION,"18,19",R071
WEB-1299-01,WEB,24,1299,24. Immediate Actions / P0 — rzeczy do rozstrzygnięcia przed architekturą produkcyjną / 3. Faro Skills Graph v0.1,ESCO-first + polskie aliasy + evidence/confidence.,RECOMMENDATION / INTERPRETATION,ESCO,Mała ręczna taksonomia,Standardy potrzebne,ESCO-first + polskie aliasy + evidence/confidence.,§47: nie od zera,YES — korekta / ograniczenie / niepotwierdzona teza,R046: Stabilne URI i wersja; license manifest per dataset/pillar,PRIMARY DATA/LICENSE S06,LICENSE GATE,ACCEPT WITH MODIFICATION,"08,17",R046
WEB-1303-01,WEB,24,1303,24. Immediate Actions / P0 — rzeczy do rozstrzygnięcia przed architekturą produkcyjną / 4. Job Economics specification,Dokładnie ustalić:,RECOMMENDATION / INTERPRETATION,MVP vs wizja,Wąski pilot,Iteracyjne testy,Dokładnie ustalić:,§57 nie wszystkoMVP,NO — zachowanie/doprecyzowanie,"R071: MVP proces i jawność; economics,wallet,assessment etapami bez usuwania z wizji",FOUNDER DECISION; sequencing proposal,GATES PER MODULE,ACCEPT WITH MODIFICATION,"18,19",R071
WEB-1304-01,WEB,24,1304,24. Immediate Actions / P0 — rzeczy do rozstrzygnięcia przed architekturą produkcyjną / 4. Job Economics specification,"- brutto/netto,",RECOMMENDATION / INTERPRETATION,Netto engine,Niepełny,Nie waliduje podatków,"- brutto/netto,",§49: netto nie własnością oferty,NO — zachowanie/doprecyzowanie,R049: Scenariusz użytkownika + wersja prawa + zakres niepewności,FOUNDER DECISION; podatki REVIEW,TAX GATE,ACCEPT WITH MODIFICATION,13,R049
WEB-1305-01,WEB,24,1305,24. Immediate Actions / P0 — rzeczy do rozstrzygnięcia przed architekturą produkcyjną / 4. Job Economics specification,"- typ umowy,",RECOMMENDATION / INTERPRETATION,MVP vs wizja,Wąski pilot,Iteracyjne testy,"- typ umowy,",§57 nie wszystkoMVP,NO — zachowanie/doprecyzowanie,"R071: MVP proces i jawność; economics,wallet,assessment etapami bez usuwania z wizji",FOUNDER DECISION; sequencing proposal,GATES PER MODULE,ACCEPT WITH MODIFICATION,"18,19",R071
WEB-1306-01,WEB,24,1306,24. Immediate Actions / P0 — rzeczy do rozstrzygnięcia przed architekturą produkcyjną / 4. Job Economics specification,"- koszt dojazdu,",RECOMMENDATION / INTERPRETATION,Routing/tariff,Koszty nie gotowe,Dojazd ma znaczenie,"- koszt dojazdu,",§48: warstwy oddzielne,NO — zachowanie/doprecyzowanie,"R048: Nieznana taryfa=null, nie0; transitFare nie zawsze dostępne",PRIMARY DOC S08,LICENSE REVIEW,ACCEPT WITH MODIFICATION,13,R048
WEB-1307-01,WEB,24,1307,24. Immediate Actions / P0 — rzeczy do rozstrzygnięcia przed architekturą produkcyjną / 4. Job Economics specification,"- czas,",RECOMMENDATION / INTERPRETATION,MVP vs wizja,Wąski pilot,Iteracyjne testy,"- czas,",§57 nie wszystkoMVP,NO — zachowanie/doprecyzowanie,"R071: MVP proces i jawność; economics,wallet,assessment etapami bez usuwania z wizji",FOUNDER DECISION; sequencing proposal,GATES PER MODULE,ACCEPT WITH MODIFICATION,"18,19",R071
WEB-1308-01,WEB,24,1308,24. Immediate Actions / P0 — rzeczy do rozstrzygnięcia przed architekturą produkcyjną / 4. Job Economics specification,"- remote days,",RECOMMENDATION / INTERPRETATION,MVP vs wizja,Wąski pilot,Iteracyjne testy,"- remote days,",§57 nie wszystkoMVP,NO — zachowanie/doprecyzowanie,"R071: MVP proces i jawność; economics,wallet,assessment etapami bez usuwania z wizji",FOUNDER DECISION; sequencing proposal,GATES PER MODULE,ACCEPT WITH MODIFICATION,"18,19",R071
WEB-1309-01,WEB,24,1309,24. Immediate Actions / P0 — rzeczy do rozstrzygnięcia przed architekturą produkcyjną / 4. Job Economics specification,"- shifts/weekends,",RECOMMENDATION / INTERPRETATION,MVP vs wizja,Wąski pilot,Iteracyjne testy,"- shifts/weekends,",§57 nie wszystkoMVP,NO — zachowanie/doprecyzowanie,"R071: MVP proces i jawność; economics,wallet,assessment etapami bez usuwania z wizji",FOUNDER DECISION; sequencing proposal,GATES PER MODULE,ACCEPT WITH MODIFICATION,"18,19",R071
WEB-1310-01,WEB,24,1310,24. Immediate Actions / P0 — rzeczy do rozstrzygnięcia przed architekturą produkcyjną / 4. Job Economics specification,- źródła i freshness.,RECOMMENDATION / INTERPRETATION,MVP vs wizja,Wąski pilot,Iteracyjne testy,- źródła i freshness.,§57 nie wszystkoMVP,NO — zachowanie/doprecyzowanie,"R071: MVP proces i jawność; economics,wallet,assessment etapami bez usuwania z wizji",FOUNDER DECISION; sequencing proposal,GATES PER MODULE,ACCEPT WITH MODIFICATION,"18,19",R071
WEB-1316-01,WEB,24,1316,24. Immediate Actions / P1 — acquisition infrastructure / 5. Wysłać RFP do 15 polskich job destinations,W pierwszej kolejności:,RECOMMENDATION / INTERPRETATION,Jobboard inventory/RFP,Źródła i partnerstwa opcjonalne,Brak,W pierwszej kolejności:,§40: nie główny kanał foundera,YES — korekta / ograniczenie / niepotwierdzona teza,"R038: Zachować intelligence, nie wysyłać RFP jako przyjętego działania",FOUNDER DECISION,OPTIONAL CHANNEL REVIEW,REJECT — FOUNDER DECISION,"16,20",R038
WEB-1318-01,WEB,24,1318,24. Immediate Actions / P1 — acquisition infrastructure / 5. Wysłać RFP do 15 polskich job destinations,Pracuj → OLX → RocketJobs/JJIT → Praca.pl → JOBS → GoWork → NFJ → Bulldog → Solid → pozostałe.,RECOMMENDATION / INTERPRETATION,Jobboard inventory/RFP,Źródła i partnerstwa opcjonalne,Brak,Pracuj → OLX → RocketJobs/JJIT → Praca.pl → JOBS → GoWork → NFJ → Bulldog → Solid → pozostałe.,§40: nie główny kanał foundera,YES — korekta / ograniczenie / niepotwierdzona teza,"R038: Zachować intelligence, nie wysyłać RFP jako przyjętego działania",FOUNDER DECISION,OPTIONAL CHANNEL REVIEW,REJECT — FOUNDER DECISION,"16,20",R038
WEB-1322-01,WEB,24,1322,24. Immediate Actions / P1 — acquisition infrastructure / 6. Założyć Keyword Planner research jako osobny dataset,Dla każdego cluster:,RECOMMENDATION / INTERPRETATION,MVP vs wizja,Wąski pilot,Iteracyjne testy,Dla każdego cluster:,§57 nie wszystkoMVP,NO — zachowanie/doprecyzowanie,"R071: MVP proces i jawność; economics,wallet,assessment etapami bez usuwania z wizji",FOUNDER DECISION; sequencing proposal,GATES PER MODULE,ACCEPT WITH MODIFICATION,"18,19",R071
WEB-1323-01,WEB,24,1323,24. Immediate Actions / P1 — acquisition infrastructure / 6. Założyć Keyword Planner research jako osobny dataset,"- volume,",RECOMMENDATION / INTERPRETATION,MVP vs wizja,Wąski pilot,Iteracyjne testy,"- volume,",§57 nie wszystkoMVP,NO — zachowanie/doprecyzowanie,"R071: MVP proces i jawność; economics,wallet,assessment etapami bez usuwania z wizji",FOUNDER DECISION; sequencing proposal,GATES PER MODULE,ACCEPT WITH MODIFICATION,"18,19",R071
WEB-1324-01,WEB,24,1324,24. Immediate Actions / P1 — acquisition infrastructure / 6. Założyć Keyword Planner research jako osobny dataset,"- CPC,",RECOMMENDATION / INTERPRETATION,MVP vs wizja,Wąski pilot,Iteracyjne testy,"- CPC,",§57 nie wszystkoMVP,NO — zachowanie/doprecyzowanie,"R071: MVP proces i jawność; economics,wallet,assessment etapami bez usuwania z wizji",FOUNDER DECISION; sequencing proposal,GATES PER MODULE,ACCEPT WITH MODIFICATION,"18,19",R071
WEB-1325-01,WEB,24,1325,24. Immediate Actions / P1 — acquisition infrastructure / 6. Założyć Keyword Planner research jako osobny dataset,"- competition,",RECOMMENDATION / INTERPRETATION,MVP vs wizja,Wąski pilot,Iteracyjne testy,"- competition,",§57 nie wszystkoMVP,NO — zachowanie/doprecyzowanie,"R071: MVP proces i jawność; economics,wallet,assessment etapami bez usuwania z wizji",FOUNDER DECISION; sequencing proposal,GATES PER MODULE,ACCEPT WITH MODIFICATION,"18,19",R071
WEB-1326-01,WEB,24,1326,24. Immediate Actions / P1 — acquisition infrastructure / 6. Założyć Keyword Planner research jako osobny dataset,"- location,",RECOMMENDATION / INTERPRETATION,MVP vs wizja,Wąski pilot,Iteracyjne testy,"- location,",§57 nie wszystkoMVP,NO — zachowanie/doprecyzowanie,"R071: MVP proces i jawność; economics,wallet,assessment etapami bez usuwania z wizji",FOUNDER DECISION; sequencing proposal,GATES PER MODULE,ACCEPT WITH MODIFICATION,"18,19",R071
WEB-1327-01,WEB,24,1327,24. Immediate Actions / P1 — acquisition infrastructure / 6. Założyć Keyword Planner research jako osobny dataset,"- mobile/desktop,",RECOMMENDATION / INTERPRETATION,MVP vs wizja,Wąski pilot,Iteracyjne testy,"- mobile/desktop,",§57 nie wszystkoMVP,NO — zachowanie/doprecyzowanie,"R071: MVP proces i jawność; economics,wallet,assessment etapami bez usuwania z wizji",FOUNDER DECISION; sequencing proposal,GATES PER MODULE,ACCEPT WITH MODIFICATION,"18,19",R071
WEB-1328-01,WEB,24,1328,24. Immediate Actions / P1 — acquisition infrastructure / 6. Założyć Keyword Planner research jako osobny dataset,- seasonality.,RECOMMENDATION / INTERPRETATION,MVP vs wizja,Wąski pilot,Iteracyjne testy,- seasonality.,§57 nie wszystkoMVP,NO — zachowanie/doprecyzowanie,"R071: MVP proces i jawność; economics,wallet,assessment etapami bez usuwania z wizji",FOUNDER DECISION; sequencing proposal,GATES PER MODULE,ACCEPT WITH MODIFICATION,"18,19",R071
WEB-1330-01,WEB,24,1330,24. Immediate Actions / P1 — acquisition infrastructure / 6. Założyć Keyword Planner research jako osobny dataset,Bez domyślania wolumenu.,RECOMMENDATION / INTERPRETATION,MVP vs wizja,Wąski pilot,Iteracyjne testy,Bez domyślania wolumenu.,§57 nie wszystkoMVP,NO — zachowanie/doprecyzowanie,"R071: MVP proces i jawność; economics,wallet,assessment etapami bez usuwania z wizji",FOUNDER DECISION; sequencing proposal,GATES PER MODULE,ACCEPT WITH MODIFICATION,"18,19",R071
WEB-1334-01,WEB,24,1334,24. Immediate Actions / P1 — acquisition infrastructure / 7. Utworzyć 8–12 landingów zamiast jednego „Faro”,Np.:,RECOMMENDATION / INTERPRETATION,MVP vs wizja,Wąski pilot,Iteracyjne testy,Np.:,§57 nie wszystkoMVP,NO — zachowanie/doprecyzowanie,"R071: MVP proces i jawność; economics,wallet,assessment etapami bez usuwania z wizji",FOUNDER DECISION; sequencing proposal,GATES PER MODULE,ACCEPT WITH MODIFICATION,"18,19",R071
WEB-1336-01,WEB,24,1336,24. Immediate Actions / P1 — acquisition infrastructure / 7. Utworzyć 8–12 landingów zamiast jednego „Faro”,`/pierwsza-praca`,RECOMMENDATION / INTERPRETATION,Początkujący,Wąski pierwszy segment,Nieformalne doświadczenie pomaga,`/pierwsza-praca`,"§8,41: inkluzywne grupy",YES — korekta / ograniczenie / niepotwierdzona teza,R008: Brak doświadczenia nie blokuje konta ani wartości; profil aspiracji dozwolony,FOUNDER DECISION,EQUALITY REVIEW,ACCEPT WITH MODIFICATION,"05,15,16",R008
WEB-1337-01,WEB,24,1337,24. Immediate Actions / P1 — acquisition infrastructure / 7. Utworzyć 8–12 landingów zamiast jednego „Faro”,`/bez-doswiadczenia`,RECOMMENDATION / INTERPRETATION,MVP vs wizja,Wąski pilot,Iteracyjne testy,`/bez-doswiadczenia`,§57 nie wszystkoMVP,NO — zachowanie/doprecyzowanie,"R071: MVP proces i jawność; economics,wallet,assessment etapami bez usuwania z wizji",FOUNDER DECISION; sequencing proposal,GATES PER MODULE,ACCEPT WITH MODIFICATION,"18,19",R071
WEB-1338-01,WEB,24,1338,24. Immediate Actions / P1 — acquisition infrastructure / 7. Utworzyć 8–12 landingów zamiast jednego „Faro”,`/zmiana-zawodu`,RECOMMENDATION / INTERPRETATION,MVP vs wizja,Wąski pilot,Iteracyjne testy,`/zmiana-zawodu`,§57 nie wszystkoMVP,NO — zachowanie/doprecyzowanie,"R071: MVP proces i jawność; economics,wallet,assessment etapami bez usuwania z wizji",FOUNDER DECISION; sequencing proposal,GATES PER MODULE,ACCEPT WITH MODIFICATION,"18,19",R071
WEB-1339-01,WEB,24,1339,24. Immediate Actions / P1 — acquisition infrastructure / 7. Utworzyć 8–12 landingów zamiast jednego „Faro”,`/praca-po-przerwie`,RECOMMENDATION / INTERPRETATION,MVP vs wizja,Wąski pilot,Iteracyjne testy,`/praca-po-przerwie`,§57 nie wszystkoMVP,NO — zachowanie/doprecyzowanie,"R071: MVP proces i jawność; economics,wallet,assessment etapami bez usuwania z wizji",FOUNDER DECISION; sequencing proposal,GATES PER MODULE,ACCEPT WITH MODIFICATION,"18,19",R071
WEB-1340-01,WEB,24,1340,24. Immediate Actions / P1 — acquisition infrastructure / 7. Utworzyć 8–12 landingów zamiast jednego „Faro”,`/praca-zdalna`,RECOMMENDATION / INTERPRETATION,MVP vs wizja,Wąski pilot,Iteracyjne testy,`/praca-zdalna`,§57 nie wszystkoMVP,NO — zachowanie/doprecyzowanie,"R071: MVP proces i jawność; economics,wallet,assessment etapami bez usuwania z wizji",FOUNDER DECISION; sequencing proposal,GATES PER MODULE,ACCEPT WITH MODIFICATION,"18,19",R071
WEB-1341-01,WEB,24,1341,24. Immediate Actions / P1 — acquisition infrastructure / 7. Utworzyć 8–12 landingów zamiast jednego „Faro”,`/brutto-netto`,RECOMMENDATION / INTERPRETATION,Netto engine,Niepełny,Nie waliduje podatków,`/brutto-netto`,§49: netto nie własnością oferty,NO — zachowanie/doprecyzowanie,R049: Scenariusz użytkownika + wersja prawa + zakres niepewności,FOUNDER DECISION; podatki REVIEW,TAX GATE,ACCEPT WITH MODIFICATION,13,R049
WEB-1342-01,WEB,24,1342,24. Immediate Actions / P1 — acquisition infrastructure / 7. Utworzyć 8–12 landingów zamiast jednego „Faro”,`/koszt-dojazdu`,RECOMMENDATION / INTERPRETATION,Routing/tariff,Koszty nie gotowe,Dojazd ma znaczenie,`/koszt-dojazdu`,§48: warstwy oddzielne,NO — zachowanie/doprecyzowanie,"R048: Nieznana taryfa=null, nie0; transitFare nie zawsze dostępne",PRIMARY DOC S08,LICENSE REVIEW,ACCEPT WITH MODIFICATION,13,R048
WEB-1343-01,WEB,24,1343,24. Immediate Actions / P1 — acquisition infrastructure / 7. Utworzyć 8–12 landingów zamiast jednego „Faro”,`/porownaj-oferty`,RECOMMENDATION / INTERPRETATION,MVP vs wizja,Wąski pilot,Iteracyjne testy,`/porownaj-oferty`,§57 nie wszystkoMVP,NO — zachowanie/doprecyzowanie,"R071: MVP proces i jawność; economics,wallet,assessment etapami bez usuwania z wizji",FOUNDER DECISION; sequencing proposal,GATES PER MODULE,ACCEPT WITH MODIFICATION,"18,19",R071
WEB-1349-01,WEB,24,1349,24. Immediate Actions / P2 — employer seed / 8. Zbudować Founder Employer Program,Nie „wrzuć darmowe ogłoszenie”.,RECOMMENDATION / INTERPRETATION,Free-first,Free core i możliwy płatny pilot,Kandydat bez opłat,Nie „wrzuć darmowe ogłoszenie”.,§36: obie strony darmowe,YES — korekta / ograniczenie / niepotwierdzona teza,R033: Cały startowy produkt bezpłatny; zero komunikatu Free Plan,FOUNDER DECISION,TERMS REVIEW,ACCEPT WITH MODIFICATION,"15,16,18",R033
WEB-1351-01,WEB,24,1351,24. Immediate Actions / P2 — employer seed / 8. Zbudować Founder Employer Program,Raczej:,RECOMMENDATION / INTERPRETATION,Nationwide,Trójmiasto/operacje jako pierwszy rynek,Nationwide nie usuwa nierówności,Raczej:,§39: publicznie cała Polska,YES — korekta / ograniczenie / niepotwierdzona teza,R036: Żadnego geofence; budżet kampanii można koncentrować w komórkach,FOUNDER DECISION; liquidity risk,MARKETING REVIEW,ACCEPT WITH MODIFICATION,"15,16,18",R036
WEB-1353-01,WEB,24,1353,24. Immediate Actions / P2 — employer seed / 8. Zbudować Founder Employer Program,"> „Zaprojektujemy z Tobą pierwszą rekrutację skills-first i pokażemy, jak kandydaci przechodzą proces.”",RECOMMENDATION / INTERPRETATION,Nationwide,Trójmiasto/operacje jako pierwszy rynek,Nationwide nie usuwa nierówności,"> „Zaprojektujemy z Tobą pierwszą rekrutację skills-first i pokażemy, jak kandydaci przechodzą proces.”",§39: publicznie cała Polska,YES — korekta / ograniczenie / niepotwierdzona teza,R036: Żadnego geofence; budżet kampanii można koncentrować w komórkach,FOUNDER DECISION; liquidity risk,MARKETING REVIEW,ACCEPT WITH MODIFICATION,"15,16,18",R036
WEB-1355-01,WEB,24,1355,24. Immediate Actions / P2 — employer seed / 8. Zbudować Founder Employer Program,To daje Faro dane jakościowe.,RECOMMENDATION / INTERPRETATION,Nationwide,Trójmiasto/operacje jako pierwszy rynek,Nationwide nie usuwa nierówności,To daje Faro dane jakościowe.,§39: publicznie cała Polska,YES — korekta / ograniczenie / niepotwierdzona teza,R036: Żadnego geofence; budżet kampanii można koncentrować w komórkach,FOUNDER DECISION; liquidity risk,MARKETING REVIEW,ACCEPT WITH MODIFICATION,"15,16,18",R036
WEB-1363-01,WEB,24,1363,24. Immediate Actions / P3 — assessment / 10. Nie budować od razu setek testów,Najpierw 5–10 occupation families:,RECOMMENDATION / INTERPRETATION,Assessment Center,Wersjonowane zadania,Walidacja i proporcjonalność,Najpierw 5–10 occupation families:,"§26: typ, liczba, limit, termin przed Start",NO — zachowanie/doprecyzowanie,R026: Timer serwerowy od jawnego Start; deadline niezależny,FOUNDER DECISION,AI/GDPR/EQUALITY REVIEW,ACCEPT WITH MODIFICATION,10,R026
WEB-1365-01,WEB,24,1365,24. Immediate Actions / P3 — assessment / 10. Nie budować od razu setek testów,"- customer service,",RECOMMENDATION / INTERPRETATION,Assessment Center,Wersjonowane zadania,Walidacja i proporcjonalność,"- customer service,","§26: typ, liczba, limit, termin przed Start",NO — zachowanie/doprecyzowanie,R026: Timer serwerowy od jawnego Start; deadline niezależny,FOUNDER DECISION,AI/GDPR/EQUALITY REVIEW,ACCEPT WITH MODIFICATION,10,R026
WEB-1366-01,WEB,24,1366,24. Immediate Actions / P3 — assessment / 10. Nie budować od razu setek testów,"- sales,",RECOMMENDATION / INTERPRETATION,Assessment Center,Wersjonowane zadania,Walidacja i proporcjonalność,"- sales,","§26: typ, liczba, limit, termin przed Start",NO — zachowanie/doprecyzowanie,R026: Timer serwerowy od jawnego Start; deadline niezależny,FOUNDER DECISION,AI/GDPR/EQUALITY REVIEW,ACCEPT WITH MODIFICATION,10,R026
WEB-1367-01,WEB,24,1367,24. Immediate Actions / P3 — assessment / 10. Nie budować od razu setek testów,"- logistics/warehouse,",RECOMMENDATION / INTERPRETATION,Assessment Center,Wersjonowane zadania,Walidacja i proporcjonalność,"- logistics/warehouse,","§26: typ, liczba, limit, termin przed Start",NO — zachowanie/doprecyzowanie,R026: Timer serwerowy od jawnego Start; deadline niezależny,FOUNDER DECISION,AI/GDPR/EQUALITY REVIEW,ACCEPT WITH MODIFICATION,10,R026
WEB-1368-01,WEB,24,1368,24. Immediate Actions / P3 — assessment / 10. Nie budować od razu setek testów,"- retail,",RECOMMENDATION / INTERPRETATION,Assessment Center,Wersjonowane zadania,Walidacja i proporcjonalność,"- retail,","§26: typ, liczba, limit, termin przed Start",NO — zachowanie/doprecyzowanie,R026: Timer serwerowy od jawnego Start; deadline niezależny,FOUNDER DECISION,AI/GDPR/EQUALITY REVIEW,ACCEPT WITH MODIFICATION,10,R026
WEB-1369-01,WEB,24,1369,24. Immediate Actions / P3 — assessment / 10. Nie budować od razu setek testów,"- administration,",RECOMMENDATION / INTERPRETATION,Assessment Center,Wersjonowane zadania,Walidacja i proporcjonalność,"- administration,","§26: typ, liczba, limit, termin przed Start",NO — zachowanie/doprecyzowanie,R026: Timer serwerowy od jawnego Start; deadline niezależny,FOUNDER DECISION,AI/GDPR/EQUALITY REVIEW,ACCEPT WITH MODIFICATION,10,R026
WEB-1370-01,WEB,24,1370,24. Immediate Actions / P3 — assessment / 10. Nie budować od razu setek testów,"- production,",RECOMMENDATION / INTERPRETATION,Assessment Center,Wersjonowane zadania,Walidacja i proporcjonalność,"- production,","§26: typ, liczba, limit, termin przed Start",NO — zachowanie/doprecyzowanie,R026: Timer serwerowy od jawnego Start; deadline niezależny,FOUNDER DECISION,AI/GDPR/EQUALITY REVIEW,ACCEPT WITH MODIFICATION,10,R026
WEB-1371-01,WEB,24,1371,24. Immediate Actions / P3 — assessment / 10. Nie budować od razu setek testów,"- entry IT,",RECOMMENDATION / INTERPRETATION,Assessment Center,Wersjonowane zadania,Walidacja i proporcjonalność,"- entry IT,","§26: typ, liczba, limit, termin przed Start",NO — zachowanie/doprecyzowanie,R026: Timer serwerowy od jawnego Start; deadline niezależny,FOUNDER DECISION,AI/GDPR/EQUALITY REVIEW,ACCEPT WITH MODIFICATION,10,R026
WEB-1372-01,WEB,24,1372,24. Immediate Actions / P3 — assessment / 10. Nie budować od razu setek testów,"- marketing,",RECOMMENDATION / INTERPRETATION,Assessment Center,Wersjonowane zadania,Walidacja i proporcjonalność,"- marketing,","§26: typ, liczba, limit, termin przed Start",NO — zachowanie/doprecyzowanie,R026: Timer serwerowy od jawnego Start; deadline niezależny,FOUNDER DECISION,AI/GDPR/EQUALITY REVIEW,ACCEPT WITH MODIFICATION,10,R026
WEB-1373-01,WEB,24,1373,24. Immediate Actions / P3 — assessment / 10. Nie budować od razu setek testów,"- finance/Excel,",RECOMMENDATION / INTERPRETATION,Assessment Center,Wersjonowane zadania,Walidacja i proporcjonalność,"- finance/Excel,","§26: typ, liczba, limit, termin przed Start",NO — zachowanie/doprecyzowanie,R026: Timer serwerowy od jawnego Start; deadline niezależny,FOUNDER DECISION,AI/GDPR/EQUALITY REVIEW,ACCEPT WITH MODIFICATION,10,R026
WEB-1374-01,WEB,24,1374,24. Immediate Actions / P3 — assessment / 10. Nie budować od razu setek testów,- hospitality/services.,RECOMMENDATION / INTERPRETATION,Assessment Center,Wersjonowane zadania,Walidacja i proporcjonalność,- hospitality/services.,"§26: typ, liczba, limit, termin przed Start",NO — zachowanie/doprecyzowanie,R026: Timer serwerowy od jawnego Start; deadline niezależny,FOUNDER DECISION,AI/GDPR/EQUALITY REVIEW,ACCEPT WITH MODIFICATION,10,R026
WEB-1376-01,WEB,24,1376,24. Immediate Actions / P3 — assessment / 10. Nie budować od razu setek testów,"I przede wszystkim testować **candidate completion + perceived fairness**, nie tylko predictive score.",RECOMMENDATION / INTERPRETATION,Ranking wyników rekrutacji,Ostrożność wobec % ludzi,Uogólniony sprzeciw wobec rankingu,"I przede wszystkim testować **candidate completion + perceived fairness**, nie tylko predictive score.",§30: ranking wyników dozwolony,YES — korekta / ograniczenie / niepotwierdzona teza,R030: Tylko porównywalne wersje i rubryki jednej rekrutacji; człowiek decyduje,FOUNDER DECISION; EVIDENCE CONFLICT,AI/GDPR GATE,ACCEPT WITH MODIFICATION,"10,17",R030
WEB-1382-01,WEB,24,1382,24. Immediate Actions / P4 — cold start / 11. Nationwide launch pozostaje bez zmian,Ale każdą złotówkę acquisition mierzyć w układzie:,RECOMMENDATION / INTERPRETATION,Nationwide,Trójmiasto/operacje jako pierwszy rynek,Nationwide nie usuwa nierówności,Ale każdą złotówkę acquisition mierzyć w układzie:,§39: publicznie cała Polska,YES — korekta / ograniczenie / niepotwierdzona teza,R036: Żadnego geofence; budżet kampanii można koncentrować w komórkach,FOUNDER DECISION; liquidity risk,MARKETING REVIEW,ACCEPT WITH MODIFICATION,"15,16,18",R036
WEB-1384-01,WEB,24,1384,24. Immediate Actions / P4 — cold start / 11. Nationwide launch pozostaje bez zmian,`occupation × geography/work model × source`,RECOMMENDATION / INTERPRETATION,Nationwide,Trójmiasto/operacje jako pierwszy rynek,Nationwide nie usuwa nierówności,`occupation × geography/work model × source`,§39: publicznie cała Polska,YES — korekta / ograniczenie / niepotwierdzona teza,R036: Żadnego geofence; budżet kampanii można koncentrować w komórkach,FOUNDER DECISION; liquidity risk,MARKETING REVIEW,ACCEPT WITH MODIFICATION,"15,16,18",R036
WEB-1386-01,WEB,24,1386,24. Immediate Actions / P4 — cold start / 11. Nationwide launch pozostaje bez zmian,a nie „cała Polska”.,RECOMMENDATION / INTERPRETATION,Nationwide,Trójmiasto/operacje jako pierwszy rynek,Nationwide nie usuwa nierówności,a nie „cała Polska”.,§39: publicznie cała Polska,YES — korekta / ograniczenie / niepotwierdzona teza,R036: Żadnego geofence; budżet kampanii można koncentrować w komórkach,FOUNDER DECISION; liquidity risk,MARKETING REVIEW,ACCEPT WITH MODIFICATION,"15,16,18",R036
WEB-1390-01,WEB,24,1390,24. Immediate Actions / P4 — cold start / 12. Najpierw zbudować single-player value,To może być kluczowa decyzja strategiczna całego Faro:,RECOMMENDATION / INTERPRETATION,MVP vs wizja,Wąski pilot,Iteracyjne testy,To może być kluczowa decyzja strategiczna całego Faro:,§57 nie wszystkoMVP,NO — zachowanie/doprecyzowanie,"R071: MVP proces i jawność; economics,wallet,assessment etapami bez usuwania z wizji",FOUNDER DECISION; sequencing proposal,GATES PER MODULE,ACCEPT WITH MODIFICATION,"18,19",R071
WEB-1392-01,WEB,24,1392,24. Immediate Actions / P4 — cold start / 12. Najpierw zbudować single-player value,"> **Faro powinno być użyteczne nawet wtedy, gdy jeszcze nie ma idealnej oferty.**",RECOMMENDATION / INTERPRETATION,MVP vs wizja,Wąski pilot,Iteracyjne testy,"> **Faro powinno być użyteczne nawet wtedy, gdy jeszcze nie ma idealnej oferty.**",§57 nie wszystkoMVP,NO — zachowanie/doprecyzowanie,"R071: MVP proces i jawność; economics,wallet,assessment etapami bez usuwania z wizji",FOUNDER DECISION; sequencing proposal,GATES PER MODULE,ACCEPT WITH MODIFICATION,"18,19",R071
WEB-1394-01,WEB,24,1394,24. Immediate Actions / P4 — cold start / 12. Najpierw zbudować single-player value,"Jeżeli użytkownik może dzięki Faro zrozumieć swoje kompetencje, policzyć realną wartość pracy, porównać oferty, zobaczyć luki i zdecydować co dalej, to marketplace nie zaczyna od zera.",RECOMMENDATION / INTERPRETATION,MVP vs wizja,Wąski pilot,Iteracyjne testy,"Jeżeli użytkownik może dzięki Faro zrozumieć swoje kompetencje, policzyć realną wartość pracy, porównać oferty, zobaczyć luki i zdecydować co dalej, to marketplace nie zaczyna od zera.",§57 nie wszystkoMVP,NO — zachowanie/doprecyzowanie,"R071: MVP proces i jawność; economics,wallet,assessment etapami bez usuwania z wizji",FOUNDER DECISION; sequencing proposal,GATES PER MODULE,ACCEPT WITH MODIFICATION,"18,19",R071
WEB-1400-01,WEB,24,1400,Wniosek końcowy,Po tym skanie zmieniłbym definicję Faro z:,RECOMMENDATION / INTERPRETATION,MVP vs wizja,Wąski pilot,Iteracyjne testy,Po tym skanie zmieniłbym definicję Faro z:,§57 nie wszystkoMVP,NO — zachowanie/doprecyzowanie,"R071: MVP proces i jawność; economics,wallet,assessment etapami bez usuwania z wizji",FOUNDER DECISION; sequencing proposal,GATES PER MODULE,ACCEPT WITH MODIFICATION,"18,19",R071
WEB-1402-01,WEB,24,1402,Wniosek końcowy,**„nowoczesna platforma rekrutacyjna skills-first”**,RECOMMENDATION / INTERPRETATION,MVP vs wizja,Wąski pilot,Iteracyjne testy,**„nowoczesna platforma rekrutacyjna skills-first”**,§57 nie wszystkoMVP,NO — zachowanie/doprecyzowanie,"R071: MVP proces i jawność; economics,wallet,assessment etapami bez usuwania z wizji",FOUNDER DECISION; sequencing proposal,GATES PER MODULE,ACCEPT WITH MODIFICATION,"18,19",R071
WEB-1404-01,WEB,24,1404,Wniosek końcowy,na coś znacznie szerszego:,RECOMMENDATION / INTERPRETATION,MVP vs wizja,Wąski pilot,Iteracyjne testy,na coś znacznie szerszego:,§57 nie wszystkoMVP,NO — zachowanie/doprecyzowanie,"R071: MVP proces i jawność; economics,wallet,assessment etapami bez usuwania z wizji",FOUNDER DECISION; sequencing proposal,GATES PER MODULE,ACCEPT WITH MODIFICATION,"18,19",R071
WEB-1406-01,WEB,24,1406,Wniosek końcowy,"> **Faro jest systemem podejmowania decyzji na rynku pracy, który następnie łączy kandydata z pracodawcą.**",RECOMMENDATION / INTERPRETATION,MVP vs wizja,Wąski pilot,Iteracyjne testy,"> **Faro jest systemem podejmowania decyzji na rynku pracy, który następnie łączy kandydata z pracodawcą.**",§57 nie wszystkoMVP,NO — zachowanie/doprecyzowanie,"R071: MVP proces i jawność; economics,wallet,assessment etapami bez usuwania z wizji",FOUNDER DECISION; sequencing proposal,GATES PER MODULE,ACCEPT WITH MODIFICATION,"18,19",R071
WEB-1408-01,WEB,24,1408,Wniosek końcowy,"Marketplace jest ważny, ale **nie powinien być jedynym źródłem wartości**.",RECOMMENDATION / INTERPRETATION,MVP vs wizja,Wąski pilot,Iteracyjne testy,"Marketplace jest ważny, ale **nie powinien być jedynym źródłem wartości**.",§57 nie wszystkoMVP,NO — zachowanie/doprecyzowanie,"R071: MVP proces i jawność; economics,wallet,assessment etapami bez usuwania z wizji",FOUNDER DECISION; sequencing proposal,GATES PER MODULE,ACCEPT WITH MODIFICATION,"18,19",R071
WEB-1410-01,WEB,24,1410,Wniosek końcowy,Największego potencjału nie widzę w samym „braku CV”. Widzę go w połączeniu:,RECOMMENDATION / INTERPRETATION,CV,Brak wymaganego CV; prywatny import później,"Skills-first, ale CV traktowane jako jeden predyktor",Największego potencjału nie widzę w samym „braku CV”. Widzę go w połączeniu:,§2: dokument nigdy do firmy,YES — korekta / ograniczenie / niepotwierdzona teza,R001: ZERO CV w procesie; przyszły import tylko prywatny,FOUNDER DECISION,GDPR REVIEW,ACCEPT WITH MODIFICATION,"03,05,06,07",R001
WEB-1412-01,WEB,24,1412,Wniosek końcowy,**doświadczenie → ukryte kompetencje → dowody → możliwe role → realne oferty → realny wpływ na życie → transparentna decyzja → transparentny proces → feedback → następny krok.**,RECOMMENDATION / INTERPRETATION,Powód odrzucenia,Ustrukturyzowany powód,Wymuszenie pola; brak dowodu jakości,**doświadczenie → ukryte kompetencje → dowody → możliwe role → realne oferty → realny wpływ na życie → transparentna decyzja → transparentny proces → feedback → następny krok.**,§15: konkretne wymaganie,NO — zachowanie/doprecyzowanie,R015: ReasonCode oraz requirementId przy porównaniu; brak fikcyjnego braku kompetencji,FOUNDER DECISION; skuteczność HYPOTHESIS,EQUALITY/GDPR REVIEW,ACCEPT WITH MODIFICATION,"06,11",R015
WEB-1414-01,WEB,24,1414,Wniosek końcowy,"Wtedy **„Faro. Wiesz, co dalej.”** przestaje być tylko hasłem i staje się architekturą produktu.",RECOMMENDATION / INTERPRETATION,MVP vs wizja,Wąski pilot,Iteracyjne testy,"Wtedy **„Faro. Wiesz, co dalej.”** przestaje być tylko hasłem i staje się architekturą produktu.",§57 nie wszystkoMVP,NO — zachowanie/doprecyzowanie,"R071: MVP proces i jawność; economics,wallet,assessment etapami bez usuwania z wizji",FOUNDER DECISION; sequencing proposal,GATES PER MODULE,ACCEPT WITH MODIFICATION,"18,19",R071
